date,platform,sort_type,main_ingredients,product_name,review_count,review_rating,skin_type,review_text,url
2026-05-03,oliveyoung,신상품순,,쥬베룩 PDLLA 리파이닝 퍼스트 에센스 150ml,31,5,건성,?쥬베룩 에센스 처음 써보는데 물처럼 가볍게 슥 스며들어서 세안하고 첫 단계에 바르기 진짜 편해요!! 요즘 피부 결이 거칠어서 고민이었는데 이거 바르면 수분이 바로 채워지면서 피부가 매끈해지는 느낌이라 아침저녁으로 계속 손이 가더라고요~~! 자극도 없고 순해서 피부 컨디션 안 좋을 때 막 발라도 부담 없어서 너무 좋아서 꾸준히 써보려구요!,https://www.oliveyoung.co.kr/store/goods/getGoodsDetail.do?goodsNo=A000000254332&dispCatNo=100000100010014&trackingCd=Cat100000100010014_Small&t_page=카테고리관&t_click=에센스/세럼/앰플_전체__상품상세&t_number=4
2026-05-03,oliveyoung,신상품순,,쥬베룩 PDLLA 리파이닝 퍼스트 에센스 150ml,31,5,없음,"쥬베룩이 엄청 유명하자나요. 이번에 화장품으로도 나왔길래 너무 관심있어서 구입했답니다. 제가 구입한건 쥬베룩 PDLLA 리파이닝 퍼스트에센스로 피부 리부팅에 좋은 성분이 들어가 있다고해요. 직접 써보니 맑은 스킨~콧물제형의 중간정도로 발림성도 좋고 퍼스트에센스로 쓰기 좋더라구요. 좋은건 많이 흡수해주면 좋을것같아, 세안후 첫번째 에센스로 써주고 있고, 건조할땐 레이어링해주듯 한번더 손의 체온으로 발라주니 피부가 정돈되는 느낌이예요. 스킨팩으로 써도 좋대서 꾸준히 사용하려구요.",https://www.oliveyoung.co.kr/store/goods/getGoodsDetail.do?goodsNo=A000000254332&dispCatNo=100000100010014&trackingCd=Cat100000100010014_Small&t_page=카테고리관&t_click=에센스/세럼/앰플_전체__상품상세&t_number=4
2026-05-03,oliveyoung,신상품순,,쥬베룩 PDLLA 리파이닝 퍼스트 에센스 150ml,31,5,복합성,쥬베룩을 얼굴에 맞아보고 만족햇엇는데 이번에 스킨케어제품도 나와서 구매해봣어요 에센스가 물보단 약간점성이잇고 각질제거성분이 들어잇어 피부결 톤정리도되고 묵은피지같은것도 정리되는거같고 바로 흡수가되면서 은은한 광이 돌아요 끈적이는것도없고 피부결이 부들부들해져서 좋아요!,https://www.oliveyoung.co.kr/store/goods/getGoodsDetail.do?goodsNo=A000000254332&dispCatNo=100000100010014&trackingCd=Cat100000100010014_Small&t_page=카테고리관&t_click=에센스/세럼/앰플_전체__상품상세&t_number=4
2026-05-03,oliveyoung,신상품순,,쥬베룩 PDLLA 리파이닝 퍼스트 에센스 150ml,31,5,복합성,"쥬베룩에서 출시한 화장품이라고해서 많이 기대한 1인 입니다! 출시한 제품 라인업중에서 스킨케어 첫단계가 중요하고 퍼스트에센스는 닦토,일반스킨과는 또 달라서 구매해봤는데요. 일단 아주 살짝 점도가 있지만 흐르는 제형이라 피부결에 쓱쓱 잘 발라져요. 요즘 피부결 푸석한게 고민이었는데 흡수도 잘되고 바르고나면 피부결도 살고 촉촉해지는게 다음단계 스킨케어도 더 잘 먹는 느낌도 들어서 첫 느낌이 좋아요. 우선 꾸준히 써보고 한달 후기도 올려볼게요!",https://www.oliveyoung.co.kr/store/goods/getGoodsDetail.do?goodsNo=A000000254332&dispCatNo=100000100010014&trackingCd=Cat100000100010014_Small&t_page=카테고리관&t_click=에센스/세럼/앰플_전체__상품상세&t_number=4
2026-05-03,oliveyoung,신상품순,,쥬베룩 PDLLA 리파이닝 퍼스트 에센스 150ml,31,5,복합성,"세안 후 첫 단계에서 쓰기 좋은 에센스라 욕실에두고 씻은후 가장먼저 쓰고있어요. 물보다는 살짝 점성이있는 제형인데 피부에 닿으면 촉촉하게 밀착돼요. 끈적임 없이 빠르게 흡수되면서 속건조를 잡아주는 느낌이라 여러 번 레이어링해도 부담 없고, 피부결이 정돈되면서 은은하게 윤기가 돌아 데일리로 쓰기 좋아요.",https://www.oliveyoung.co.kr/store/goods/getGoodsDetail.do?goodsNo=A000000254332&dispCatNo=100000100010014&trackingCd=Cat100000100010014_Small&t_page=카테고리관&t_click=에센스/세럼/앰플_전체__상품상세&t_number=4
2026-05-03,oliveyoung,신상품순,,쥬베룩 PDLLA 리파이닝 퍼스트 에센스 150ml,31,5,건성,"쥬베룩은 피부과에서 워낙 유명한 브랜드라 올리브영에 보이길래 바로 구매했음?? 제형은 콧물 에센스처럼 약간의 점성이 느껴지는데, 막상 펴 바르면 끈적임 없이 피부에 스며드는 게 아주 굿굿 장점?? 향에 민감한 편인데 무향이라 부담 없었고, 나이트 케어 때 레이어링 해서 발라주면 다음 날 피부 결이 확실히 매끈해진 게 체감되더라고요! 피부과 브랜드라 그런가 효과가 바로?? 아쉬운점은 가격이죠?? 비싸서 재구매는 고민해보긴 해야할것같아요",https://www.oliveyoung.co.kr/store/goods/getGoodsDetail.do?goodsNo=A000000254332&dispCatNo=100000100010014&trackingCd=Cat100000100010014_Small&t_page=카테고리관&t_click=에센스/세럼/앰플_전체__상품상세&t_number=4
2026-05-03,oliveyoung,신상품순,,쥬베룩 PDLLA 리파이닝 퍼스트 에센스 150ml,31,5,건성,스킨케어 첫 단계가 가장 중요하다는 얘기를 듣고 쥬베룩 퍼스트 에센스를 구매해봤는데 일단 제형이 점도가 있는 편이라 역시 좋은 성분이 들어있는게 느껴졌어요! 그렇다고 너무 점성이 있지는 않고 흐르면서 흡수가 잘 되는 편이라 바르기 편해요! 며칠 사용해보고 일단 뚜렷히 보이는 효과는 확실히 각질 정리가 잘 된다는 거예요! 오랜 시간 화장을 하면 볼 쪽에 각질 부각이 일어나는데 쥬베룩 에센스를 사용하고 각질 부각을 잘 못 느껴서 만족스러워요 꾸준히 사용해 볼 생각입니다,https://www.oliveyoung.co.kr/store/goods/getGoodsDetail.do?goodsNo=A000000254332&dispCatNo=100000100010014&trackingCd=Cat100000100010014_Small&t_page=카테고리관&t_click=에센스/세럼/앰플_전체__상품상세&t_number=4
2026-05-03,oliveyoung,신상품순,,쥬베룩 PDLLA 리파이닝 퍼스트 에센스 150ml,31,5,없음,쥬베룩에서 만들었다니 믿음이 가서 구매해봤습니다 피부 투명도 개선이랑 각질 개선에 좋다더니 실제로 사용해보니 각질에 확실히 좋네요 코 옆 이마에 각질 뜨던게 사라지고 속건조도 훨씬 덜해요 투명도 개선은 좀 더 두고 봐야 알겠지만 바르면서 딱 느껴집니다 수분감이 코팅되는 느낌 피부가 부들부들 탱탱한게 느껴져요 역시 화장품은 유명하고 너무 싸지 않은 곳에서 시켜야 맞는거같아요 처음 왔을때 손등에 테스트 해봤는데 수분감 부족한 애들은 바로 쓱 스며서 바른 티도 안나는데 수분감이 방울방울 남길래 놀라웠습니다,https://www.oliveyoung.co.kr/store/goods/getGoodsDetail.do?goodsNo=A000000254332&dispCatNo=100000100010014&trackingCd=Cat100000100010014_Small&t_page=카테고리관&t_click=에센스/세럼/앰플_전체__상품상세&t_number=4
2026-05-03,oliveyoung,신상품순,,쥬베룩 PDLLA 리파이닝 퍼스트 에센스 150ml,31,5,없음,완전히 물제형은 아니면서 싹 스며들고 촉촉하네요 피부에 닿는 순간 쫀쫀하게 스며드는 제형이 정말 만족스러워요. PDLLA 성분이 들어있어서 그런지 꾸준히 사용할수록 피부 속부터 은은한 광채가 올라오고 결이 매끈해지는 게 느껴집니다. 자극 없이 순하면서도 보습력이 훌륭해 다음 단계 화장도 훨씬 잘 먹네요. 탄력과 생기를 동시에 챙기고 싶은 분들께 정착템으로 추천합니다!,https://www.oliveyoung.co.kr/store/goods/getGoodsDetail.do?goodsNo=A000000254332&dispCatNo=100000100010014&trackingCd=Cat100000100010014_Small&t_page=카테고리관&t_click=에센스/세럼/앰플_전체__상품상세&t_number=4
2026-05-03,oliveyoung,신상품순,,쥬베룩 PDLLA 리파이닝 퍼스트 에센스 150ml,31,5,없음,쥬베룩에서 화장품이 출시되었다고해서 궁금해서 주문해봤어요! 다소 점성 있는 제형인데 피부에 바르면 완전 촉촉하게 발리고 흡수가 잘됩니다! 보습에도 좋고 저녁에 스킨케어 단계에서 에센스를 바르고 자면 다음날 화장도 더 잘 먹는것 같아서 추천드립니다~~,https://www.oliveyoung.co.kr/store/goods/getGoodsDetail.do?goodsNo=A000000254332&dispCatNo=100000100010014&trackingCd=Cat100000100010014_Small&t_page=카테고리관&t_click=에센스/세럼/앰플_전체__상품상세&t_number=4
2026-05-03,oliveyoung,신상품순,,쥬베룩 PDLLA 콜라겐 부스팅 앰플 20g,50,5,복합성,"요즘 탄력 떨어지고 모공도 점점 커지는 것 같아서 쥬베룩 앰플 샀어요! 원래 시술로 유명한 라인이라 화장품도 비슷한 느낌일까 궁금했는데 집에서 관리용으로 쓰기엔 생각보다 괜찮은 제품이었서요 패키지부터 고급짐,,, 딱 내 취향저격 일단 제형은 일반 앰플보다 살짝 점도 있는 편이예요 끈적한 느낌은 아니고 피부에 밀착됨!! 흡수도 빠르게 잘 됩니당 가장 처음에는 피부결 정돈되는 느낌을 받았어요! 먼가 부들부들해짐 탄력부분은 한두번 바르고 바로 탱탱 이건 아니지만 꾸준히 쓰면 확실히 효과 볼 것 같트요 콜라겐 생성이 단기간에 빠르게 되지는 않아서 시간을 두고 봐야할 것 같네요 그리고 제가 피부가 민감한 편인데 자극 아예 못 느꼈슴니당 효과랑 제품력은 너무우우 좋지만 용량이랑 가격이,,, 초큼 사악하네요 그래도 저는 아껴쓰면서 재구매 예정 있어요! 제 리뷰가 도움이 되셨다면 좋아요 버튼?? 부탁드려요????",https://www.oliveyoung.co.kr/store/goods/getGoodsDetail.do?goodsNo=A000000254331&dispCatNo=100000100010014&trackingCd=Cat100000100010014_Small&t_page=카테고리관&t_click=에센스/세럼/앰플_전체__상품상세&t_number=5
2026-05-03,oliveyoung,신상품순,,쥬베룩 PDLLA 콜라겐 부스팅 앰플 20g,50,5,복합성,"유명한 쥬베룩 앰플이 올영에 입점된다길래 오픈런(?) 바로 뛰었죠~ 원래 써본 제품인데 요즘처럼 환절기, 더워지기 시작하는 날씨에 이 앰플을 사용하면 피부 컨디션을 끌어올리기 좋아요! 탄력이나 모공, 결 고민이 한 번에 느껴질 때 써봤는데 겉만 번들거리는 느낌이 아니라 속에서부터 차오르는 듯한 쫀쫀함이 확실히 다르긴 달라요 바르고 자면 다음 날 아침에 피부 밀도감이 달라진 느낌이라 이 부분이 제일 만족스러워요 일반 속건조만 잡아주는 앰플들이랑 다르게 깊이가 있는 느낌? 제형은 고농축 앰플인데도 생각보다 가볍고 흡수가 빠른 편이라 부담 없이 쓰기 좋았어요 투명한 색상이고 끈적임 없이 매끈하게 마무리돼서 다음 단계 스킨케어도 밀림 없이 잘 올라가요! 쌩얼일 때 은은하게 속광 올라오는 것도 만족스러워요 ㅎ 피부과 매번 가기는 부담스럽고 저렴한 앰플은 효과 보기 어려울 때 집에서 에스테틱 느낌 내면서 사용하기 충분히 괜찮은 제품! 가격이 조금 진입장벽이지만... 올영 입점됐으니 저처럼 포인트, 쿠폰, 기프트카드 모아서 한번 구매해보세용 ㅋㅋ",https://www.oliveyoung.co.kr/store/goods/getGoodsDetail.do?goodsNo=A000000254331&dispCatNo=100000100010014&trackingCd=Cat100000100010014_Small&t_page=카테고리관&t_click=에센스/세럼/앰플_전체__상품상세&t_number=5
2026-05-03,oliveyoung,신상품순,,쥬베룩 PDLLA 콜라겐 부스팅 앰플 20g,50,5,건성,제형은 가볍고 촉촉한 편이에요 한 번에 펌핑되는 양이 많은 편은 아닌데 적은 양이어도 충분히 수분감 있게 촉촉하게 잘 발리고 흡수되어서 괜찮았어요 ! 스피큘이 들어가 있다고 하는데 막 느껴지는 자극감은 없어서 부담 없이 편하게 사용할 수 있을듯 ??,https://www.oliveyoung.co.kr/store/goods/getGoodsDetail.do?goodsNo=A000000254331&dispCatNo=100000100010014&trackingCd=Cat100000100010014_Small&t_page=카테고리관&t_click=에센스/세럼/앰플_전체__상품상세&t_number=5
2026-05-03,oliveyoung,신상품순,,쥬베룩 PDLLA 콜라겐 부스팅 앰플 20g,50,5,복합성,쥬베룩하면 스킨부스터 시술로 유명한데 스킨케어 제품도 있길래 믿고 구매해봤어요. 처음 발랐을 때는 일반 앰플처럼 가볍게 스며드는데 다 흡수되고 나면 피부 안쪽이 꽉 차는 것처럼 쫀쫀해지는 느낌이에요. 보통 탄력 제품은 영양감이 과해서 끈적거리거나 겉도는 경우가 많은데 이건 겉은 산뜻하게 마무리되면서 속만 탄탄하게 잡아주는 느낌이라 바르기 좋아요. 시술받기는 조금 부담스럽고 집에서 꾸준하게 피부 탄력 관리하고 싶은 분들한테 좋을 것 같아요ㅎㅎ,https://www.oliveyoung.co.kr/store/goods/getGoodsDetail.do?goodsNo=A000000254331&dispCatNo=100000100010014&trackingCd=Cat100000100010014_Small&t_page=카테고리관&t_click=에센스/세럼/앰플_전체__상품상세&t_number=5
2026-05-03,oliveyoung,신상품순,,쥬베룩 PDLLA 콜라겐 부스팅 앰플 20g,50,5,건성,앰플만 구매 했는데 써보니까 에센스랑 크림까지 다 쟁이고 싶어요ㅠㅠ 처음 쓸 때 뭔가 딸깍하면서 앰플이 적당량 나오는데 눈가나 미간 팔자 주변 신경쓰면서 전체적으로 도포했는데 잠 잘잔 피부로 만들어줘요. 쫀쫀함과 수분감이 확실히 달라요. 가격 값을 하는 것 같아요. 또 쥬베룩 제품이니까 믿고 씁니다.,https://www.oliveyoung.co.kr/store/goods/getGoodsDetail.do?goodsNo=A000000254331&dispCatNo=100000100010014&trackingCd=Cat100000100010014_Small&t_page=카테고리관&t_click=에센스/세럼/앰플_전체__상품상세&t_number=5
2026-05-03,oliveyoung,신상품순,,쥬베룩 PDLLA 콜라겐 부스팅 앰플 20g,50,5,복합성,"요거 요즘 탄력 앰플로 많이 보여서 써봤는데요, 일단 제형이 묽은 젤 느낌이라 바를 때 되게 부드럽게 펴발려요. 근데 신기한 게, 가볍게 발리는데도 흡수되고 나면 피부가 살짝 쫀쫀하게 채워진 느낌이 들더라고요. 끈적임은 거의 없얶어요",https://www.oliveyoung.co.kr/store/goods/getGoodsDetail.do?goodsNo=A000000254331&dispCatNo=100000100010014&trackingCd=Cat100000100010014_Small&t_page=카테고리관&t_click=에센스/세럼/앰플_전체__상품상세&t_number=5
2026-05-03,oliveyoung,신상품순,,쥬베룩 PDLLA 콜라겐 부스팅 앰플 20g,50,5,없음,피부에 관심있다면 쥬베룩을 모를수 없는데 여기서 나온 화장품이라니 너무 궁금했어요!! 이제 저도 노화가 시작된다는 나이를 지나오면서 콜라겐에 관심을 많이 가네요 안그래도 요즘 탄력이 떨어지면서 세로모공이 잘 보여서 스트레스인데 거기에 도움이 많이 됐으면 좋겠어요! 크기는 생각보다 작았어요! 가벼운 제형감이고 엄청 흡수도 빠르고 뭔가 찐득할줄알았는데 예상과는 다른 느낌이었고 스피큘이 들어갔다는데 자극적인 느낌 없어요!,https://www.oliveyoung.co.kr/store/goods/getGoodsDetail.do?goodsNo=A000000254331&dispCatNo=100000100010014&trackingCd=Cat100000100010014_Small&t_page=카테고리관&t_click=에센스/세럼/앰플_전체__상품상세&t_number=5
2026-05-03,oliveyoung,신상품순,,쥬베룩 PDLLA 콜라겐 부스팅 앰플 20g,50,5,복합성,펩티스큘이 들어있다고 그래서 자극적이거나 따가울까했는데 전혀 아무런 자극이 없어서 사용하기 좋은것 같아요. 제형은 묽고 투명해서 조금만 펌핑해도 얼굴에 넓게 바를수 있어서 발림성이 좋더라구요. 바르자마자 광이 나는갓 같아서 좋았어요. 주름 모공 건조 모두 고민인데 가격대비 용량이 적어서 용량만 좀 더 컷으면 좋겠어요.,https://www.oliveyoung.co.kr/store/goods/getGoodsDetail.do?goodsNo=A000000254331&dispCatNo=100000100010014&trackingCd=Cat100000100010014_Small&t_page=카테고리관&t_click=에센스/세럼/앰플_전체__상품상세&t_number=5
2026-05-03,oliveyoung,신상품순,,쥬베룩 PDLLA 콜라겐 부스팅 앰플 20g,50,5,지성,"이 글 꼭 읽어봐주세요>?? 탄력 무너지는 게 눈에 보이기 시작했다면 이 앰플, 한 번쯤은 써볼 만합니다. 탄력 관리가 필요해 보여서 쥬베룩 PDLLA 콜라겐 부스팅 앰플을 사용해봤습니다. 앰플 제형은 너무 묽지 않고 적당한 점도가 있어 피부에 밀착되듯 부드럽게 발리며, 고농축임에도 불구하고 흡수력이 꽤 좋은 편입니다. 끈적임 없이 깔끔하게 스며들고, 무향이라 향에 민감한 분들도 부담 없이 사용할 수 있는 점이 인상적이었습니다. 핵심 성분으로는 PDLLA 10mg이 함유되어 콜라겐 생성을 도와주고, 여기에 펩타이드 성분까지 더해져 탄력 케어에 집중된 구성이 특징입니다. 바른 직후에는 피부가 살짝 쫀쫀하게 잡히는 느낌이 남고, 꾸준히 사용하니 전보다 피부가 덜 푸석해 보이고 결이 한층 정돈된 느낌을 받았습니다. 즉각적인 드라마틱한 변화보다는, 점진적으로 피부 컨디션을 끌어올려주는 타입이라 데일리 탄력 관리용으로 활용하기 괜찮은 제품입니다. 전체적으로 자극 없이 무난하게 사용할 수 있었고, 재구매 의사도 충분히 있는 앰플입니다.",https://www.oliveyoung.co.kr/store/goods/getGoodsDetail.do?goodsNo=A000000254331&dispCatNo=100000100010014&trackingCd=Cat100000100010014_Small&t_page=카테고리관&t_click=에센스/세럼/앰플_전체__상품상세&t_number=5
2026-05-03,oliveyoung,신상품순,,쥬베룩 PDLLA 콜라겐 부스팅 앰플 20g,50,5,없음,"탄력 관리가 필요해 보여서 쥬베룩 PDLLA 콜라겐 부스팅 앰플을 사용했습니다. 앰플 제형은 묽지 않고 적당한 점도가 있어 피부에 밀착되듯 발리며 흡수되는 편입니다. 바른 후에는 피부가 살짝 쫀쫀하게 잡히는 느낌이 남습니다. PDLLA 10mg 함유로 콜라겐 생성을 도와주는 점이 특징이고, 여기에 펩타이드 성분까지 더해져 탄력 케어에 집중된 구성입니다. 꾸준히 사용하니 피부가 전보다 덜 푸석해 보이고 결이 조금 더 정돈된 느낌이 있습니다. 탄력 저하가 신경 쓰일 때 보조 관리용으로 활용하기 무난한 제품입니다.",https://www.oliveyoung.co.kr/store/goods/getGoodsDetail.do?goodsNo=A000000254331&dispCatNo=100000100010014&trackingCd=Cat100000100010014_Small&t_page=카테고리관&t_click=에센스/세럼/앰플_전체__상품상세&t_number=5
2026-05-03,oliveyoung,신상품순,,[토이 스토리 5] 이니스프리 레티놀 시카 흔적 앰플 30ml 리필 기획 토이 스토리 5 에디션,"14,117",5,없음,한 2년전에 3통쓰고 피부 좋아졌다가 그냥 다른것도 쓰고 하다가 최근에 다시 또 쓰기 시작했는데 역시 순함 레티놀 엄청 센것도 잘 견디는 피부인지라 지금은 피부가 뒤집힌 상태라서 이 순한걸로 쓰는데 역시 순함 밤에 바르셈 건조하지도 않음 흔적도 꾸준히 쓰면 옅어짐,https://www.oliveyoung.co.kr/store/goods/getGoodsDetail.do?goodsNo=A000000254112&dispCatNo=100000100010014&trackingCd=Cat100000100010014_Small&t_page=카테고리관&t_click=에센스/세럼/앰플_전체__상품상세&t_number=8
2026-05-03,oliveyoung,신상품순,,[토이 스토리 5] 이니스프리 레티놀 시카 흔적 앰플 30ml 리필 기획 토이 스토리 5 에디션,"14,117",5,지성,흔적 고민이라 레티놀 입문하고싶어서 이거 샀는데 자극없이 케어하기 좋아요,https://www.oliveyoung.co.kr/store/goods/getGoodsDetail.do?goodsNo=A000000254112&dispCatNo=100000100010014&trackingCd=Cat100000100010014_Small&t_page=카테고리관&t_click=에센스/세럼/앰플_전체__상품상세&t_number=8
2026-05-03,oliveyoung,신상품순,,[토이 스토리 5] 이니스프리 레티놀 시카 흔적 앰플 30ml 리필 기획 토이 스토리 5 에디션,"14,117",5,건성,"레티놀은 자극적일까 봐 걱정했는데, 이 제품은 시카 성분이 함께 들어있어 그런지 매일 사용해도 피부에 부담이 전혀 없네요. 30ml 두 개가 들어있는 더블 기획이라 하나는 쟁여두고 넉넉하게 흔적 케어를 할 수 있어 아주 든든합니다. 제형이 끈적임 없이 수분감 있게 쏙 스며들어서 다음 단계 스킨케어를 하기에도 정말 편해요. 꾸준히 사용하다 보니 울긋불긋했던 피부 흔적들이 눈에 띄게 옅어지고, 거칠었던 피부 결이 한결 매끈하고 쫀쫀해진 게 느껴집니다. 특히 갑자기 올라온 트러블 고민이나 넓어진 모공이 신경 쓰일 때 사용하면 피부 컨디션이 빠르게 회복되는 기분이에요. 성분이 순해서 레티놀 입문자분들도 안심하고 쓰기 좋을 것 같고, 저녁마다 발라주면 다음 날 아침 피부 컨디션이 확실히 달라 보여서 만족도가 매우 높습니다. 매끈하고 투명한 피부 결을 위해 꾸준히 관리하고 싶은 분들께 이번 실속 있는 더블 기획 세트 적극 추천합니다.",https://www.oliveyoung.co.kr/store/goods/getGoodsDetail.do?goodsNo=A000000254112&dispCatNo=100000100010014&trackingCd=Cat100000100010014_Small&t_page=카테고리관&t_click=에센스/세럼/앰플_전체__상품상세&t_number=8
2026-05-03,oliveyoung,신상품순,,[토이 스토리 5] 이니스프리 레티놀 시카 흔적 앰플 30ml 리필 기획 토이 스토리 5 에디션,"14,117",5,건성,레티놀인데 피부 자극이 없고 순해서 잘썼습니다!! 피부결 개선하는데 좋아요!,https://www.oliveyoung.co.kr/store/goods/getGoodsDetail.do?goodsNo=A000000254112&dispCatNo=100000100010014&trackingCd=Cat100000100010014_Small&t_page=카테고리관&t_click=에센스/세럼/앰플_전체__상품상세&t_number=8
2026-05-03,oliveyoung,신상품순,,[토이 스토리 5] 이니스프리 레티놀 시카 흔적 앰플 30ml 리필 기획 토이 스토리 5 에디션,"14,117",5,복합성,함량이 너무 낮아서 큰 효과는 모르겠어요. 입문용으로 추천드립니다.,https://www.oliveyoung.co.kr/store/goods/getGoodsDetail.do?goodsNo=A000000254112&dispCatNo=100000100010014&trackingCd=Cat100000100010014_Small&t_page=카테고리관&t_click=에센스/세럼/앰플_전체__상품상세&t_number=8
2026-05-03,oliveyoung,신상품순,,[토이 스토리 5] 이니스프리 레티놀 시카 흔적 앰플 30ml 리필 기획 토이 스토리 5 에디션,"14,117",5,복합성,"레티놀인데 생각보다 자극도 적고 좋은거같아요. 근데 피부결이나, 잡티등이 개선되는 건 아직 잘 모르겠습미다!",https://www.oliveyoung.co.kr/store/goods/getGoodsDetail.do?goodsNo=A000000254112&dispCatNo=100000100010014&trackingCd=Cat100000100010014_Small&t_page=카테고리관&t_click=에센스/세럼/앰플_전체__상품상세&t_number=8
2026-05-03,oliveyoung,신상품순,,[토이 스토리 5] 이니스프리 레티놀 시카 흔적 앰플 30ml 리필 기획 토이 스토리 5 에디션,"14,117",5,복합성,"레티놀 들어간 제품은 꼭 테스트를 해보고 사용하고, 저녁에만 발라주는 것이 좋대요! 저는 민감 수부지인데 이 제품 되게 좋았어서 피부결에 바로 티가나고 유수분 밸런스에도 이상하게 좋았어요. 두번째 구매에요 유통기한 넉넉하고 사은품 스퀴즈볼은 귀엽네요",https://www.oliveyoung.co.kr/store/goods/getGoodsDetail.do?goodsNo=A000000254112&dispCatNo=100000100010014&trackingCd=Cat100000100010014_Small&t_page=카테고리관&t_click=에센스/세럼/앰플_전체__상품상세&t_number=8
2026-05-03,oliveyoung,신상품순,,[토이 스토리 5] 이니스프리 레티놀 시카 흔적 앰플 30ml 리필 기획 토이 스토리 5 에디션,"14,117",5,지성,말랑이 너무맘에들어요????여쨔?? 흔적케어제품 다른거 많이 써봐도 효과 못봤었는데 이거 쓰고 모공줄고 흔적 옅어지는게 눈으로 보였어요 계속 바르다보면 얼굴에 각질같은게 일어나면서 얼굴이 한번 갈아엎어지는데(뒤집어지는거X) 그 후에 피부가 진짜 좋아져요,https://www.oliveyoung.co.kr/store/goods/getGoodsDetail.do?goodsNo=A000000254112&dispCatNo=100000100010014&trackingCd=Cat100000100010014_Small&t_page=카테고리관&t_click=에센스/세럼/앰플_전체__상품상세&t_number=8
2026-05-03,oliveyoung,신상품순,,[토이 스토리 5] 이니스프리 레티놀 시카 흔적 앰플 30ml 리필 기획 토이 스토리 5 에디션,"14,117",5,지성,레티놀이 잡티나 트러블 개선에 도움된다해서 사봤어요! 왕뾰루지 있었는데 좀 도움 본거 같습니다!,https://www.oliveyoung.co.kr/store/goods/getGoodsDetail.do?goodsNo=A000000254112&dispCatNo=100000100010014&trackingCd=Cat100000100010014_Small&t_page=카테고리관&t_click=에센스/세럼/앰플_전체__상품상세&t_number=8
2026-05-03,oliveyoung,신상품순,,[토이 스토리 5] 이니스프리 레티놀 시카 흔적 앰플 30ml 리필 기획 토이 스토리 5 에디션,"14,117",5,지성,vt 니들샷 100-> 이니스프리 레티놀 -> vt 피디알엔 앰플-> 바이오힐보 수분크림(맨날쓰는템) 순으로 발랏는데 레티놀이랑 니들샷이랑 궁합 ㅁㅊ음 .. ㄹㅇ 깐달걀 돼요.. 혹시나 자극잇을까봐 3일에 한 번 하는 중 근데 자극없는 거 같아요!!!!!! 완전 야르템,https://www.oliveyoung.co.kr/store/goods/getGoodsDetail.do?goodsNo=A000000254112&dispCatNo=100000100010014&trackingCd=Cat100000100010014_Small&t_page=카테고리관&t_click=에센스/세럼/앰플_전체__상품상세&t_number=8
2026-05-03,oliveyoung,신상품순,,[토이 스토리 5] 이니스프리 비타민C 그린티 엔자임 세럼 30ml 리필 기획 토이 스토리 5 에디션,"6,751",4,복합성,함량이 너무 낮아서 큰 효과는 모르겠어요. 입문용으로 추천드립니다.,https://www.oliveyoung.co.kr/store/goods/getGoodsDetail.do?goodsNo=A000000254111&dispCatNo=100000100010014&trackingCd=Cat100000100010014_Small&t_page=카테고리관&t_click=에센스/세럼/앰플_전체__상품상세&t_number=9
2026-05-03,oliveyoung,신상품순,,[토이 스토리 5] 이니스프리 비타민C 그린티 엔자임 세럼 30ml 리필 기획 토이 스토리 5 에디션,"6,751",5,없음,순수비타민 c는 아니지만 유도체인데 바르면 순해요 일단 ㅎㅎ 그리고 캡슐이 들어가있어요 바를땐 캡슐에 영향을 받진 않구요 꾸~~준히 바르면 얼굴 피부톤은 살짝 환해지긴 합니다 4계절 내내 좋구요 토너 후에 세럼 단계에서 이걸 쓰면 될 것 같아요,https://www.oliveyoung.co.kr/store/goods/getGoodsDetail.do?goodsNo=A000000254111&dispCatNo=100000100010014&trackingCd=Cat100000100010014_Small&t_page=카테고리관&t_click=에센스/세럼/앰플_전체__상품상세&t_number=9
2026-05-03,oliveyoung,신상품순,,[토이 스토리 5] 이니스프리 비타민C 그린티 엔자임 세럼 30ml 리필 기획 토이 스토리 5 에디션,"6,751",5,건성,미백 제품 중에 이렇게 자극없이 순한 제품이 있다니.. 너무 잘씀,https://www.oliveyoung.co.kr/store/goods/getGoodsDetail.do?goodsNo=A000000254111&dispCatNo=100000100010014&trackingCd=Cat100000100010014_Small&t_page=카테고리관&t_click=에센스/세럼/앰플_전체__상품상세&t_number=9
2026-05-03,oliveyoung,신상품순,,[토이 스토리 5] 이니스프리 비타민C 그린티 엔자임 세럼 30ml 리필 기획 토이 스토리 5 에디션,"6,751",5,없음,"기존에 쓰던 세럼이 거의 다 떨어져서 리필 기획으로 구매했는데, 패키지가 토이 스토리 콜라보라서 쓰는 재미도 있어서 좋았어요. 내용물은 기존이랑 동일해서 익숙하게 사용 중입니다. 텍스처는 가볍고 산뜻한 편이라 아침에도 부담 없이 바르기 좋고, 흡수도 빠른 편이라 끈적임이 거의 없어요. 바른 뒤에 피부가 답답하지 않고 깔끔하게 마무리돼서 데일리로 쓰기 괜찮았습니다. 비타민C 라인이라 그런지 피부 톤이 살짝 정돈된 느낌이 들고, 꾸준히 쓰면 더 안정적으로 관리하기 좋을 것 같아요. 자극도 강하지 않은 편이라 부담 없이 사용 가능했고, 리필 구성이라 가성비까지 챙길 수 있어서 만족스럽습니다.",https://www.oliveyoung.co.kr/store/goods/getGoodsDetail.do?goodsNo=A000000254111&dispCatNo=100000100010014&trackingCd=Cat100000100010014_Small&t_page=카테고리관&t_click=에센스/세럼/앰플_전체__상품상세&t_number=9
2026-05-03,oliveyoung,신상품순,,[토이 스토리 5] 이니스프리 비타민C 그린티 엔자임 세럼 30ml 리필 기획 토이 스토리 5 에디션,"6,751",5,지성,거의 5-6통 쓴거같아요~ 이번에도 재구매! 1+1 구성이라 오래씁니다,https://www.oliveyoung.co.kr/store/goods/getGoodsDetail.do?goodsNo=A000000254111&dispCatNo=100000100010014&trackingCd=Cat100000100010014_Small&t_page=카테고리관&t_click=에센스/세럼/앰플_전체__상품상세&t_number=9
2026-05-03,oliveyoung,신상품순,,[토이 스토리 5] 이니스프리 비타민C 그린티 엔자임 세럼 30ml 리필 기획 토이 스토리 5 에디션,"6,751",5,건성,이니스프리 비타민 세럼 자주 사용하는 세럼 세일할때 꼭 사는 제품,https://www.oliveyoung.co.kr/store/goods/getGoodsDetail.do?goodsNo=A000000254111&dispCatNo=100000100010014&trackingCd=Cat100000100010014_Small&t_page=카테고리관&t_click=에센스/세럼/앰플_전체__상품상세&t_number=9
2026-05-03,oliveyoung,신상품순,,[토이 스토리 5] 이니스프리 비타민C 그린티 엔자임 세럼 30ml 리필 기획 토이 스토리 5 에디션,"6,751",5,건성,주변 추천도 있었고 올영 리뷰도 괜찮고 거기에 원플원 기획이라 이번에 처음 구매해 보는 아이예요. 네이밍처럼 비타민C 캡슐이 있어서인지 바를 때 톡톡 터지며 흡수되는 재미가 있네요. 그래서 자극은 있겠지 했는데 개인적으론 1도 없었는. 일단 더 자세한 후기는 꾸준히 사용해 본 후 한달사용리뷰 통해 남겨볼께요.,https://www.oliveyoung.co.kr/store/goods/getGoodsDetail.do?goodsNo=A000000254111&dispCatNo=100000100010014&trackingCd=Cat100000100010014_Small&t_page=카테고리관&t_click=에센스/세럼/앰플_전체__상품상세&t_number=9
2026-05-03,oliveyoung,신상품순,,[토이 스토리 5] 이니스프리 비타민C 그린티 엔자임 세럼 30ml 리필 기획 토이 스토리 5 에디션,"6,751",5,건성,"비타민C 캡슐이 들어 있어서 바를 때 톡톡 터지며 흡수되는 재미가 있는 세럼ㅋ 제형은 가볍고 산뜻한 편이라 끈적임 없이 빠르게 스며들고, 꾸준히 사용하니 피부톤이 조금 더 맑고 생기 있어 보이는 느낌?!",https://www.oliveyoung.co.kr/store/goods/getGoodsDetail.do?goodsNo=A000000254111&dispCatNo=100000100010014&trackingCd=Cat100000100010014_Small&t_page=카테고리관&t_click=에센스/세럼/앰플_전체__상품상세&t_number=9
2026-05-03,oliveyoung,신상품순,,[토이 스토리 5] 이니스프리 비타민C 그린티 엔자임 세럼 30ml 리필 기획 토이 스토리 5 에디션,"6,751",5,건성,목에 바르려구매함 자극없고 흡수좋아서 나름 만족하며 사용중에 있어요,https://www.oliveyoung.co.kr/store/goods/getGoodsDetail.do?goodsNo=A000000254111&dispCatNo=100000100010014&trackingCd=Cat100000100010014_Small&t_page=카테고리관&t_click=에센스/세럼/앰플_전체__상품상세&t_number=9
2026-05-03,oliveyoung,신상품순,,[토이 스토리 5] 이니스프리 비타민C 그린티 엔자임 세럼 30ml 리필 기획 토이 스토리 5 에디션,"6,751",5,건성,피부가 많이 밝아졌습니다! 한달 사용해 봤는데 만족합니다.,https://www.oliveyoung.co.kr/store/goods/getGoodsDetail.do?goodsNo=A000000254111&dispCatNo=100000100010014&trackingCd=Cat100000100010014_Small&t_page=카테고리관&t_click=에센스/세럼/앰플_전체__상품상세&t_number=9
2026-05-03,oliveyoung,신상품순,,[포켓몬 에디션] VT 피디알엔 에센스 100 30ml 더블 기획 (+포켓몬 장바구니 키링),"5,525",3,건성,올리브영 메이트 시절 직원분이 좋다고 추천하셔서 저와 피부타입이 정반대지만 리들샷 사용하는김에 같이 써보려고 구매했는데 역시 저랑은 잘 안 맞는 것 같아요. 뭔가 막이 씌워지는 느낌인데 그게 저랑 좀 안 맞는지 좁쌀이 약간 올라오려고 해서 사용 중단했습니다. 지복합성 분들 추천,https://www.oliveyoung.co.kr/store/goods/getGoodsDetail.do?goodsNo=A000000254065&dispCatNo=100000100010014&trackingCd=Cat100000100010014_Small&t_page=카테고리관&t_click=에센스/세럼/앰플_전체__상품상세&t_number=10
2026-05-03,oliveyoung,신상품순,,[포켓몬 에디션] VT 피디알엔 에센스 100 30ml 더블 기획 (+포켓몬 장바구니 키링),"5,525",5,건성,에센스더블기획이라 양도 많았고 피부광채에 도와주는 에센스였어요.,https://www.oliveyoung.co.kr/store/goods/getGoodsDetail.do?goodsNo=A000000254065&dispCatNo=100000100010014&trackingCd=Cat100000100010014_Small&t_page=카테고리관&t_click=에센스/세럼/앰플_전체__상품상세&t_number=10
2026-05-03,oliveyoung,신상품순,,[포켓몬 에디션] VT 피디알엔 에센스 100 30ml 더블 기획 (+포켓몬 장바구니 키링),"5,525",5,복합성,묽은 에센스 쓸 때보다 확실히 촉촉함이 오래 가요. 저는 저녁 스킨케어 단계에서 사용하는데 아침까지 얼굴이 건조하지 않고 유수분 밸런스가 좋은 제품입니다.,https://www.oliveyoung.co.kr/store/goods/getGoodsDetail.do?goodsNo=A000000254065&dispCatNo=100000100010014&trackingCd=Cat100000100010014_Small&t_page=카테고리관&t_click=에센스/세럼/앰플_전체__상품상세&t_number=10
2026-05-03,oliveyoung,신상품순,,[포켓몬 에디션] VT 피디알엔 에센스 100 30ml 더블 기획 (+포켓몬 장바구니 키링),"5,525",5,복합성,다이소에서 판매하는걸 사용해보고 괜찮아서 구매를 했는데 더운날씨보다는 겨울에 사용하는게 더좋은거 같아요 건조하지않고 촉촉하면서 광이돌아요ㅎ,https://www.oliveyoung.co.kr/store/goods/getGoodsDetail.do?goodsNo=A000000254065&dispCatNo=100000100010014&trackingCd=Cat100000100010014_Small&t_page=카테고리관&t_click=에센스/세럼/앰플_전체__상품상세&t_number=10
2026-05-03,oliveyoung,신상품순,,[포켓몬 에디션] VT 피디알엔 에센스 100 30ml 더블 기획 (+포켓몬 장바구니 키링),"5,525",5,없음,자극없이 순해서 예민한 피부에도 너무 좋아요 보습 광채탄력까지있는 피디알엔 에센스 마음에 들어요,https://www.oliveyoung.co.kr/store/goods/getGoodsDetail.do?goodsNo=A000000254065&dispCatNo=100000100010014&trackingCd=Cat100000100010014_Small&t_page=카테고리관&t_click=에센스/세럼/앰플_전체__상품상세&t_number=10
2026-05-03,oliveyoung,신상품순,,[포켓몬 에디션] VT 피디알엔 에센스 100 30ml 더블 기획 (+포켓몬 장바구니 키링),"5,525",5,없음,피부에 자극없이 순하게 발리며 흡수도 잘 됩니다 보습력이 좋아요~~ 피부도 탄력이 살짝 생기고 밝아지는 느낌이에요,https://www.oliveyoung.co.kr/store/goods/getGoodsDetail.do?goodsNo=A000000254065&dispCatNo=100000100010014&trackingCd=Cat100000100010014_Small&t_page=카테고리관&t_click=에센스/세럼/앰플_전체__상품상세&t_number=10
2026-05-03,oliveyoung,신상품순,,[포켓몬 에디션] VT 피디알엔 에센스 100 30ml 더블 기획 (+포켓몬 장바구니 키링),"5,525",4,건성,"* 효과 : 이거 리들샷이랑 같이 사용하면 확실히 효과가 나타나는것 같아요. 볼쪽이 건조하지가 않습니다. * 자극 : pdrn 에센스는 자극이 하나도 없어요, 그냥 살짝 점성 있는 에센스 느낌!?그런데 다들 아시는것처럼 리들샷은 따갑습니다.ㅎㅎ 100이니까 크게 따가운건 아닌데 그래도 너무 꾹꾹 눌러서 사용하면 안 좋을것 같습니다. * 양 : 생각보다 오래써요. 금방 쓸 줄 알았는데!?",https://www.oliveyoung.co.kr/store/goods/getGoodsDetail.do?goodsNo=A000000254065&dispCatNo=100000100010014&trackingCd=Cat100000100010014_Small&t_page=카테고리관&t_click=에센스/세럼/앰플_전체__상품상세&t_number=10
2026-05-03,oliveyoung,신상품순,,[포켓몬 에디션] VT 피디알엔 에센스 100 30ml 더블 기획 (+포켓몬 장바구니 키링),"5,525",5,지성,"?? 가을 웜 딥 / 23~24호 / 지성, 수부지 피부 ?? 역시 ㅎㅎ 제 최애템! 리들샷이랑 같이 쓰면 궁합이 진짜 좋아서 같이 사용할때 피부 컨디션이 더 잘 유지되는 느낌이에요 ?? 거기다 구성도 좋고 언제나 꾸준히 사용해도 여전히 만족도 높아서 앞으로도 계속 쓸 것 같은 애정템입니당 ??",https://www.oliveyoung.co.kr/store/goods/getGoodsDetail.do?goodsNo=A000000254065&dispCatNo=100000100010014&trackingCd=Cat100000100010014_Small&t_page=카테고리관&t_click=에센스/세럼/앰플_전체__상품상세&t_number=10
2026-05-03,oliveyoung,신상품순,,[포켓몬 에디션] VT 피디알엔 에센스 100 30ml 더블 기획 (+포켓몬 장바구니 키링),"5,525",5,없음,발림성이 부드러워서 촉촉하게 바르기두 좋고 건조한 피부에 바르기 좋아서 재구매해서 바르고있어용,https://www.oliveyoung.co.kr/store/goods/getGoodsDetail.do?goodsNo=A000000254065&dispCatNo=100000100010014&trackingCd=Cat100000100010014_Small&t_page=카테고리관&t_click=에센스/세럼/앰플_전체__상품상세&t_number=10
2026-05-03,oliveyoung,신상품순,,[포켓몬 에디션] VT 피디알엔 에센스 100 30ml 더블 기획 (+포켓몬 장바구니 키링),"5,525",5,건성,리들샷 바르고 이거 바르면 딱임 더 잘 스며드는 게 느껴지고 미백은 모르겠으나 탄력은 좀 좋아진 듯? 근데 양이 적어서 한 달 만에 한병 씀..??,https://www.oliveyoung.co.kr/store/goods/getGoodsDetail.do?goodsNo=A000000254065&dispCatNo=100000100010014&trackingCd=Cat100000100010014_Small&t_page=카테고리관&t_click=에센스/세럼/앰플_전체__상품상세&t_number=10
2026-05-03,oliveyoung,신상품순,,[포켓몬 에디션] VT 리들샷 300 에센스 50ml 기획 (+PDRN 에센스 1.5ml*2+피카츄 러기지택),"6,186",5,없음,리들샷 좋은 건 다 아시죠 따끔따끔한데 그게 은근 기분 좋음ㅎ 뭔가 피부 재생되는 느낌스 가격만 괜찮으면 계속 쓰고 싶은 제품 중 하나ㅠㅠ,https://www.oliveyoung.co.kr/store/goods/getGoodsDetail.do?goodsNo=A000000254064&dispCatNo=100000100010014&trackingCd=Cat100000100010014_Small&t_page=카테고리관&t_click=에센스/세럼/앰플_전체__상품상세&t_number=11
2026-05-03,oliveyoung,신상품순,,[포켓몬 에디션] VT 리들샷 300 에센스 50ml 기획 (+PDRN 에센스 1.5ml*2+피카츄 러기지택),"6,186",5,복합성,100은 샘플로 사용해보고 아무 자극이 없길래 300부터 시작해봤는데 약간 따끔한데 훨씬 괜찮은 것 같아요 이거 쓴 후로 피부결이 정돈된 것 같아용 진정도 돼요,https://www.oliveyoung.co.kr/store/goods/getGoodsDetail.do?goodsNo=A000000254064&dispCatNo=100000100010014&trackingCd=Cat100000100010014_Small&t_page=카테고리관&t_click=에센스/세럼/앰플_전체__상품상세&t_number=11
2026-05-03,oliveyoung,신상품순,,[포켓몬 에디션] VT 리들샷 300 에센스 50ml 기획 (+PDRN 에센스 1.5ml*2+피카츄 러기지택),"6,186",5,건성,잘 사용하고 있습니다. 따꼼따꼼한 느낌이 들어요 리들샷 사용 후 마스크팩 하니까 좋네요!,https://www.oliveyoung.co.kr/store/goods/getGoodsDetail.do?goodsNo=A000000254064&dispCatNo=100000100010014&trackingCd=Cat100000100010014_Small&t_page=카테고리관&t_click=에센스/세럼/앰플_전체__상품상세&t_number=11
2026-05-03,oliveyoung,신상품순,,[포켓몬 에디션] VT 리들샷 300 에센스 50ml 기획 (+PDRN 에센스 1.5ml*2+피카츄 러기지택),"6,186",5,없음,벌써 2번째 구매입니다 ! 확실히 피부가 조아지는 느낌 ? 약간 따가운정도 ? 계속 쓰다보면 괜찮아여,https://www.oliveyoung.co.kr/store/goods/getGoodsDetail.do?goodsNo=A000000254064&dispCatNo=100000100010014&trackingCd=Cat100000100010014_Small&t_page=카테고리관&t_click=에센스/세럼/앰플_전체__상품상세&t_number=11
2026-05-03,oliveyoung,신상품순,,[포켓몬 에디션] VT 리들샷 300 에센스 50ml 기획 (+PDRN 에센스 1.5ml*2+피카츄 러기지택),"6,186",5,복합성,매장들렸다가 직원분께 추천받아 구매했어요. 한달사용해보고 또 후기 남기겠습니다.,https://www.oliveyoung.co.kr/store/goods/getGoodsDetail.do?goodsNo=A000000254064&dispCatNo=100000100010014&trackingCd=Cat100000100010014_Small&t_page=카테고리관&t_click=에센스/세럼/앰플_전체__상품상세&t_number=11
2026-05-03,oliveyoung,신상품순,,[포켓몬 에디션] VT 리들샷 300 에센스 50ml 기획 (+PDRN 에센스 1.5ml*2+피카츄 러기지택),"6,186",5,없음,"처음 바를 때 미세하게 따끔한 느낌이 있는데 자극적인 수준은 아니고, 피부에 흡수되는 느낌이라 신기했습니다. 텍스처는 묽은 에센스 타입으로 끈적임 없이 빠르게 흡수되어서 스킨케어 마지막 단계에 사용하기 좋았어요. 사용 후에는 피부가 매끈해진 느낌이 들고 다음 단계 제품 흡수도 더 잘 되는 것 같았습니다. 꾸준히 사용하다 보니 피부결이 조금 더 정돈된 느낌도 있어서 만족하며 사용 중입니다. 모공이나 피부결 관리에 관심 있는 분들이 사용해보기 괜찮은 제품 같아요.",https://www.oliveyoung.co.kr/store/goods/getGoodsDetail.do?goodsNo=A000000254064&dispCatNo=100000100010014&trackingCd=Cat100000100010014_Small&t_page=카테고리관&t_click=에센스/세럼/앰플_전체__상품상세&t_number=11
2026-05-03,oliveyoung,신상품순,,[포켓몬 에디션] VT 리들샷 300 에센스 50ml 기획 (+PDRN 에센스 1.5ml*2+피카츄 러기지택),"6,186",5,없음,"출장다녀와서 후기를 이제서야 씁니다 리들샷 100 재구매 정말 많이 할 정도로 많이 사용하고 선물많이 했는데요, 50ml로 구매하면 양도 많고 할인된 가격에 기분 좋게 구매할 수 있어서 50ml도 구매했습니다. 0단계 스킨케어로 최고입니다. 매끈한 피부에 만족감 매우 높습니다~~~",https://www.oliveyoung.co.kr/store/goods/getGoodsDetail.do?goodsNo=A000000254064&dispCatNo=100000100010014&trackingCd=Cat100000100010014_Small&t_page=카테고리관&t_click=에센스/세럼/앰플_전체__상품상세&t_number=11
2026-05-03,oliveyoung,신상품순,,[포켓몬 에디션] VT 리들샷 300 에센스 50ml 기획 (+PDRN 에센스 1.5ml*2+피카츄 러기지택),"6,186",5,복합성,매장에서 추천받아 구매했어요. 매우 만족스럽습니다. 다음에도 또 사보고싶어요,https://www.oliveyoung.co.kr/store/goods/getGoodsDetail.do?goodsNo=A000000254064&dispCatNo=100000100010014&trackingCd=Cat100000100010014_Small&t_page=카테고리관&t_click=에센스/세럼/앰플_전체__상품상세&t_number=11
2026-05-03,oliveyoung,신상품순,,[포켓몬 에디션] VT 리들샷 300 에센스 50ml 기획 (+PDRN 에센스 1.5ml*2+피카츄 러기지택),"6,186",5,없음,별로 안타가워서 수분크림처럼 발랐습니다. 근데 증정해주는 굿즈는 좀 아쉽습니다,https://www.oliveyoung.co.kr/store/goods/getGoodsDetail.do?goodsNo=A000000254064&dispCatNo=100000100010014&trackingCd=Cat100000100010014_Small&t_page=카테고리관&t_click=에센스/세럼/앰플_전체__상품상세&t_number=11
2026-05-03,oliveyoung,신상품순,,[포켓몬 에디션] VT 리들샷 300 에센스 50ml 기획 (+PDRN 에센스 1.5ml*2+피카츄 러기지택),"6,186",5,복합성,ㄷㅇㅅ와는 다르게 연이어 사용하면 자극적일 수 있어서 매일 말고 2~3일에나 일주일 한두번쯤 쓰는게 좋은듯,https://www.oliveyoung.co.kr/store/goods/getGoodsDetail.do?goodsNo=A000000254064&dispCatNo=100000100010014&trackingCd=Cat100000100010014_Small&t_page=카테고리관&t_click=에센스/세럼/앰플_전체__상품상세&t_number=11
2026-05-03,oliveyoung,신상품순,,[5월올영픽] 랑콤 스타터키트 기획 2종 택1 (제니피끄 세럼/이드라젠 젤크림),356,5,없음,발라보니 피부에 빠르게 흡수되고 결이 매끈하게 정리되는 느낌이라 좋았어요. 실제 사용해보니 만족합니다.,https://www.oliveyoung.co.kr/store/goods/getGoodsDetail.do?goodsNo=A000000254063&dispCatNo=100000100010014&trackingCd=Cat100000100010014_Small&t_page=카테고리관&t_click=에센스/세럼/앰플_전체__상품상세&t_number=12
2026-05-03,oliveyoung,신상품순,,[5월올영픽] 랑콤 스타터키트 기획 2종 택1 (제니피끄 세럼/이드라젠 젤크림),356,5,없음,"본품쓰고있는데 할인가에살수있어서 언니한테사줘써요,피부가편안해진데요",https://www.oliveyoung.co.kr/store/goods/getGoodsDetail.do?goodsNo=A000000254063&dispCatNo=100000100010014&trackingCd=Cat100000100010014_Small&t_page=카테고리관&t_click=에센스/세럼/앰플_전체__상품상세&t_number=12
2026-05-03,oliveyoung,신상품순,,[5월올영픽] 랑콤 스타터키트 기획 2종 택1 (제니피끄 세럼/이드라젠 젤크림),356,5,없음,엄마 선물로 샀습니다! 잘 맞으면 좋겠네요 랑콤!!!!!!,https://www.oliveyoung.co.kr/store/goods/getGoodsDetail.do?goodsNo=A000000254063&dispCatNo=100000100010014&trackingCd=Cat100000100010014_Small&t_page=카테고리관&t_click=에센스/세럼/앰플_전체__상품상세&t_number=12
2026-05-03,oliveyoung,신상품순,,[5월올영픽] 랑콤 스타터키트 기획 2종 택1 (제니피끄 세럼/이드라젠 젤크림),356,5,없음,"안그래도본품산거다쓰고업다고그래서 백화점안가고,올영할인하길래냅다담아구매해써요 기능성중에는이거괜찮다드라구요,그래서선물해써요~",https://www.oliveyoung.co.kr/store/goods/getGoodsDetail.do?goodsNo=A000000254063&dispCatNo=100000100010014&trackingCd=Cat100000100010014_Small&t_page=카테고리관&t_click=에센스/세럼/앰플_전체__상품상세&t_number=12
2026-05-03,oliveyoung,신상품순,,[5월올영픽] 랑콤 스타터키트 기획 2종 택1 (제니피끄 세럼/이드라젠 젤크림),356,5,없음,"역시 유명한거엔 이유가 있슴! 제 피부엔 너무 잘 받는거같아요 바르고나면 피부컨디션이 좋아지는거같아요 수부지인데 속건조도 없어지는거같고 이것만 바르고 자도 괜찮더라고요, 사이즈 작은것도 판매해줘서 좀 부담없이 살 수 있어요 샘플도 있어서 만족!",https://www.oliveyoung.co.kr/store/goods/getGoodsDetail.do?goodsNo=A000000254063&dispCatNo=100000100010014&trackingCd=Cat100000100010014_Small&t_page=카테고리관&t_click=에센스/세럼/앰플_전체__상품상세&t_number=12
2026-05-03,oliveyoung,신상품순,,[5월올영픽] 랑콤 스타터키트 기획 2종 택1 (제니피끄 세럼/이드라젠 젤크림),356,4,없음,괜찮아요 그래서 재주문 했어요. 올영세일할때 다른곳보다 저렴하게.,https://www.oliveyoung.co.kr/store/goods/getGoodsDetail.do?goodsNo=A000000254063&dispCatNo=100000100010014&trackingCd=Cat100000100010014_Small&t_page=카테고리관&t_click=에센스/세럼/앰플_전체__상품상세&t_number=12
2026-05-03,oliveyoung,신상품순,,[5월올영픽] 랑콤 스타터키트 기획 2종 택1 (제니피끄 세럼/이드라젠 젤크림),356,3,없음,건성피부는 더 건조한것 같아요 바른것 같지않고 기능성제품 아닌듯..랑콤은 처음이라 기대했는데 샘플로 받은 아이크림도 건조해요. 메디큐브 연어앰플이 가격대비 촉촉하고 잔주름도 케어되는듯해서 재구매 의사 없어요.강 지성피부 추천해요,https://www.oliveyoung.co.kr/store/goods/getGoodsDetail.do?goodsNo=A000000254063&dispCatNo=100000100010014&trackingCd=Cat100000100010014_Small&t_page=카테고리관&t_click=에센스/세럼/앰플_전체__상품상세&t_number=12
2026-05-03,oliveyoung,신상품순,,[5월올영픽] 랑콤 스타터키트 기획 2종 택1 (제니피끄 세럼/이드라젠 젤크림),356,5,없음,예전에 썻던 제품인데 올영에서도 판매를하니 재구매했어요 효과는 뛰어나요 비싸서그렇지,https://www.oliveyoung.co.kr/store/goods/getGoodsDetail.do?goodsNo=A000000254063&dispCatNo=100000100010014&trackingCd=Cat100000100010014_Small&t_page=카테고리관&t_click=에센스/세럼/앰플_전체__상품상세&t_number=12
2026-05-03,oliveyoung,신상품순,,[5월올영픽] 랑콤 스타터키트 기획 2종 택1 (제니피끄 세럼/이드라젠 젤크림),356,4,없음,성분이 착해서 잘 사용중입니다 기왕면 소중한 나한테 사용하는건데 성분만 믿고 바릅니다,https://www.oliveyoung.co.kr/store/goods/getGoodsDetail.do?goodsNo=A000000254063&dispCatNo=100000100010014&trackingCd=Cat100000100010014_Small&t_page=카테고리관&t_click=에센스/세럼/앰플_전체__상품상세&t_number=12
2026-05-03,oliveyoung,신상품순,,[5월올영픽] 랑콤 스타터키트 기획 2종 택1 (제니피끄 세럼/이드라젠 젤크림),356,5,없음,다른 사이트에서 사다가 등급 쿠폰때문에 저렴해서 쟁입니댜 ㅋㅋ????,https://www.oliveyoung.co.kr/store/goods/getGoodsDetail.do?goodsNo=A000000254063&dispCatNo=100000100010014&trackingCd=Cat100000100010014_Small&t_page=카테고리관&t_click=에센스/세럼/앰플_전체__상품상세&t_number=12
2026-05-03,oliveyoung,신상품순,,[포켓몬 에디션]VT 리들샷100 에센스 50ml기획 (리들샷300 1ml+PDRN에센스1.5ml+포켓몬아크릴포스트잇),"46,923",5,건성,"요즘 화장대 필수템인 리들샷 100인데, 30ml 두 개가 들어있는 더블 기획이라니 구성이 정말 실속 있네요! 매일 밤 사용하다 보니 금방 쓰게 되는데 1+1 느낌이라 든든하고, 궁금했던 PDRN 에센스 샘플까지 들어있어서 함께 테스트해 보기 딱 좋습니다. 리들샷 100은 입문자도 데일리로 쓰기 좋은 강도라 스킨케어 첫 단계에 발라주면 피부가 적당히 기분 좋게 따끔거리면서 정돈되는 느낌이에요. 제형이 가볍게 스며들어 다음 단계 화장품 흡수를 확실히 도와주니까, 다음 날 아침 피부 결이 한결 매끈하고 쫀쫀해진 게 느껴져서 끊을 수가 없습니다. 특히 같이 들어있는 PDRN 에센스를 리들샷 후에 덧발라주니 영양감이 겉돌지 않고 쏙 스며들어 시너지가 대단하네요. 홈케어만으로 에스테틱 다녀온 듯한 피부 컨디션을 유지하고 싶은 분들께 이번 더블 기획 세트 구매하시길 적극 추천합니다.",https://www.oliveyoung.co.kr/store/goods/getGoodsDetail.do?goodsNo=A000000254058&dispCatNo=100000100010014&trackingCd=Cat100000100010014_Small&t_page=카테고리관&t_click=에센스/세럼/앰플_전체__상품상세&t_number=13
2026-05-03,oliveyoung,신상품순,,[포켓몬 에디션]VT 리들샷100 에센스 50ml기획 (리들샷300 1ml+PDRN에센스1.5ml+포켓몬아크릴포스트잇),"46,923",5,건성,"요즘 제일 핫한 리들샷이라 궁금했는데, 본품에 리들샷 300 샘플, 그리고 PDRN 에센스까지 포함된 기획 구성이 정말 알차서 구매했습니다. 리들샷 100은 데일리로 쓰기에 딱 적당한 강도라 매일 저녁 스킨케어 루틴에 넣기 부담 없네요. 처음 바를 때 느껴지는 특유의 미세한 따끔거림이 피부 통로를 열어주는 기분이라 오히려 건강한 자극으로 느껴져요. 제형이 겉돌지 않고 쏙 스며든 뒤에 평소 쓰는 기초 제품을 바르면 흡수력이 확실히 평소보다 배가 되는 느낌입니다. 꾸준히 사용하니 피부 결이 한결 매끈해지고 안색도 맑아 보이는 게 거울 볼 때마다 만족스러워요. 같이 들어있는 리들샷 300은 좀 더 집중 관리가 필요한 날 쓰기 좋고, PDRN 에센스까지 곁들이니 피부 탄력이 쫀쫀하게 차오르는 시너지가 납니다. 홈케어로 피부 컨디션 확실하게 끌어올리고 싶은 분들께 이번 알찬 구성의 기획 세트 적극 추천합니다.",https://www.oliveyoung.co.kr/store/goods/getGoodsDetail.do?goodsNo=A000000254058&dispCatNo=100000100010014&trackingCd=Cat100000100010014_Small&t_page=카테고리관&t_click=에센스/세럼/앰플_전체__상품상세&t_number=13
2026-05-03,oliveyoung,신상품순,,[포켓몬 에디션]VT 리들샷100 에센스 50ml기획 (리들샷300 1ml+PDRN에센스1.5ml+포켓몬아크릴포스트잇),"46,923",5,건성,처음엔 자극이 살짝 았나 싶었는데 얼굴이 적응을 한거같아요(?),https://www.oliveyoung.co.kr/store/goods/getGoodsDetail.do?goodsNo=A000000254058&dispCatNo=100000100010014&trackingCd=Cat100000100010014_Small&t_page=카테고리관&t_click=에센스/세럼/앰플_전체__상품상세&t_number=13
2026-05-03,oliveyoung,신상품순,,[포켓몬 에디션]VT 리들샷100 에센스 50ml기획 (리들샷300 1ml+PDRN에센스1.5ml+포켓몬아크릴포스트잇),"46,923",5,복합성,꾸준히 쓰니까 너무 좋아요. 브이티 pdrn이랑 궁합 좋습니다. 피부 맨질맨질거려요. 300 쓰고 싶었는데 데일리로는 이게 나아서 더 편한 거 같기도 해요. 강추합니다.,https://www.oliveyoung.co.kr/store/goods/getGoodsDetail.do?goodsNo=A000000254058&dispCatNo=100000100010014&trackingCd=Cat100000100010014_Small&t_page=카테고리관&t_click=에센스/세럼/앰플_전체__상품상세&t_number=13
2026-05-03,oliveyoung,신상품순,,[포켓몬 에디션]VT 리들샷100 에센스 50ml기획 (리들샷300 1ml+PDRN에센스1.5ml+포켓몬아크릴포스트잇),"46,923",5,복합성,300 500도 써봤는데 100이 딱 적당하고 좋은 것 같아욧 밤에 바르면 조하 모공변화는 아직 잘 모르겟음,https://www.oliveyoung.co.kr/store/goods/getGoodsDetail.do?goodsNo=A000000254058&dispCatNo=100000100010014&trackingCd=Cat100000100010014_Small&t_page=카테고리관&t_click=에센스/세럼/앰플_전체__상품상세&t_number=13
2026-05-03,oliveyoung,신상품순,,[포켓몬 에디션]VT 리들샷100 에센스 50ml기획 (리들샷300 1ml+PDRN에센스1.5ml+포켓몬아크릴포스트잇),"46,923",5,복합성,다이소 거 쓰지말고 이걸로 쓰세요! 다이소 효과없어서 실망했었는데 올영 거 쓰고는 너무 좋아서 꾸준히 재구매합니다.,https://www.oliveyoung.co.kr/store/goods/getGoodsDetail.do?goodsNo=A000000254058&dispCatNo=100000100010014&trackingCd=Cat100000100010014_Small&t_page=카테고리관&t_click=에센스/세럼/앰플_전체__상품상세&t_number=13
2026-05-03,oliveyoung,신상품순,,[포켓몬 에디션]VT 리들샷100 에센스 50ml기획 (리들샷300 1ml+PDRN에센스1.5ml+포켓몬아크릴포스트잇),"46,923",5,복합성,"한달 동안 꾸준히 사용하니 피부결 정돈에 효과봤어요! 1주차 처음 바를때는 따끔한 느낌? 나비존쪽에 가장 자극이 느껴졌어요 피부가 매끈해지는 느낌은 바로 체감됐슴!! 2주차 피부결이 눈에 띄게 정리되고 다음 바르는 앰플,세럼의 효과가 더 두드러지게 나타나는듯요 3주차 코 옆,볼 모공이 줄어다고 하기는 애매한데 뭔가 정돈된 느낌+확 줄었다 이건 아니ㅇ예요 4주차 피부 컨디션이 안정된 것 같아요 피부결 관리,다음 스킨케어 부스터로 아주 굿 한달 동안 써보고 좋아서 계속 재구매하는중요 여행용으로 조그만 샘플들도 줘서 모아뒀다 요긴하게 쓰려구요 여기까지 읽어주신분들 너무 감사드립니다! 도움이 돼요 좋아요 버튼 한번만 눌러주시면 너무 감사드려요",https://www.oliveyoung.co.kr/store/goods/getGoodsDetail.do?goodsNo=A000000254058&dispCatNo=100000100010014&trackingCd=Cat100000100010014_Small&t_page=카테고리관&t_click=에센스/세럼/앰플_전체__상품상세&t_number=13
2026-05-03,oliveyoung,신상품순,,[포켓몬 에디션]VT 리들샷100 에센스 50ml기획 (리들샷300 1ml+PDRN에센스1.5ml+포켓몬아크릴포스트잇),"46,923",5,건성,"집에서 에스테틱 관리받는 기분이에요! 처음 바를 때 미세하게 따끔거리는 느낌이 드는데, 이게 피부 속으로 통로를 만들어주는 과정이라 그런지 다음 단계에 바르는 앰플이나 크림이 평소보다 훨씬 쏙쏙 흡수되는 게 느껴집니다. 꾸준히 사용하니 거칠었던 피부 결이 매끈해지고 전체적인 컨디션이 올라가서 대만족이에요. 리들샷 입문용으로 100이 딱 적당하고 효과도 좋네요!",https://www.oliveyoung.co.kr/store/goods/getGoodsDetail.do?goodsNo=A000000254058&dispCatNo=100000100010014&trackingCd=Cat100000100010014_Small&t_page=카테고리관&t_click=에센스/세럼/앰플_전체__상품상세&t_number=13
2026-05-03,oliveyoung,신상품순,,[포켓몬 에디션]VT 리들샷100 에센스 50ml기획 (리들샷300 1ml+PDRN에센스1.5ml+포켓몬아크릴포스트잇),"46,923",5,복합성,에센스가 좋은 성분의 집약체인지 바르고나면 피부가 좋아지는 느낌을 받아요,https://www.oliveyoung.co.kr/store/goods/getGoodsDetail.do?goodsNo=A000000254058&dispCatNo=100000100010014&trackingCd=Cat100000100010014_Small&t_page=카테고리관&t_click=에센스/세럼/앰플_전체__상품상세&t_number=13
2026-05-03,oliveyoung,신상품순,,[포켓몬 에디션]VT 리들샷100 에센스 50ml기획 (리들샷300 1ml+PDRN에센스1.5ml+포켓몬아크릴포스트잇),"46,923",5,복합성,유명 제품이라 자주 구매해서 사용하고 있어요 기초 첫단계에 딱이에요,https://www.oliveyoung.co.kr/store/goods/getGoodsDetail.do?goodsNo=A000000254058&dispCatNo=100000100010014&trackingCd=Cat100000100010014_Small&t_page=카테고리관&t_click=에센스/세럼/앰플_전체__상품상세&t_number=13
2026-05-03,oliveyoung,신상품순,,[글로벌 대란템/올영선런칭] 유세린 티아미돌 부스터 세럼 30ml,130,5,지성,"판매자에게 제품비의 일부를 지원받았지만, 저의 솔직한 후기입니다. 유세린에서 4월 29일 올 영 라이브 하기 전에 팔길래 구메 해봤고요. 결! 광! 톤 다 잡는 세럼이라고 하길래 신기해서 사봤어요. 근데 그 정도까지인지는 잘 모르겠네요. 첫인상은 무난 무난한 거 같아서요. 한 달 동안 꾸준히 써보면 결과가 나올 것 같네요..",https://www.oliveyoung.co.kr/store/goods/getGoodsDetail.do?goodsNo=A000000253729&dispCatNo=100000100010014&trackingCd=Cat100000100010014_Small&t_page=카테고리관&t_click=에센스/세럼/앰플_전체__상품상세&t_number=14
2026-05-03,oliveyoung,신상품순,,[글로벌 대란템/올영선런칭] 유세린 티아미돌 부스터 세럼 30ml,130,5,복합성,평소에 유세린 제품 좋아하는데 브라이트닝 세럼이 나와서 궁금해서 구매했습니다 향이나 제형은 기존에 사용중이던 에피셀린 세럼이랑 비슷했고 흡수도 잘되고 바른후에 크게 자극도 없어서 좋았고 사용후에 안색이 맑아지는 느낌이 있어서 신기했습니다 계속 사용하면 한톤 밝아지지 않을까 기대됩니다,https://www.oliveyoung.co.kr/store/goods/getGoodsDetail.do?goodsNo=A000000253729&dispCatNo=100000100010014&trackingCd=Cat100000100010014_Small&t_page=카테고리관&t_click=에센스/세럼/앰플_전체__상품상세&t_number=14
2026-05-03,oliveyoung,신상품순,,[글로벌 대란템/올영선런칭] 유세린 티아미돌 부스터 세럼 30ml,130,5,건성,유세린 에피셀린 세럼이랑 아이크림 좋아서 잘 사용하는데 이번에 브라이트닝 세럼이 새로나와서 골라봤습니다. 티아미돌이라는 특허 성분이 함유되어 있는데 멜라닌 생성 핵심 효소 타이로시나아제를 직접 억제해줘서 기미나 잡티 진행을 억제해주고 옅어지게 해준다고 해서 기대가 되었습니다. 제형은 우윳빛 유백색 제형으로 로션 에센스 느낌인데 부드럽고 얇게 펴발리면서 흡수도 빠르고 건성인 제가 발랐을 때 촉촉한 수분감이 많이 느껴졌고 끈적임 없이 마무리되서 좋았습니다. 민감 피부 적합도 테스트 했다고 하는데 피부가 조금 예민한 상태에서 발랐을때도 자극 없어서 데일리로 매일 사용할 수 있었고 며칠 사용해보니 피부결은 좀 더 매끈해진게 느껴졌고 피부광채가 올라와서 매우 만족스럽습니다. 피부톤도 조금 맑아지는 느낌이라 꾸준히 한달 사용해보고 기미 잡티 옅어지는 효과도 체감 후 한달 사용 후기로 돌아오겠습니다. 티아미돌이 멜라닌 생성을 억제해주는 만큼 자외선 차단을 제대로 하지 않으면 효과가 줄어들기 때문에 저는 자외선 차단제도 SPF 50 에 PA++++ 제품으로 충분한 양으로 발라주고 있습니다. 이 제품 사용하시면서 자외선 차단 반드시 꼼꼼하게 해주시는 걸 추천드립니다!,https://www.oliveyoung.co.kr/store/goods/getGoodsDetail.do?goodsNo=A000000253729&dispCatNo=100000100010014&trackingCd=Cat100000100010014_Small&t_page=카테고리관&t_click=에센스/세럼/앰플_전체__상품상세&t_number=14
2026-05-03,oliveyoung,신상품순,,[글로벌 대란템/올영선런칭] 유세린 티아미돌 부스터 세럼 30ml,130,5,복합성,"유세린의 독자 특허 성분인 티아미돌이 들어갔다고 해서 기대를 많이 했던 제품이에요. 브라이트닝 제품은 가끔 건조할 때가 있는데, 이건 이중 히알루론산 덕분인지 바르자마자 수분감이 팡팡 터지네요. 피부톤이 전체적으로 맑아진 느낌이고, 무엇보다 거칠었던 피부 결이 매끈해진 게 눈에 보여요. 리코칼콘A 성분이 항산화 효과까지 준다니 꾸준히 비우고 싶은 '공병템' 예약입니다! 톤, 결, 광 세 가지를 다 잡아주는 포뮬러라 그런지 확실히 피부 컨디션이 올라온 게 느껴집니다. 촉촉하게 광채 도는 피부 표현 좋아하시는 분들께 강추합니다??",https://www.oliveyoung.co.kr/store/goods/getGoodsDetail.do?goodsNo=A000000253729&dispCatNo=100000100010014&trackingCd=Cat100000100010014_Small&t_page=카테고리관&t_click=에센스/세럼/앰플_전체__상품상세&t_number=14
2026-05-03,oliveyoung,신상품순,,[글로벌 대란템/올영선런칭] 유세린 티아미돌 부스터 세럼 30ml,130,5,복합성,"광채 브라이트닝 혁신 성분인 티아미놀 성분이 함유되어있다고 해서 다른 미백제품들이 비타민C와 나이아신아마이드, 글루타치온 등이 들어있는것은 많이 들어봤지만 처음보는 성분인것 같아서 기대가 컸어요 흡수력도 괜찮았고 자극없이 미백효과도 유의미하게 느껴졌는데 항산화 효과까지 누릴수있는 멀티케어 제품이라 좋았습니다",https://www.oliveyoung.co.kr/store/goods/getGoodsDetail.do?goodsNo=A000000253729&dispCatNo=100000100010014&trackingCd=Cat100000100010014_Small&t_page=카테고리관&t_click=에센스/세럼/앰플_전체__상품상세&t_number=14
2026-05-03,oliveyoung,신상품순,,[글로벌 대란템/올영선런칭] 유세린 티아미돌 부스터 세럼 30ml,130,5,복합성,"[[?????내돈내산 찐리뷰!]] ?? 피부 고민: 잡티, 다크, 홍조 등의 정돈안된 피부톤, 탄력 저하 ?? 텍스처: 끈적임 없는 실키한 마무리감 ?? 총평: 단순 미백을 넘어 속광부터 차오르는 투명함을 선사하는 '인생 세럼' 되어버릴 듯! ? 독보적인 성분, 티아미돌의 힘!! 안그래도 크림, 아이크림 등 유세린 제품을 믿고 사용하고 있는데, 독일 바이어스도르프 연구소에서 10년 넘게 연구했다는 '티아미돌' 성분 때문에 믿고 구매했으용 미백 기능성 화장품을 많이 써봤지만, 이건 겉만 밝혀주는 게 아니라 멜라닌의 근본적인 원인부터 케어해주겠다는 믿음이 컸어요???? 이번 신상 세럼은 '티아미돌' 성분이 더욱 정교하게 설계되었다고 해서 출시이벤트때 라이브로 겟!!! 했더니 선물까지 왕창 따라왔어요. (이런거에 호갱당하는 바로 나) 멜라닌 생성을 ‘근본적으로 억제’하는 성분이라 그런지, 일반적인 비타민 세럼과는 차원이 다른 안색 개선 효과를 기대해봅니당?? *근데 진짜 오자마자 저녁에 바르고 잤는데 기분 탓인지 피부 전체적인 톤이 벌써 정돈 된 느낌은 너무 오바인거겠져? 여튼 낮에 이미 구매하고 저녁에 라이브때문에 얼떨결에 2통 구매했는데 반품하려다가 안고 가렵니당???? ?? 매끄러운 발림성과 럭셔리한 텍스처 유세린의 신상답게 제형이 정말 환상적입니다. 고농축 세럼임에도 불구하고 피부에 닿는 순간 매끄럽게 퍼지면서 순식간에 피부전체를 감싸안는 느낌으로 끈적임이나 유분감이 남지 않고 피부 속만 쫀쫀하게 채워주는 느낌!! 아침, 저녁 사용이 가능하기 때문에 데일리로 쓰기에 이보다 더 좋을 수 없어요. 처음엔 향이 진한가 싶었는데 수면에 방해 전혀 안되고, 은은하고 고급스러워 사용할 때마다 힐링 됩니다.???? 수분감 넘치는 텍스처와 영양감 있는 텍스처가 조화를 이뤄서, 바르는 즉시 피부에 겉돌지 않고 싹 흡수됩니다. 메이크업 전에 발라도 밀림 현상은 없었어요!! ??나만의 활용 팁 & 특장점 ? 집중 레이어링: 잡티가 유독 진한 부위에는 두 번 덧발라주세요. 자극이 전혀 없어서 얇게 여러 번 레이어링해도 밀림 없이 쏙쏙 들어갑니다. ? 시너지 효과: 자외선 차단제와 병행하면 티아미돌의 효과를 극대화할 수 있어요. 아침저녁 꾸준히 바르는 것이 핵심이에요! ""비싼 레이저 시술보다 꾸준한 고기능성 홈케어가 답이라는 걸 증명할 세럼! 잡티뿐만 아니라 피부 결까지 한 번에 잡고 싶은 분들은 고민 말고 유세린의 요 신상 세럼으로 시작해 보세요. 역시 믿고 쓰는 유세린입니다!????"" ?? 차별점: 유세린만의 독자 특허 성분 '티아미돌'의 강력한 화이트닝 솔루션 ?? 만족도: ?*5 재구매 의사 200%",https://www.oliveyoung.co.kr/store/goods/getGoodsDetail.do?goodsNo=A000000253729&dispCatNo=100000100010014&trackingCd=Cat100000100010014_Small&t_page=카테고리관&t_click=에센스/세럼/앰플_전체__상품상세&t_number=14
2026-05-03,oliveyoung,신상품순,,[글로벌 대란템/올영선런칭] 유세린 티아미돌 부스터 세럼 30ml,130,5,복합성,우연히 영상을 보다가 미백에 관한 영상을 봤는데 유세린 이븐래디언스 브라이트닝 부스터 세럼을 추천하길래 구매하려고 보니 직구만 가능해서 나중에 사야겠다 하고 있었는데 올리브영에서 선런칭 한다길래 라이브를 보면서 유세린의 독자적인 성분 티아미돌이 0.1%나 들어있고 톤결광 세가지 효과를 볼 수 있다길래 4개를 고민없이 구매했어요 제형은 너무 무겁지도 가볍지도 않아서 딱 좋아요! 은은한 광도 너무 좋고요 부모님께도 선물드려도 좋아하실 제품입니다!,https://www.oliveyoung.co.kr/store/goods/getGoodsDetail.do?goodsNo=A000000253729&dispCatNo=100000100010014&trackingCd=Cat100000100010014_Small&t_page=카테고리관&t_click=에센스/세럼/앰플_전체__상품상세&t_number=14
2026-05-03,oliveyoung,신상품순,,[글로벌 대란템/올영선런칭] 유세린 티아미돌 부스터 세럼 30ml,130,5,건성,피부에 잘 맞아 좋아하는 유세린에서 피부 밝기 개선에 도움을 주는 세럼이 새로 나온 것 같아 구매해 봤어요. 토너로 피부결 정리 후 적당량을 얼굴에 골고루 펴 발라주는데 사용하는 동안 피부 자극이나 트러블이 올라오지 않았으며 끈적임 없이 촉촉한 마무리감이라 마음에 들어요. 향은 대부분 유세린 제품에서 나는 향인데 호불호가 있을 것 같네요. 칙칙한 피부톤 개선을 위해 꾸준히 잘 발라보려고요.,https://www.oliveyoung.co.kr/store/goods/getGoodsDetail.do?goodsNo=A000000253729&dispCatNo=100000100010014&trackingCd=Cat100000100010014_Small&t_page=카테고리관&t_click=에센스/세럼/앰플_전체__상품상세&t_number=14
2026-05-03,oliveyoung,신상품순,,[글로벌 대란템/올영선런칭] 유세린 티아미돌 부스터 세럼 30ml,130,5,건성,제품 품이 순해서 트러블 안 생기고 자극 감이 전혀 없어요! 보기에는 로션 같은 느낌인데 훨씬 더 수분감이 가득했고 흡수력도 뛰어났어요 여름이라 산뜻하게 좋은데 끈적임 없어서 그 부분도 좋았습니다,https://www.oliveyoung.co.kr/store/goods/getGoodsDetail.do?goodsNo=A000000253729&dispCatNo=100000100010014&trackingCd=Cat100000100010014_Small&t_page=카테고리관&t_click=에센스/세럼/앰플_전체__상품상세&t_number=14
2026-05-03,oliveyoung,신상품순,,[글로벌 대란템/올영선런칭] 유세린 티아미돌 부스터 세럼 30ml,130,5,복합성,미백에 관심이 많아서 티아미돌세럼 너무 써보고 싶었는데 직구로 사야 하고 가격도 너무 비싸더라구요 그런데 우연히 올리브영 들어왔는데 런칭 라이브를 하고 있어서 바로 2개 구매했어요~ 배송도 예상날짜는 3일 이상 걸리는 거였는데 하루 만에 왔고 사은품도 다 마음에 들어요! 특히 페이스 쿨러 여름에 잘 쓸 거 같아요! 티아미돌세럼 아직 한 번밖에 안 써봤지만 끈적이지 않고 흡수도 잘 돼서 좋더라구요~ 미백뿐 아니라 광채에도 좋다 하여 열심히 써보려구요~,https://www.oliveyoung.co.kr/store/goods/getGoodsDetail.do?goodsNo=A000000253729&dispCatNo=100000100010014&trackingCd=Cat100000100010014_Small&t_page=카테고리관&t_click=에센스/세럼/앰플_전체__상품상세&t_number=14
2026-05-03,oliveyoung,신상품순,,[잡티톤업] 센텔리안24 엑스퍼트 마데카 멜라 캡처 앰플 맥스 15ml 더블기획 (+푸린 수면안대 포켓몬 에디션),"3,040",5,지성,"잡티 케어용으로 기대하고 사용했는데, 확실히 피부톤이 균일해지는 느낌이 있었어요.",https://www.oliveyoung.co.kr/store/goods/getGoodsDetail.do?goodsNo=A000000253622&dispCatNo=100000100010014&trackingCd=Cat100000100010014_Small&t_page=카테고리관&t_click=에센스/세럼/앰플_전체__상품상세&t_number=16
2026-05-03,oliveyoung,신상품순,,[잡티톤업] 센텔리안24 엑스퍼트 마데카 멜라 캡처 앰플 맥스 15ml 더블기획 (+푸린 수면안대 포켓몬 에디션),"3,040",5,지성,"기미랑 잡티가 고민이라 구매했는데, 쫀쫀한 제형이 피부에 착 붙는 느낌이 너무 좋아요.",https://www.oliveyoung.co.kr/store/goods/getGoodsDetail.do?goodsNo=A000000253622&dispCatNo=100000100010014&trackingCd=Cat100000100010014_Small&t_page=카테고리관&t_click=에센스/세럼/앰플_전체__상품상세&t_number=16
2026-05-03,oliveyoung,신상품순,,[잡티톤업] 센텔리안24 엑스퍼트 마데카 멜라 캡처 앰플 맥스 15ml 더블기획 (+푸린 수면안대 포켓몬 에디션),"3,040",5,복합성,요즘 미백 제품들이 전체적으로 잘 나오는 느낌이에요. 이것저것 써봤을 때 대부분 효과가 꽤나 느껴졌어요. 이 제품도 미백 기능이 확실히 체감되는 제품이었어요. 특히 엄마가 넘 좋아하셔서 꾸준히 재구매하고 있습니다. 향이 약간 은은한 고무? 플라스틱? 같은 냄새인게 살짝 아쉬워요.,https://www.oliveyoung.co.kr/store/goods/getGoodsDetail.do?goodsNo=A000000253622&dispCatNo=100000100010014&trackingCd=Cat100000100010014_Small&t_page=카테고리관&t_click=에센스/세럼/앰플_전체__상품상세&t_number=16
2026-05-03,oliveyoung,신상품순,,[잡티톤업] 센텔리안24 엑스퍼트 마데카 멜라 캡처 앰플 맥스 15ml 더블기획 (+푸린 수면안대 포켓몬 에디션),"3,040",5,없음,생각보다 용량이 작지만 흡수력이 좋아서 사용하기 좋아요~~~,https://www.oliveyoung.co.kr/store/goods/getGoodsDetail.do?goodsNo=A000000253622&dispCatNo=100000100010014&trackingCd=Cat100000100010014_Small&t_page=카테고리관&t_click=에센스/세럼/앰플_전체__상품상세&t_number=16
2026-05-03,oliveyoung,신상품순,,[잡티톤업] 센텔리안24 엑스퍼트 마데카 멜라 캡처 앰플 맥스 15ml 더블기획 (+푸린 수면안대 포켓몬 에디션),"3,040",5,복합성,완전 맘에드는 제품입니다 재구매의사 있어요 완전 추천합니다,https://www.oliveyoung.co.kr/store/goods/getGoodsDetail.do?goodsNo=A000000253622&dispCatNo=100000100010014&trackingCd=Cat100000100010014_Small&t_page=카테고리관&t_click=에센스/세럼/앰플_전체__상품상세&t_number=16
2026-05-03,oliveyoung,신상품순,,[잡티톤업] 센텔리안24 엑스퍼트 마데카 멜라 캡처 앰플 맥스 15ml 더블기획 (+푸린 수면안대 포켓몬 에디션),"3,040",5,없음,기미잡티케어 효과를 기대하며 구매했지만 저는 잘 모르겠네용,https://www.oliveyoung.co.kr/store/goods/getGoodsDetail.do?goodsNo=A000000253622&dispCatNo=100000100010014&trackingCd=Cat100000100010014_Small&t_page=카테고리관&t_click=에센스/세럼/앰플_전체__상품상세&t_number=16
2026-05-03,oliveyoung,신상품순,,[잡티톤업] 센텔리안24 엑스퍼트 마데카 멜라 캡처 앰플 맥스 15ml 더블기획 (+푸린 수면안대 포켓몬 에디션),"3,040",5,지성,부모님께 선물해드렸는데 잘 쓰고 계시더라구요 기미에 효과가 확실히 있는거 같다고 하시네요!,https://www.oliveyoung.co.kr/store/goods/getGoodsDetail.do?goodsNo=A000000253622&dispCatNo=100000100010014&trackingCd=Cat100000100010014_Small&t_page=카테고리관&t_click=에센스/세럼/앰플_전체__상품상세&t_number=16
2026-05-03,oliveyoung,신상품순,,[잡티톤업] 센텔리안24 엑스퍼트 마데카 멜라 캡처 앰플 맥스 15ml 더블기획 (+푸린 수면안대 포켓몬 에디션),"3,040",5,복합성,기미 고민이라 꾸중히 사서 바르고 있여요 촉촉한 편이라 젛아요,https://www.oliveyoung.co.kr/store/goods/getGoodsDetail.do?goodsNo=A000000253622&dispCatNo=100000100010014&trackingCd=Cat100000100010014_Small&t_page=카테고리관&t_click=에센스/세럼/앰플_전체__상품상세&t_number=16
2026-05-03,oliveyoung,신상품순,,[잡티톤업] 센텔리안24 엑스퍼트 마데카 멜라 캡처 앰플 맥스 15ml 더블기획 (+푸린 수면안대 포켓몬 에디션),"3,040",5,복합성,꾸준히 재구매하고 있눈 제품이에요 잘 쓰고 있어요 만족해요,https://www.oliveyoung.co.kr/store/goods/getGoodsDetail.do?goodsNo=A000000253622&dispCatNo=100000100010014&trackingCd=Cat100000100010014_Small&t_page=카테고리관&t_click=에센스/세럼/앰플_전체__상품상세&t_number=16
2026-05-03,oliveyoung,신상품순,,[잡티톤업] 센텔리안24 엑스퍼트 마데카 멜라 캡처 앰플 맥스 15ml 더블기획 (+푸린 수면안대 포켓몬 에디션),"3,040",5,지성,제가 얼굴 양쪽 볼 쪽에 기미잡티가 심해서 믿고 구매해봤어요. 아직 써본지 얼마 안됬지만 우선 느낌은 괜찮아요.,https://www.oliveyoung.co.kr/store/goods/getGoodsDetail.do?goodsNo=A000000253622&dispCatNo=100000100010014&trackingCd=Cat100000100010014_Small&t_page=카테고리관&t_click=에센스/세럼/앰플_전체__상품상세&t_number=16
2026-05-03,oliveyoung,신상품순,,[1등 세럼/모공피지] 센텔리안24 마데카 분말 티트리 에이씨 6g 더블기획(+푸린 수면안대 포켓몬 에디션),"1,127",5,건성,너무 좋아요 진심 결 좋아짐 주변에 홍보하고 다녔음 다음에 또 살 예정,https://www.oliveyoung.co.kr/store/goods/getGoodsDetail.do?goodsNo=A000000253620&dispCatNo=100000100010014&trackingCd=Cat100000100010014_Small&t_page=카테고리관&t_click=에센스/세럼/앰플_전체__상품상세&t_number=17
2026-05-03,oliveyoung,신상품순,,[1등 세럼/모공피지] 센텔리안24 마데카 분말 티트리 에이씨 6g 더블기획(+푸린 수면안대 포켓몬 에디션),"1,127",5,없음,광고보고 구비해놧는데 트러블이 별로안나고있어서 자주 안쓰네용 다행인지 ㅎㅎ,https://www.oliveyoung.co.kr/store/goods/getGoodsDetail.do?goodsNo=A000000253620&dispCatNo=100000100010014&trackingCd=Cat100000100010014_Small&t_page=카테고리관&t_click=에센스/세럼/앰플_전체__상품상세&t_number=17
2026-05-03,oliveyoung,신상품순,,[1등 세럼/모공피지] 센텔리안24 마데카 분말 티트리 에이씨 6g 더블기획(+푸린 수면안대 포켓몬 에디션),"1,127",5,없음,"요즘처럼 피부 컨디션 들쑥날쑥할 때 구원 투수처럼 꺼내 쓰는 센텔리안24 마데카 분말 티트리 에이씨! ? 가루 타입이라 생소할 수 있지만, 평소 쓰는 앰플이나 크림에 톡톡 섞어주기만 하면 나만의 맞춤 진정 케어 템이 완성돼요. 병풀의 핵심 성분인 마데카식애씨드와 아시아티코사이드 성분이 고농축되어 있어 피부 고민 부위를 섬세하게 다독여주는 느낌이랄까요? ?? 특히 티트리 오일과 추출물이 함유되어 특유의 시원하고 깨끗한 향이 감도는데, 제형이 워낙 고와서 피부에 겉돌지 않고 싹 흡수되는 게 참 매력적이에요. 번들거림을 잡아주는 데도 도움을 줘서 지복합성 피부인 분들도 부담 없이 쓸 수 있을 것 같아요. 마음에 쏙 드는 진정 꿀템이라 화장대 필수품으로 등극했답니다! 폼 나는 피부를 위한 작지만 강한 한 방, 더블 기획으로 넉넉하게 챙겨보세요. ???♀?",https://www.oliveyoung.co.kr/store/goods/getGoodsDetail.do?goodsNo=A000000253620&dispCatNo=100000100010014&trackingCd=Cat100000100010014_Small&t_page=카테고리관&t_click=에센스/세럼/앰플_전체__상품상세&t_number=17
2026-05-03,oliveyoung,신상품순,,[1등 세럼/모공피지] 센텔리안24 마데카 분말 티트리 에이씨 6g 더블기획(+푸린 수면안대 포켓몬 에디션),"1,127",5,없음,확실히 트러블 진정에 엄청 효과적이에요. 아픈 트러블에 진짜 아끼지말고 듬뿍 바르고 다음날 일어나면 가라앉아 있어서 너무 신기하고 코랑 나비존에 발라주는데 모공이 좀 해결된 느낌이에요,https://www.oliveyoung.co.kr/store/goods/getGoodsDetail.do?goodsNo=A000000253620&dispCatNo=100000100010014&trackingCd=Cat100000100010014_Small&t_page=카테고리관&t_click=에센스/세럼/앰플_전체__상품상세&t_number=17
2026-05-03,oliveyoung,신상품순,,[1등 세럼/모공피지] 센텔리안24 마데카 분말 티트리 에이씨 6g 더블기획(+푸린 수면안대 포켓몬 에디션),"1,127",5,건성,촉촉하고 진정에 너무 좋았어요 끈적임도 없고 산뜻해서 좋아요!,https://www.oliveyoung.co.kr/store/goods/getGoodsDetail.do?goodsNo=A000000253620&dispCatNo=100000100010014&trackingCd=Cat100000100010014_Small&t_page=카테고리관&t_click=에센스/세럼/앰플_전체__상품상세&t_number=17
2026-05-03,oliveyoung,신상품순,,[1등 세럼/모공피지] 센텔리안24 마데카 분말 티트리 에이씨 6g 더블기획(+푸린 수면안대 포켓몬 에디션),"1,127",5,복합성,없으면 불안템! 트러블이 나거나 피부가 좀 예민한 날에 직접적으로 이 제품만 고민부위에 발라줘도 되고 크림이나 세럼에 섞어서 써도 좋아요. 가루 자체만으로도 문지르면 가볍게 녹으면서 촉촉하게 피부에 스며들어서 단독으로 쓰기에도 좋더라구요. 단독으로 써보면 피부에 촉촉하게 스민 뒤에는 뽀송해지는걸 느낄 수 있어요. 아무래도 뾰루지는 유분이 많이 나는 환경에서 발생하기 쉬운데 그런 유분감을 싹 잡아주고 보습은 채워주는 느낌이었어요. 향은 티트리향이 조금 나는 편이긴 하지만 쎄지 않아서 괜찮아요!! 통이 작아보이지만 듬뿍듬뿍 두달정도 사용중인데 없어질 기미가 안보임 ㅋㅋ 대만족입니다!,https://www.oliveyoung.co.kr/store/goods/getGoodsDetail.do?goodsNo=A000000253620&dispCatNo=100000100010014&trackingCd=Cat100000100010014_Small&t_page=카테고리관&t_click=에센스/세럼/앰플_전체__상품상세&t_number=17
2026-05-03,oliveyoung,신상품순,,[1등 세럼/모공피지] 센텔리안24 마데카 분말 티트리 에이씨 6g 더블기획(+푸린 수면안대 포켓몬 에디션),"1,127",5,없음,가루타입이 효과면에서 좋다는건 얼고 있지만 섞어쓰기 은근 불편해 자주 못썼는데 이건 단독사용으로도 잘 녹으니까 자주 쓰게 되요. 일단 올렸을때 약간 시원해지고 아프거나 가려움도 덜한 효과 좋아요. 얼굴에 바로도 올려주는데 가끔 조준 안될때가 있어 맘편히 손등에 던 다음 트러블 부위에 올려줘요.,https://www.oliveyoung.co.kr/store/goods/getGoodsDetail.do?goodsNo=A000000253620&dispCatNo=100000100010014&trackingCd=Cat100000100010014_Small&t_page=카테고리관&t_click=에센스/세럼/앰플_전체__상품상세&t_number=17
2026-05-03,oliveyoung,신상품순,,[1등 세럼/모공피지] 센텔리안24 마데카 분말 티트리 에이씨 6g 더블기획(+푸린 수면안대 포켓몬 에디션),"1,127",5,복합성,수부지에 민감성인데 트러블이 엄청 자주 나는 편이라 빨리 진정시켜줄 수 있는 제품을 찾던 차였어요. 이 제품이 진정에 좋다해서 구매했는데 진짜 좋음 ㅋㅋ 처음엔 한통만 사서 써보자 했다가 좋아서 두개짜리 재구매했어요. 생각보다 크기는 되게 작은데 저는 트러블난 자리에만 사용하니까 꽤 오래 써요. 저는 세안 후 건조한 피부 상태일때 두세번 정도 검지 손가락에 올려서 도톰하게 트러블 부위에 올려줘요. 그리고 기초케어 끝낸 뒤 한번 더 두세번 정도 도톰하게 올려줍니다. 그럼 진짜 빨리 진정돼요. 삐르면 다음날 아침 바로 진정되더라구요. 신기하게 완전 가루 제형인데 문지르면 세럼처럼 물이 됩니다. 그래서 딱히 다른 제품에 섞어쓰지 않아도 된다는 점이 좋았어요!!,https://www.oliveyoung.co.kr/store/goods/getGoodsDetail.do?goodsNo=A000000253620&dispCatNo=100000100010014&trackingCd=Cat100000100010014_Small&t_page=카테고리관&t_click=에센스/세럼/앰플_전체__상품상세&t_number=17
2026-05-03,oliveyoung,신상품순,,[1등 세럼/모공피지] 센텔리안24 마데카 분말 티트리 에이씨 6g 더블기획(+푸린 수면안대 포켓몬 에디션),"1,127",5,지성,동생꺼 써보고 효과좋아서 구매했어요 1+1기획인데 단품보더 저렴해서 바로 겟했어요 가루타입인데 바르면 녹아서 제형이 신기하더라고요 앰플이랑 섞어서 발라도 괜찮더라고요 트러블 난 부위에 발랐는데 다음날 진정된게 바로 느껴졌어요 지금 할인 더 많이 들어갔을때 구매하세요,https://www.oliveyoung.co.kr/store/goods/getGoodsDetail.do?goodsNo=A000000253620&dispCatNo=100000100010014&trackingCd=Cat100000100010014_Small&t_page=카테고리관&t_click=에센스/세럼/앰플_전체__상품상세&t_number=17
2026-05-03,oliveyoung,신상품순,,[1등 세럼/모공피지] 센텔리안24 마데카 분말 티트리 에이씨 6g 더블기획(+푸린 수면안대 포켓몬 에디션),"1,127",5,건성,제형이 진짜 너무 신기해요! 입자가 꽤 고운 파우더 형태인데 그냥 맨얼굴에 문질러도 스며들듯이 흡수가 됩니다..! 물론 얼굴로 가져갈때 흘리기 쉬워서 토너 정도 바르고 쓰거나 원래 쓰는 스킨케어제품에 섞어 써도 될 것 같아요~ 생각보다 쓰기 편해서 추천?,https://www.oliveyoung.co.kr/store/goods/getGoodsDetail.do?goodsNo=A000000253620&dispCatNo=100000100010014&trackingCd=Cat100000100010014_Small&t_page=카테고리관&t_click=에센스/세럼/앰플_전체__상품상세&t_number=17
2026-05-03,oliveyoung,신상품순,,[급속진정 장벽개선] 레이어랩 니오좀 판테놀 5% 세럼 30ml 기획 (+1.5ml*5ea),"2,236",5,건성,속건조 잡아줘서 세안하고 스킨 후 바로 발라주면 땅김도 적어지고 수분감도 업돼서 조아여 ㅎㅎ벌써 여러통째 삿어요!!,https://www.oliveyoung.co.kr/store/goods/getGoodsDetail.do?goodsNo=A000000253401&dispCatNo=100000100010014&trackingCd=Cat100000100010014_Small&t_page=카테고리관&t_click=에센스/세럼/앰플_전체__상품상세&t_number=20
2026-05-03,oliveyoung,신상품순,,[급속진정 장벽개선] 레이어랩 니오좀 판테놀 5% 세럼 30ml 기획 (+1.5ml*5ea),"2,236",5,지성,??바르다보니 피부결이 개선되는 게 느껴져요! 판테놀이 들어있어서 저녁에만 조금씩 발랐는데 눈에 띄게 효과가 보여서 넘 신기해요,https://www.oliveyoung.co.kr/store/goods/getGoodsDetail.do?goodsNo=A000000253401&dispCatNo=100000100010014&trackingCd=Cat100000100010014_Small&t_page=카테고리관&t_click=에센스/세럼/앰플_전체__상품상세&t_number=20
2026-05-03,oliveyoung,신상품순,,[급속진정 장벽개선] 레이어랩 니오좀 판테놀 5% 세럼 30ml 기획 (+1.5ml*5ea),"2,236",5,건성,레이어랩 판테놀세럼 벌써 4통 구매했어요! 속당김도 잡아주는 제품력 좋은 템이라 매일 발라주고 있어요,https://www.oliveyoung.co.kr/store/goods/getGoodsDetail.do?goodsNo=A000000253401&dispCatNo=100000100010014&trackingCd=Cat100000100010014_Small&t_page=카테고리관&t_click=에센스/세럼/앰플_전체__상품상세&t_number=20
2026-05-03,oliveyoung,신상품순,,[급속진정 장벽개선] 레이어랩 니오좀 판테놀 5% 세럼 30ml 기획 (+1.5ml*5ea),"2,236",5,없음,엄청 피부애 잘멎기도 하고 발림성도 좋으면서됴 흡수도 잘되고 바르기도 좋아서 재구매해서 바르로 있는데 부드럽고 촉촉하게 바르기도 좋으면서도 화장하기 전에 바르기도 좋아용,https://www.oliveyoung.co.kr/store/goods/getGoodsDetail.do?goodsNo=A000000253401&dispCatNo=100000100010014&trackingCd=Cat100000100010014_Small&t_page=카테고리관&t_click=에센스/세럼/앰플_전체__상품상세&t_number=20
2026-05-03,oliveyoung,신상품순,,[급속진정 장벽개선] 레이어랩 니오좀 판테놀 5% 세럼 30ml 기획 (+1.5ml*5ea),"2,236",5,복합성,피부장벽 케어가 필요해서 구매했어요 일단 제형이 너무 무겁지 않고 적당히 쫀쫀한 느낌이라 바를 때 부드럽게 펴지면서도 피부에 착 붙는 사용감이 좋았어요 요즘 피부 예민해져서 뒤집어졌었는데 이거 바르고 많이 진정됐네용 며칠 꾸준히 쓰니까 피부결도 정돈되고 전반적으로 장벽이 탄탄해진 느낌이라 기능성 성분도 자극없이 잘먹어서 만족해요!,https://www.oliveyoung.co.kr/store/goods/getGoodsDetail.do?goodsNo=A000000253401&dispCatNo=100000100010014&trackingCd=Cat100000100010014_Small&t_page=카테고리관&t_click=에센스/세럼/앰플_전체__상품상세&t_number=20
2026-05-03,oliveyoung,신상품순,,[급속진정 장벽개선] 레이어랩 니오좀 판테놀 5% 세럼 30ml 기획 (+1.5ml*5ea),"2,236",5,지성,"요즘 자기전에 매일 바르고 자는 세럼입니다 지성피부한테는 좀 무거워서 밤에만 발라요!! 판테놀, 나이아신 등 좋은 성분 많이 들어갔는데 물도 정제수 아니고 화산암바수라서 더 영양가 있는 너낌이에요.. 근데 바르고나면 손이랑 얼굴 번들번들해지는건 좀 감안해야합니당",https://www.oliveyoung.co.kr/store/goods/getGoodsDetail.do?goodsNo=A000000253401&dispCatNo=100000100010014&trackingCd=Cat100000100010014_Small&t_page=카테고리관&t_click=에센스/세럼/앰플_전체__상품상세&t_number=20
2026-05-03,oliveyoung,신상품순,,[급속진정 장벽개선] 레이어랩 니오좀 판테놀 5% 세럼 30ml 기획 (+1.5ml*5ea),"2,236",5,복합성,바르고나서 손을 보면 촉촉하다 못해 반짝반짝 광이나고 얼굴에 바르면흡수는 빠르지 않지만 속건조에 즉각 효과가 있고 피부가 안정되는게 느껴질정도다얼굴에 발랐을때 은은한 광이 돈네용 크림 도포하기 전기초 꿀템으로 합격!난홍조와 코주변 모공이 늘어짐이 스트레스인데 한달정도 니오좀 판테놀 쓰고나모공이 확나아진건 아니지만 피부결이 전보다 부드러워 지고 촉촉해졌다는게 느껴졋어용 ㅎㄹ,https://www.oliveyoung.co.kr/store/goods/getGoodsDetail.do?goodsNo=A000000253401&dispCatNo=100000100010014&trackingCd=Cat100000100010014_Small&t_page=카테고리관&t_click=에센스/세럼/앰플_전체__상품상세&t_number=20
2026-05-03,oliveyoung,신상품순,,[급속진정 장벽개선] 레이어랩 니오좀 판테놀 5% 세럼 30ml 기획 (+1.5ml*5ea),"2,236",4,건성,요거 항상 써보고싶엇던 제품인데 올영에 들어왓더라구요! 우선 전 악건성 기준 보습력 아주 만족스럽고 제형은 좀 꾸덕하고 무게감잇는 편이에여 그래서 흡수가 좀 더딜려나 싶엇는데 문지르고 나니 잘 흡수되더라구요! 더 더워지기전에 쭉 써봐야겟어요 :),https://www.oliveyoung.co.kr/store/goods/getGoodsDetail.do?goodsNo=A000000253401&dispCatNo=100000100010014&trackingCd=Cat100000100010014_Small&t_page=카테고리관&t_click=에센스/세럼/앰플_전체__상품상세&t_number=20
2026-05-03,oliveyoung,신상품순,,[급속진정 장벽개선] 레이어랩 니오좀 판테놀 5% 세럼 30ml 기획 (+1.5ml*5ea),"2,236",5,복합성,"속건조 잡으면서 피부결까지 편안하게 정리되는 느낌이라 요즘 매일 손이 가요ㅎㅎ요거 처음 썼을 때 제일 놀랐던 게 겉만 촉촉한 게 아니라 속까지 채워지는 느낌이에요 평소에 수분 세럼 이것저것 써봤는데 바르고 나면 금방 건조해지는 경우 많잖아요? 근데 이건 바른 직후보다 시간이 지나도 피부가 계속 편안하더라구요 실제로 판테놀 성분이 장벽 케어랑 보습에 좋다고 해서 기대했는데, 확실히 속건조 잡는 건 괜찮더라구요 제형은 완전 물처럼 흐르는 건 아니고, 살짝 우윳빛 도는 묽은 에센스 느낌이에요. 너무 가볍지도, 너무 무겁지도 않은 딱 중간이라 레이어링하기 좋더라구요. 처음엔 끈적일까 걱정했는데 생각보다 흡수 빠르고, 흡수되고 나면 겉은 산뜻한데 속은 쫀쫀하게 채워진 느낌? 그래서 아침에도 부담 없이 쓰기 좋았어요 (약간 유분감은 있음) 요즘 피부 예민해져서 뭐만 바르면 붉어지고 그랬는데, 이거 쓰고 나서는 확실히 진정되는 느낌이 있어요. 특히 세안 후 바로 발라주면 피부 당김이 훨씬 덜해요. 장벽 개선 쪽으로 만들어진 제품이라 그런지 며칠 쓰다 보니까 피부결이 좀 정돈되는 느낌도 들고요. 꾸준히 쓰면 더 효과 보일 타입이라 지금은 거의 데일리로 쓰고 있어요 그리고 은근히 좋은 게 다른 크림이나 앰플이랑 궁합이 잘 맞아요. 밀림 없이 착 붙어서 스킨케어 루틴에 넣기 편해요 향도 거의 없어서 민감한 분들도 무난하게 쓸 수 있을 듯! ?? 속건조 잡는 데 확실히 도움됨 ?? 자극 없이 편안한 진정 느낌 ?? 끈적임 적고 레이어링 쉬움 ?? 꾸준히 쓰기 좋은 기본템 느낌 민감하거나 속건조 심한 분들은 한 번 써볼 만한 세럼이에요!",https://www.oliveyoung.co.kr/store/goods/getGoodsDetail.do?goodsNo=A000000253401&dispCatNo=100000100010014&trackingCd=Cat100000100010014_Small&t_page=카테고리관&t_click=에센스/세럼/앰플_전체__상품상세&t_number=20
2026-05-03,oliveyoung,신상품순,,[급속진정 장벽개선] 레이어랩 니오좀 판테놀 5% 세럼 30ml 기획 (+1.5ml*5ea),"2,236",5,없음,건성피부인데 이거 바르고나면 바르자마자 촉촉해지면서 속건조까지 꽉채워지는 느낌이라 꾸준히 바르고있어요 반투명의 점성있는 제형인데 발림도 좋고 바르고자면 다음날까지 촉촉해서 화장도 잘먹고 판테놀 성분때문인지 홍조도 덜해서 좋아요,https://www.oliveyoung.co.kr/store/goods/getGoodsDetail.do?goodsNo=A000000253401&dispCatNo=100000100010014&trackingCd=Cat100000100010014_Small&t_page=카테고리관&t_click=에센스/세럼/앰플_전체__상품상세&t_number=20
2026-05-03,oliveyoung,신상품순,,[5월올영픽/포켓몬 에디션] 닥터지 레드블레미쉬 클리어 히알시카 수딩세럼 50ml 리필기획 (리필50ml+꼬부기파우치),"2,088",4,없음,순한 앰플 에센스 느낌이고 눈에 띄게 좋아졌다라기 보다 더이상 피부 컨디션이 나빠지지 않게 해주는 것 같아요,https://www.oliveyoung.co.kr/store/goods/getGoodsDetail.do?goodsNo=A000000253383&dispCatNo=100000100010014&trackingCd=Cat100000100010014_Small&t_page=카테고리관&t_click=에센스/세럼/앰플_전체__상품상세&t_number=21
2026-05-03,oliveyoung,신상품순,,[5월올영픽/포켓몬 에디션] 닥터지 레드블레미쉬 클리어 히알시카 수딩세럼 50ml 리필기획 (리필50ml+꼬부기파우치),"2,088",5,복합성,닥터지 세럼은 처음 써봤는데 저에겐 조금 가벼운 느낌이예요.,https://www.oliveyoung.co.kr/store/goods/getGoodsDetail.do?goodsNo=A000000253383&dispCatNo=100000100010014&trackingCd=Cat100000100010014_Small&t_page=카테고리관&t_click=에센스/세럼/앰플_전체__상품상세&t_number=21
2026-05-03,oliveyoung,신상품순,,[5월올영픽/포켓몬 에디션] 닥터지 레드블레미쉬 클리어 히알시카 수딩세럼 50ml 리필기획 (리필50ml+꼬부기파우치),"2,088",4,건성,"☆반반짬뽕 = 애매템☆ *히알루론산에 집중한 것도, 시카에 집중한 것도 아님 *그냥 반반이라 효과도 반반임 *히알루론산 세럼도 바르고 싶고~ 시카도 있으면 좋겠는데~ 2개를 같이 쓰기엔 좀 부담되네~ 라면 무난하게 추천함!(난 그냥 2개 다 쓰는 중) *기존에 사용하던 제품(시카 세럼)이 효과가 별로 없나~ 하고 유목민처럼 떠돌다가 해당 제품 한통 다 쓰고 기존 제품으로 바로 복귀/정착했음 (차이가 체감 되더라고요.. 회복력이 다름) *시카력 수분력 보통이고 저자극으로 모든 피부 사용 가능함 ★저자극이라 남녀노소 무난하게 선물도 가능한 제품인데, 선물 받은 사람이 재구매 할지는 모르겠음~ 물론 나도 재구매 의사는 없음★",https://www.oliveyoung.co.kr/store/goods/getGoodsDetail.do?goodsNo=A000000253383&dispCatNo=100000100010014&trackingCd=Cat100000100010014_Small&t_page=카테고리관&t_click=에센스/세럼/앰플_전체__상품상세&t_number=21
2026-05-03,oliveyoung,신상품순,,[5월올영픽/포켓몬 에디션] 닥터지 레드블레미쉬 클리어 히알시카 수딩세럼 50ml 리필기획 (리필50ml+꼬부기파우치),"2,088",5,없음,민감성 진정 피부에는 마데카소사이드나 시카가 함유된 세럼이나 앰플이 좋다고 해서 검색하다가 닥터지로 구매했어요 20ml 추가 용량도 있어서 넉넉하게 잘 사용할 것 같습니다 너무 묽지도 꾸덕하지도 않은 제형이라 흡수도 잘 됩니다 지금 계절부터 여름에도 잘 사용할거 같아요!,https://www.oliveyoung.co.kr/store/goods/getGoodsDetail.do?goodsNo=A000000253383&dispCatNo=100000100010014&trackingCd=Cat100000100010014_Small&t_page=카테고리관&t_click=에센스/세럼/앰플_전체__상품상세&t_number=21
2026-05-03,oliveyoung,신상품순,,[5월올영픽/포켓몬 에디션] 닥터지 레드블레미쉬 클리어 히알시카 수딩세럼 50ml 리필기획 (리필50ml+꼬부기파우치),"2,088",5,복합성,닥터지 레드 블레미쉬 라인은 다 좋은 것 같아요. 이것도 역시 좋아요. 진정도 잘되고 보습력도 좋아요.,https://www.oliveyoung.co.kr/store/goods/getGoodsDetail.do?goodsNo=A000000253383&dispCatNo=100000100010014&trackingCd=Cat100000100010014_Small&t_page=카테고리관&t_click=에센스/세럼/앰플_전체__상품상세&t_number=21
2026-05-03,oliveyoung,신상품순,,[5월올영픽/포켓몬 에디션] 닥터지 레드블레미쉬 클리어 히알시카 수딩세럼 50ml 리필기획 (리필50ml+꼬부기파우치),"2,088",5,건성,"수분과 진정을 동시에 할 수 있을 것 같아서 구매했어요 곧 여름이여서 스킨케어 스텝을 줄이려고 보는데 진정, 수분이 같이 되고 엄청 물처럼 흐르고 끈적이지 않고 적당히 쫀쫀한 느낌이라 잘 사용할 것 같아요",https://www.oliveyoung.co.kr/store/goods/getGoodsDetail.do?goodsNo=A000000253383&dispCatNo=100000100010014&trackingCd=Cat100000100010014_Small&t_page=카테고리관&t_click=에센스/세럼/앰플_전체__상품상세&t_number=21
2026-05-03,oliveyoung,신상품순,,[5월올영픽/포켓몬 에디션] 닥터지 레드블레미쉬 클리어 히알시카 수딩세럼 50ml 리필기획 (리필50ml+꼬부기파우치),"2,088",5,없음,너무 순해서 세럼 중에서 이것만 바르네요 떨어지면 또 구매 할 생각이네요,https://www.oliveyoung.co.kr/store/goods/getGoodsDetail.do?goodsNo=A000000253383&dispCatNo=100000100010014&trackingCd=Cat100000100010014_Small&t_page=카테고리관&t_click=에센스/세럼/앰플_전체__상품상세&t_number=21
2026-05-03,oliveyoung,신상품순,,[5월올영픽/포켓몬 에디션] 닥터지 레드블레미쉬 클리어 히알시카 수딩세럼 50ml 리필기획 (리필50ml+꼬부기파우치),"2,088",5,복합성,2개 이상 사면 패드 준다길래 바로 2개 샀어요 ㅎㅎ 좋다길래 사려고 했는데 개꿀,https://www.oliveyoung.co.kr/store/goods/getGoodsDetail.do?goodsNo=A000000253383&dispCatNo=100000100010014&trackingCd=Cat100000100010014_Small&t_page=카테고리관&t_click=에센스/세럼/앰플_전체__상품상세&t_number=21
2026-05-03,oliveyoung,신상품순,,[5월올영픽/포켓몬 에디션] 닥터지 레드블레미쉬 클리어 히알시카 수딩세럼 50ml 리필기획 (리필50ml+꼬부기파우치),"2,088",5,없음,몇통째 사용중인데 진짜 좋아요. 수분도 잘 채워주고 진정도 잘 되는데 기름지지 않아요. 아침에 화장하기 전에 발라주면 뜨지도 않고 건조하지도 않고 딱 적당해요.,https://www.oliveyoung.co.kr/store/goods/getGoodsDetail.do?goodsNo=A000000253383&dispCatNo=100000100010014&trackingCd=Cat100000100010014_Small&t_page=카테고리관&t_click=에센스/세럼/앰플_전체__상품상세&t_number=21
2026-05-03,oliveyoung,신상품순,,[5월올영픽/포켓몬 에디션] 닥터지 레드블레미쉬 클리어 히알시카 수딩세럼 50ml 리필기획 (리필50ml+꼬부기파우치),"2,088",4,복합성,솔직히 진정도 모르겠고 (자극은 없음) 수분감도 처음엔 확실히 촉촉하지만 가벼워서 촉촉함이 오래간다 하기에도 애매한데 그냥 딱 무난해서 괜찮은 세럼 기초 안맞으면 바로 좁쌀 올라오는 피부인데 얜 아무 증상 없었어요 순하긴 한 듯 여름에 가볍게 쓰기 좋을 것 같아요 건성 분들은 한여름에나 쓰시려나 싶고 수부지/지성 분들이 쓰기 괜찮은 가벼운 세럼,https://www.oliveyoung.co.kr/store/goods/getGoodsDetail.do?goodsNo=A000000253383&dispCatNo=100000100010014&trackingCd=Cat100000100010014_Small&t_page=카테고리관&t_click=에센스/세럼/앰플_전체__상품상세&t_number=21
2026-05-03,oliveyoung,신상품순,,[KBO 콜라보 손목밴드 증정] 메디힐 마데카소사이드 흔적 리페어 세럼 40+40ml 기획,"32,706",5,없음,"메디힐은 워낙에 유명하니까요! 기초화장 전에 바르거나, 파운데이션을 하면서 섞어서 발라주는데 화장의 지속력이 오래가는거 같고 촉촉해서 좋아요!",https://www.oliveyoung.co.kr/store/goods/getGoodsDetail.do?goodsNo=A000000252908&dispCatNo=100000100010014&trackingCd=Cat100000100010014_Small&t_page=카테고리관&t_click=에센스/세럼/앰플_전체__상품상세&t_number=22
2026-05-03,oliveyoung,신상품순,,[KBO 콜라보 손목밴드 증정] 메디힐 마데카소사이드 흔적 리페어 세럼 40+40ml 기획,"32,706",5,없음,세안 후 첫 단계로 바르기 좋아요. 유분감이 전혀 없어 수분감만 채워주고 휘발되는 느낌이라 해야하나 무튼 넘 좋습니다. 화장전에 발라줘도 좋아요 추천합니다,https://www.oliveyoung.co.kr/store/goods/getGoodsDetail.do?goodsNo=A000000252908&dispCatNo=100000100010014&trackingCd=Cat100000100010014_Small&t_page=카테고리관&t_click=에센스/세럼/앰플_전체__상품상세&t_number=22
2026-05-03,oliveyoung,신상품순,,[KBO 콜라보 손목밴드 증정] 메디힐 마데카소사이드 흔적 리페어 세럼 40+40ml 기획,"32,706",5,없음,촉촉하고 뭔가 얼굴 쿨링효과도 있구 좋아요 20통은 쓴것같아서 항상 4병씩 쟁여요,https://www.oliveyoung.co.kr/store/goods/getGoodsDetail.do?goodsNo=A000000252908&dispCatNo=100000100010014&trackingCd=Cat100000100010014_Small&t_page=카테고리관&t_click=에센스/세럼/앰플_전체__상품상세&t_number=22
2026-05-03,oliveyoung,신상품순,,[KBO 콜라보 손목밴드 증정] 메디힐 마데카소사이드 흔적 리페어 세럼 40+40ml 기획,"32,706",5,건성,살래말래 살래말래 살래말레 살레말래 살례말래 살래말례 내 인생 세럼이긴해 이거쓰고 여드름 많이 없어졌긴해 토너패드랑 같이쓰니까 시너지쩔긴해 앞으로 당분간은 이것만 쓸거같긴해 또살거긴해 사자! 옼케이~~~,https://www.oliveyoung.co.kr/store/goods/getGoodsDetail.do?goodsNo=A000000252908&dispCatNo=100000100010014&trackingCd=Cat100000100010014_Small&t_page=카테고리관&t_click=에센스/세럼/앰플_전체__상품상세&t_number=22
2026-05-03,oliveyoung,신상품순,,[KBO 콜라보 손목밴드 증정] 메디힐 마데카소사이드 흔적 리페어 세럼 40+40ml 기획,"32,706",5,없음,운동시작하고 피부 뒤집어져서 샀는데 시원하게 사용하니 흡수도 잘되고 좋아요??,https://www.oliveyoung.co.kr/store/goods/getGoodsDetail.do?goodsNo=A000000252908&dispCatNo=100000100010014&trackingCd=Cat100000100010014_Small&t_page=카테고리관&t_click=에센스/세럼/앰플_전체__상품상세&t_number=22
2026-05-03,oliveyoung,신상품순,,[KBO 콜라보 손목밴드 증정] 메디힐 마데카소사이드 흔적 리페어 세럼 40+40ml 기획,"32,706",5,복합성,여드름 흔적 케어에 사용하려고 주문해보았어요 후기가 좋길래 기대중이에요,https://www.oliveyoung.co.kr/store/goods/getGoodsDetail.do?goodsNo=A000000252908&dispCatNo=100000100010014&trackingCd=Cat100000100010014_Small&t_page=카테고리관&t_click=에센스/세럼/앰플_전체__상품상세&t_number=22
2026-05-03,oliveyoung,신상품순,,[KBO 콜라보 손목밴드 증정] 메디힐 마데카소사이드 흔적 리페어 세럼 40+40ml 기획,"32,706",5,복합성,피부 건조해서 당김 심하고 잡티가 눈에 띄어 발랐는데 피부가 조금 화사해진것 같고 무엇보다 건조함이 덜해서 좋아요,https://www.oliveyoung.co.kr/store/goods/getGoodsDetail.do?goodsNo=A000000252908&dispCatNo=100000100010014&trackingCd=Cat100000100010014_Small&t_page=카테고리관&t_click=에센스/세럼/앰플_전체__상품상세&t_number=22
2026-05-03,oliveyoung,신상품순,,[KBO 콜라보 손목밴드 증정] 메디힐 마데카소사이드 흔적 리페어 세럼 40+40ml 기획,"32,706",5,복합성,마스크팩 라인을 사용해보고 너무 좋아서 구매했습니다. 발림이 좋아요.,https://www.oliveyoung.co.kr/store/goods/getGoodsDetail.do?goodsNo=A000000252908&dispCatNo=100000100010014&trackingCd=Cat100000100010014_Small&t_page=카테고리관&t_click=에센스/세럼/앰플_전체__상품상세&t_number=22
2026-05-03,oliveyoung,신상품순,,[KBO 콜라보 손목밴드 증정] 메디힐 마데카소사이드 흔적 리페어 세럼 40+40ml 기획,"32,706",5,없음,여드름 자국이랑 홍조 때문에 거울 볼 때마다 속상했는데 이거 써보고 조금씩 나아지는 것 같아서 신기해요 질감이 약간 불투명하고 점도가 살짝 있어서 처음엔 무거우려나 싶었는데 바르면 쫀득하게 스며드는 느낌이라 되게 기분 좋더라구요? 마데카소사이드 성분이 진정에 좋다고 해서 반신반의하면서 샀는데 자국 난 부위에 집중적으로 발랐더니 확실히 예전보다 덜 붉어진 것 같기도 하고 피부가 좀 안정된 느낌 완전 드라마틱하게 확 바뀐 건 아니고 은근슬쩍 나아지는 스타일이라 꾸준히 써봐야 알 것 같아요 향도 자극적이지 않고 순해서 예민한 피부도 쓸 수 있을 것 같고 당기거나 뒤집어지는 것도 없어서 계속 손이 가게 되는 제품이네여,https://www.oliveyoung.co.kr/store/goods/getGoodsDetail.do?goodsNo=A000000252908&dispCatNo=100000100010014&trackingCd=Cat100000100010014_Small&t_page=카테고리관&t_click=에센스/세럼/앰플_전체__상품상세&t_number=22
2026-05-03,oliveyoung,신상품순,,[KBO 콜라보 손목밴드 증정] 메디힐 마데카소사이드 흔적 리페어 세럼 40+40ml 기획,"32,706",5,복합성,"마데카소사이드 흔적 세럼 너무 잘 쓰고 있어요. 좋은제품,저렴한가격,맘에듭니다",https://www.oliveyoung.co.kr/store/goods/getGoodsDetail.do?goodsNo=A000000252908&dispCatNo=100000100010014&trackingCd=Cat100000100010014_Small&t_page=카테고리관&t_click=에센스/세럼/앰플_전체__상품상세&t_number=22
2026-05-03,oliveyoung,신상품순,,[5월 올영픽/버블용기 증정]에스테덤 셀룰러워터 에센스 125ml 기획 (+버블 펌프 50ml),295,5,지성,"판매자에게 제품비의 일부를 지원받았지만, 저의 솔직한 후기입니다. 애스테덤 미스트도 써보고 셀룰러 크림도 써보고 별 다양한 거 다 써봤는데 이번에 보니까 에센스도 있더라고요. 근데 그냥 에센스가 아닌 워터 용기에 넣어서 쓰는 에센스입니다. 생각보다 좀 놀란 게 이때까지 에센스는 그냥 물 토너 사용하듯이 썼는데 거품을 내서 에센스를 쓰니까 뭔가 기분이 묘해요..?? 제품 괜찮으니까 한번 써보세요!",https://www.oliveyoung.co.kr/store/goods/getGoodsDetail.do?goodsNo=A000000252735&dispCatNo=100000100010014&trackingCd=Cat100000100010014_Small&t_page=카테고리관&t_click=에센스/세럼/앰플_전체__상품상세&t_number=23
2026-05-03,oliveyoung,신상품순,,[5월 올영픽/버블용기 증정]에스테덤 셀룰러워터 에센스 125ml 기획 (+버블 펌프 50ml),295,5,없음,"수분 에센스 제품으로 유명하던데, 알고보니 셀룰러워터 테크놀로지로 산화 스트레스 제거, 스킨밸런스, ph최적화가 되는 제품이더라구요. 거품용기도 증정해줘서 세번 레이어드 해서 사용하니 피부 광나고 엄청 촉촉합니다",https://www.oliveyoung.co.kr/store/goods/getGoodsDetail.do?goodsNo=A000000252735&dispCatNo=100000100010014&trackingCd=Cat100000100010014_Small&t_page=카테고리관&t_click=에센스/세럼/앰플_전체__상품상세&t_number=23
2026-05-03,oliveyoung,신상품순,,[5월 올영픽/버블용기 증정]에스테덤 셀룰러워터 에센스 125ml 기획 (+버블 펌프 50ml),295,5,없음,애스테덤 제품은 순해서 항상 믿고쓴느데 이 제품도 그래요!! 세수하자마자 이걸로 세번정도 레이어링 하면 속건조도 잡히고 좋더라고요! 그리고 거품용기랑 같이쓰니까 쓰기가 훨씬 편해서 좋은거 같아요!,https://www.oliveyoung.co.kr/store/goods/getGoodsDetail.do?goodsNo=A000000252735&dispCatNo=100000100010014&trackingCd=Cat100000100010014_Small&t_page=카테고리관&t_click=에센스/세럼/앰플_전체__상품상세&t_number=23
2026-05-03,oliveyoung,신상품순,,[5월 올영픽/버블용기 증정]에스테덤 셀룰러워터 에센스 125ml 기획 (+버블 펌프 50ml),295,5,복합성,써보고 싶었던 스킨 ! 거품용기까지 있어서 더 편하게 사용할수있음 쫀쫀한 사용감 충분한 수분공급 향이 살짝 아쉬움 어릴적 엄마 화장품냄새,https://www.oliveyoung.co.kr/store/goods/getGoodsDetail.do?goodsNo=A000000252735&dispCatNo=100000100010014&trackingCd=Cat100000100010014_Small&t_page=카테고리관&t_click=에센스/세럼/앰플_전체__상품상세&t_number=23
2026-05-03,oliveyoung,신상품순,,[5월 올영픽/버블용기 증정]에스테덤 셀룰러워터 에센스 125ml 기획 (+버블 펌프 50ml),295,5,없음,"요즘 환절기라 진짜 기초화장 튼튼히 하고 화장해도 입 주변, 코 쪽이 다 뜨더라구여...매장 가서 테스트해보구 샀는데, 이게 그냥 봤을 때는 수분형이라 되게 가벼울 줄 알았거든요? 근데 다 에센스로 되어 있어서 수분+젤리 같은 느낌? 그래서 흔들어서 쓰면 완전 젤리같구, 그냥 냅두면 되게 워터리해보여요! 실제로 썼을 때도 가벼운 듯, 마무리 감은 엄청 촉촉해서 요즘 환절기에 쓰기 너무 좋을 것 같더라구용. 같이 중 버블 펌프 해서 화장 전에 쓰면 더 흡수 잘 될 것 같아서 기대중이구, 엄청 큰 클렌징밀크까지 같이 와서 완전 조아요 ? ? ? ? * ? ? 추천 !!!",https://www.oliveyoung.co.kr/store/goods/getGoodsDetail.do?goodsNo=A000000252735&dispCatNo=100000100010014&trackingCd=Cat100000100010014_Small&t_page=카테고리관&t_click=에센스/세럼/앰플_전체__상품상세&t_number=23
2026-05-03,oliveyoung,신상품순,,[5월 올영픽/버블용기 증정]에스테덤 셀룰러워터 에센스 125ml 기획 (+버블 펌프 50ml),295,5,없음,에스테텀 미스트를 쓰는데 이 제품은 어떨까 고민하다가 구매해봤어요! 우선 엄청 촉촉하고 속건조까지 잡아주니까 시술후에 발라주면 최고에요!!,https://www.oliveyoung.co.kr/store/goods/getGoodsDetail.do?goodsNo=A000000252735&dispCatNo=100000100010014&trackingCd=Cat100000100010014_Small&t_page=카테고리관&t_click=에센스/세럼/앰플_전체__상품상세&t_number=23
2026-05-03,oliveyoung,신상품순,,[5월 올영픽/버블용기 증정]에스테덤 셀룰러워터 에센스 125ml 기획 (+버블 펌프 50ml),295,5,건성,점도 있는 제형이여서 발랐을 때 수분이 빨리 날라가지 않고 보습되서 좋아요! 같이 증정되는 버블용기에 에센스를 담아 사용하니까 쫀쫀하게 사용할 수 있어서 너무 좋습니다!! 바르고 자면 아침에 피부가 엄청 촉촉해요!!,https://www.oliveyoung.co.kr/store/goods/getGoodsDetail.do?goodsNo=A000000252735&dispCatNo=100000100010014&trackingCd=Cat100000100010014_Small&t_page=카테고리관&t_click=에센스/세럼/앰플_전체__상품상세&t_number=23
2026-05-03,oliveyoung,신상품순,,[5월 올영픽/버블용기 증정]에스테덤 셀룰러워터 에센스 125ml 기획 (+버블 펌프 50ml),295,5,없음,워터제형의 에센스고 토너처럼 덜어쓰는 용기에요! 가격대가 있어서 고민했는데 후회없이 너무 촉촉 합니다!! 다음날 일어나서 피부가 달라져보인다고 해야하나 다들 피부좋아졌다고 칭찬해줬습니다! 보습이 짱 좋아요,https://www.oliveyoung.co.kr/store/goods/getGoodsDetail.do?goodsNo=A000000252735&dispCatNo=100000100010014&trackingCd=Cat100000100010014_Small&t_page=카테고리관&t_click=에센스/세럼/앰플_전체__상품상세&t_number=23
2026-05-03,oliveyoung,신상품순,,[5월 올영픽/버블용기 증정]에스테덤 셀룰러워터 에센스 125ml 기획 (+버블 펌프 50ml),295,5,복합성,"할인해서 4만원인 만큼 구성이 좀 많아요! 클랜징밀크랑 거품용기 에센스도 있고, 일회용 제품도 있구요! 촉촉하고 좋은것 같아요. 가격대가 좀 있어서 재구매는 아무래도 지갑사정이 넉넉하다면 할것 같아요",https://www.oliveyoung.co.kr/store/goods/getGoodsDetail.do?goodsNo=A000000252735&dispCatNo=100000100010014&trackingCd=Cat100000100010014_Small&t_page=카테고리관&t_click=에센스/세럼/앰플_전체__상품상세&t_number=23
2026-05-03,oliveyoung,신상품순,,[5월 올영픽/버블용기 증정]에스테덤 셀룰러워터 에센스 125ml 기획 (+버블 펌프 50ml),295,5,지성,비쨔지만 좋네요ㅎㅎ 촉촉한 에센스 느낌인데 흡수가 잘되고 끈적임 적어요! 향도 은은한 스파냄새 같습니다,https://www.oliveyoung.co.kr/store/goods/getGoodsDetail.do?goodsNo=A000000252735&dispCatNo=100000100010014&trackingCd=Cat100000100010014_Small&t_page=카테고리관&t_click=에센스/세럼/앰플_전체__상품상세&t_number=23
2026-05-03,oliveyoung,신상품순,,[100% 리뷰이벤트/NEW] 메디큐브 제로 모공 원데이 펩타이드 세럼 30ml,13,5,없음,"안녕하세요. 커지고 처지는 모공 때문에 고민이 많은 30대 남성입니다. 여자친구 추천으로 약 1년 전부터 메디큐브 제로 모공 원데이 세럼을 꾸준히 사용해왔습니다. 처음에는 반신반의했는데, 꾸준히 바르다 보니 모공이 덜 도드라져 보이고 피부결이 정돈되는 느낌이 있어서 올리브영에서 할인할 때마다 반년치씩 쟁여두는 제품이 됐습니다. 이번에 새롭게 리뉴얼된 제품은 제로 모공 원데이 펩타이드 세럼으로 바뀌면서 기존 AHA, BHA, PHA에 LHA가 더해지고, 모공 탄력 케어 성분인 10종 펩타이드도 들어갔다고 해서 기대가 됩니다. 기존 제품도 만족하며 사용했던 만큼, 이번 제품은 모공 주변 각질과 피지 케어뿐 아니라 탄력 관리까지 함께 신경 쓴 느낌이라 더 꾸준히 써보고 싶습니다. 직접 발라보니 이전 제품은 약간의 향과 묽직한 느낌이 있었는데, 리뉴얼 제품은 좀 더 수분감이 있고 흡수가 빠른 편이었습니다. 끈적임이 크게 남지 않아 아침저녁으로 부담 없이 사용하기 좋았습니다. 기존 제품을 만족하며 써왔던 입장에서 이번 리뉴얼 제품도 꾸준히 사용해볼 생각입니다. 기회가 된다면 메디큐브의 다른 모공 케어 제품들도 같이 도전해보고 싶습니다.",https://www.oliveyoung.co.kr/store/goods/getGoodsDetail.do?goodsNo=A000000252606&dispCatNo=100000100010014&trackingCd=Cat100000100010014_Small&t_page=카테고리관&t_click=에센스/세럼/앰플_전체__상품상세&t_number=24
2026-05-03,oliveyoung,신상품순,,[100% 리뷰이벤트/NEW] 메디큐브 제로 모공 원데이 펩타이드 세럼 30ml,13,5,없음,sns에서 모공관련해서 자주 등장해서 관심있게 보고 있었는데 리뉴얼 소식듣고 바로 구매했습니다 모공 명가 메디큐브 답게 일단 가벼운 물타입에 가까운 제형이라 흡수력이 훌륭합니다 세럼 바르고나서 피부가 촉촉해지고 자극없이 순하고 향이 없어서 너무 좋습니다 피지도 줄여주고 모공 탄력까지 개선된다니 꾸준하게 사용해보려고 합니다,https://www.oliveyoung.co.kr/store/goods/getGoodsDetail.do?goodsNo=A000000252606&dispCatNo=100000100010014&trackingCd=Cat100000100010014_Small&t_page=카테고리관&t_click=에센스/세럼/앰플_전체__상품상세&t_number=24
2026-05-03,oliveyoung,신상품순,,[100% 리뷰이벤트/NEW] 메디큐브 제로 모공 원데이 펩타이드 세럼 30ml,13,5,복합성,요즘 진짜 모공 넘 슷흐렛흐여서 신상이라 사봄... 제발 효과가 나타나길...!,https://www.oliveyoung.co.kr/store/goods/getGoodsDetail.do?goodsNo=A000000252606&dispCatNo=100000100010014&trackingCd=Cat100000100010014_Small&t_page=카테고리관&t_click=에센스/세럼/앰플_전체__상품상세&t_number=24
2026-05-03,oliveyoung,신상품순,,[100% 리뷰이벤트/NEW] 메디큐브 제로 모공 원데이 펩타이드 세럼 30ml,13,5,없음,유튜버 추천으로 사봤어요! 모공 관련 스트레스가 심했는데 이거 쓰면 쫀쫀해진 게 느껴져요!! 겉도는 느낌 없이 진짜 바르면 광이 돌면서 쫀쫀해지는 느낌이에요!,https://www.oliveyoung.co.kr/store/goods/getGoodsDetail.do?goodsNo=A000000252606&dispCatNo=100000100010014&trackingCd=Cat100000100010014_Small&t_page=카테고리관&t_click=에센스/세럼/앰플_전체__상품상세&t_number=24
2026-05-03,oliveyoung,신상품순,,[100% 리뷰이벤트/NEW] 메디큐브 제로 모공 원데이 펩타이드 세럼 30ml,13,5,없음,예전에 잘썼던거 같아서 리뉴얼 됐길래 사봐썽요 리뉴얼되고 끈적거이는거 없이 ㄹ흡수잘돼서 좋아용,https://www.oliveyoung.co.kr/store/goods/getGoodsDetail.do?goodsNo=A000000252606&dispCatNo=100000100010014&trackingCd=Cat100000100010014_Small&t_page=카테고리관&t_click=에센스/세럼/앰플_전체__상품상세&t_number=24
2026-05-03,oliveyoung,신상품순,,[100% 리뷰이벤트/NEW] 메디큐브 제로 모공 원데이 펩타이드 세럼 30ml,13,5,없음,배송 빠르게 받고 후기 올립니다! 모공하면 진심인 메디큐브에서 이번 제품에 아주 공들인게 보입니다! 우선은 토너처럼 물같이 흐르는 제형이고 흡수가 오래 걸리지 않으며 피부가 약간 쫀쫀해지고 실크(?)해집니다! 모공효과는 앞으로도 써보면서 확인해봐야겠지만 잘 쓸 것 같아요!,https://www.oliveyoung.co.kr/store/goods/getGoodsDetail.do?goodsNo=A000000252606&dispCatNo=100000100010014&trackingCd=Cat100000100010014_Small&t_page=카테고리관&t_click=에센스/세럼/앰플_전체__상품상세&t_number=24
2026-05-03,oliveyoung,신상품순,,[100% 리뷰이벤트/NEW] 메디큐브 제로 모공 원데이 펩타이드 세럼 30ml,13,4,없음,제형은 잘 흐르는 제형이니까 사용할 때 고개 위로해서 얼굴에 스포이드 짜서 도포하는거 추천해요.생각보다 잘흘러 내려요. 그래도 모공앰플이라 그런지 끈적한느낌보다는 쫀쫀한 느낌에 가깝고 마무리도 깔끔해요! 지성피부에게도 무겁지 않고 기름이 더 올라온다는 느낌도 없습니다 주로 모공이 신경쓰이는 나비존 주위에 도포하고있습니다 아직 2회밖에 사용안해서 큰 차이는못느꼈어요..,https://www.oliveyoung.co.kr/store/goods/getGoodsDetail.do?goodsNo=A000000252606&dispCatNo=100000100010014&trackingCd=Cat100000100010014_Small&t_page=카테고리관&t_click=에센스/세럼/앰플_전체__상품상세&t_number=24
2026-05-03,oliveyoung,신상품순,,[100% 리뷰이벤트/NEW] 메디큐브 제로 모공 원데이 펩타이드 세럼 30ml,13,5,없음,모공이 항상 신경쓰였는데 느낌상 그런지 몰라도 이틀만에 좋아진 느낌이 드네요. 앞으로가 더 기대됩니다,https://www.oliveyoung.co.kr/store/goods/getGoodsDetail.do?goodsNo=A000000252606&dispCatNo=100000100010014&trackingCd=Cat100000100010014_Small&t_page=카테고리관&t_click=에센스/세럼/앰플_전체__상품상세&t_number=24
2026-05-03,oliveyoung,신상품순,,[100% 리뷰이벤트/NEW] 메디큐브 제로 모공 원데이 펩타이드 세럼 30ml,13,5,없음,"좋은 거 같아용 각질이랑 모공 정리하기 좋고, 앰플이랑 같이 사용하니 더 좋은듯!!",https://www.oliveyoung.co.kr/store/goods/getGoodsDetail.do?goodsNo=A000000252606&dispCatNo=100000100010014&trackingCd=Cat100000100010014_Small&t_page=카테고리관&t_click=에센스/세럼/앰플_전체__상품상세&t_number=24
2026-05-03,oliveyoung,신상품순,,[100% 리뷰이벤트/NEW] 메디큐브 제로 모공 원데이 펩타이드 세럼 30ml,13,5,복합성,피부에 보습도 같이 채우는 느낌이라 좋아요. 요즘 같은 계절에 사용하기 좋아요.,https://www.oliveyoung.co.kr/store/goods/getGoodsDetail.do?goodsNo=A000000252606&dispCatNo=100000100010014&trackingCd=Cat100000100010014_Small&t_page=카테고리관&t_click=에센스/세럼/앰플_전체__상품상세&t_number=24
2026-05-05,oliveyoung,신상품순,,코스알엑스 더 블루 펩타이드 바쿠치올 플럼프 글로우 세럼 50ml,,,없음,리뷰 수집 실패: review_component_or_items_not_loaded,https://www.oliveyoung.co.kr/store/goods/getGoodsDetail.do?goodsNo=A000000255624&dispCatNo=100000100010014&trackingCd=Cat100000100010014_Small&t_page=카테고리관&t_click=에센스/세럼/앰플_전체__상품상세&t_number=1
2026-05-05,oliveyoung,신상품순,,퓨어그램 오리진 부스터샷 300 앰플 30ml,,,없음,리뷰 수집 실패: review_component_or_items_not_loaded,https://www.oliveyoung.co.kr/store/goods/getGoodsDetail.do?goodsNo=A000000254553&dispCatNo=100000100010014&trackingCd=Cat100000100010014_Small&t_page=카테고리관&t_click=에센스/세럼/앰플_전체__상품상세&t_number=2
2026-05-05,oliveyoung,신상품순,,퓨어그램 오리진 부스터샷 100 앰플 30ml,,,없음,리뷰 수집 실패: review_component_or_items_not_loaded,https://www.oliveyoung.co.kr/store/goods/getGoodsDetail.do?goodsNo=A000000254438&dispCatNo=100000100010014&trackingCd=Cat100000100010014_Small&t_page=카테고리관&t_click=에센스/세럼/앰플_전체__상품상세&t_number=3
2026-05-05,oliveyoung,신상품순,,[리뉴얼/속수분쏙] 리얼베리어 워터리 히알 세럼 50ml 기획 (+20ml),1,5,없음,끈적임없이 흡수가 잘 되고 촉촉하게 수분감이 피부에 잘 유지됨,https://www.oliveyoung.co.kr/store/goods/getGoodsDetail.do?goodsNo=A000000254295&dispCatNo=100000100010014&trackingCd=Cat100000100010014_Small&t_page=카테고리관&t_click=에센스/세럼/앰플_전체__상품상세&t_number=6
2026-05-05,oliveyoung,신상품순,,[기미/잡티/흔적 세럼] 레이어랩 기미흔적 클리어 세럼 30ml,,5,복합성,부쩍 진해진 볼에 작은 기미 잡티 때문에 스트레스받다가 발견한 제품이에요. 평소 피부 미백 관리에 신경을 많이 쓰는 편이라 기대하고 사용해보려구요. 맑고 투명한 액상타입이라 얇게 발라지는 것 같아요! 세안 후 매일 사용하며 환해질 피부를 기대해 보려고요.,https://www.oliveyoung.co.kr/store/goods/getGoodsDetail.do?goodsNo=A000000254209&dispCatNo=100000100010014&trackingCd=Cat100000100010014_Small&t_page=카테고리관&t_click=에센스/세럼/앰플_전체__상품상세&t_number=7
2026-05-05,oliveyoung,신상품순,,[기미/잡티/흔적 세럼] 레이어랩 기미흔적 클리어 세럼 30ml,,5,건성,"기미, 잡티, 색소침착된 부분이 완화된다는 다크스팟 세럼이예요~ 주근깨라고 믿고 싶지만 기미와 색소침착되어 검게 얼룩진부분이 얼굴에 많아서 구매했어요 여름철이면 더 도드라지는 기미라인들이 옅어지는 느낌이 살짝 있으니, 꾸준히 오래오래 써보려 합니다!!! 발랐을때 가볍게 발리고 바르고 나서는 촉촉함이 오래 유지 되는게 건성인 저에게 딱!! 좋은 세럼인거 같아요",https://www.oliveyoung.co.kr/store/goods/getGoodsDetail.do?goodsNo=A000000254209&dispCatNo=100000100010014&trackingCd=Cat100000100010014_Small&t_page=카테고리관&t_click=에센스/세럼/앰플_전체__상품상세&t_number=7
2026-05-05,oliveyoung,신상품순,,[기미/잡티/흔적 세럼] 레이어랩 기미흔적 클리어 세럼 30ml,,5,건성,텍스처가 끈적이지 않고 산뜻하게 마무리되니까 아침저녁으로 매일 발라도 부담이 없더라고요. 특히 광대 주변에 신경 쓰이던 잡티들이 조금씩 옅어지는 느낌이라 거울 볼 때마다 뿌듯해요. 순해서 그런지 예민한 제 피부에도 잘 맞고 수분감까지 채워줘서 앞으로도 꾸준히 정착해서 사용해 볼 생각이에요.,https://www.oliveyoung.co.kr/store/goods/getGoodsDetail.do?goodsNo=A000000254209&dispCatNo=100000100010014&trackingCd=Cat100000100010014_Small&t_page=카테고리관&t_click=에센스/세럼/앰플_전체__상품상세&t_number=7
2026-05-05,oliveyoung,신상품순,,[기미/잡티/흔적 세럼] 레이어랩 기미흔적 클리어 세럼 30ml,,5,복합성,일주일 넘게 사용해 보니 진했던 흔적들이 조금씩 연해지면서 전체적으로 피부 톤이 화사해진 기분이에요. 향도 자극적이지 않고 보습감도 적당해서 화장 전에 발라도 밀리지 않아 좋네요. 잡티 때문에 스트레스 받으시는 분들이라면 한 번쯤 써보셔도 좋을 것 같아요.,https://www.oliveyoung.co.kr/store/goods/getGoodsDetail.do?goodsNo=A000000254209&dispCatNo=100000100010014&trackingCd=Cat100000100010014_Small&t_page=카테고리관&t_click=에센스/세럼/앰플_전체__상품상세&t_number=7
2026-05-05,oliveyoung,신상품순,,[기미/잡티/흔적 세럼] 레이어랩 기미흔적 클리어 세럼 30ml,,5,없음,50대 여성입니다. 기미잡티에 좋다고 얘기를 듣고 주문했어여. 재형 자체가 가벼워 흡수가 아주 빨라 사용하기 편하고 끈적임이 없어 아침저녁으로 쓰기도 좋을 것 같아요.,https://www.oliveyoung.co.kr/store/goods/getGoodsDetail.do?goodsNo=A000000254209&dispCatNo=100000100010014&trackingCd=Cat100000100010014_Small&t_page=카테고리관&t_click=에센스/세럼/앰플_전체__상품상세&t_number=7
2026-05-05,oliveyoung,신상품순,,[기미/잡티/흔적 세럼] 레이어랩 기미흔적 클리어 세럼 30ml,,5,건성,평소에 기미가 고민이어서 여러 앰플을 찾아보다 이 앰플을 구매하게되었어요. 제형은 물같은 제형이고 흡수시켰을때 쫀쫀하게 마무리됩니다! 건성에 예민한 피부이지만 큰 자극없이 자주 사용하고 있습니다. 추천드려요,https://www.oliveyoung.co.kr/store/goods/getGoodsDetail.do?goodsNo=A000000254209&dispCatNo=100000100010014&trackingCd=Cat100000100010014_Small&t_page=카테고리관&t_click=에센스/세럼/앰플_전체__상품상세&t_number=7
2026-05-05,oliveyoung,신상품순,,[기미/잡티/흔적 세럼] 레이어랩 기미흔적 클리어 세럼 30ml,,5,없음,눈가에 기미가 생겼어요.. ㅡㅡ 끈적이지않고 촉촉하게 잘 흡수되어서 만족했는데 보습까지도 잘 되는거 같아요. 스포이드 타입이라 필요부분에 바르기도 편리해요.,https://www.oliveyoung.co.kr/store/goods/getGoodsDetail.do?goodsNo=A000000254209&dispCatNo=100000100010014&trackingCd=Cat100000100010014_Small&t_page=카테고리관&t_click=에센스/세럼/앰플_전체__상품상세&t_number=7
2026-05-05,oliveyoung,신상품순,,[기미/잡티/흔적 세럼] 레이어랩 기미흔적 클리어 세럼 30ml,,5,없음,기미 잡티 때문에 구매했는데 제형 가볍고 흡수 빨라서 사용감 좋아요:) 꾸준히 쓰니까 피부톤이 맑아지고 잡티가 옅어지는 느낌이에요! 자극 없이 데일리로 쓰기 좋고 촉촉함도 적당해서 만족해요ㅎ 재구매 의사 있어요,https://www.oliveyoung.co.kr/store/goods/getGoodsDetail.do?goodsNo=A000000254209&dispCatNo=100000100010014&trackingCd=Cat100000100010014_Small&t_page=카테고리관&t_click=에센스/세럼/앰플_전체__상품상세&t_number=7
2026-05-05,oliveyoung,신상품순,,[기미/잡티/흔적 세럼] 레이어랩 기미흔적 클리어 세럼 30ml,,5,복합성,집에서 기미와 잡티 관리를 꾸준히 할 수 있어서 좋아요. 스포이드 형태로 되어 있어서 깔끔하게 사용 가능하고 피부에 싹 스며들어요. 촉촉함도 있어서 만족스러워요.,https://www.oliveyoung.co.kr/store/goods/getGoodsDetail.do?goodsNo=A000000254209&dispCatNo=100000100010014&trackingCd=Cat100000100010014_Small&t_page=카테고리관&t_click=에센스/세럼/앰플_전체__상품상세&t_number=7
2026-05-05,oliveyoung,신상품순,,[기미/잡티/흔적 세럼] 레이어랩 기미흔적 클리어 세럼 30ml,,5,없음,"기미흔적클리어 세럼은 일반적인 기미 제품처럼 무거운 크림이나 로션 타입이 아니라 세럼 제형이라 산뜻하게 발리는 점이 인상적이었어요. 얇고 가볍게 피부에 밀착되면서 은은하게 코팅되는 느낌이 있어 번들거림 없이 촉촉함이 유지되고, 사용 후에도 피부 당김이 없어 케어용으로 부담 없이 꾸준히 사용할 수 있을 것 같아요. 한 달 사용 후 톤 보정되는 효과 보고싶네요.",https://www.oliveyoung.co.kr/store/goods/getGoodsDetail.do?goodsNo=A000000254209&dispCatNo=100000100010014&trackingCd=Cat100000100010014_Small&t_page=카테고리관&t_click=에센스/세럼/앰플_전체__상품상세&t_number=7
2026-05-05,oliveyoung,신상품순,,차앤박 더마앤서 포어 퍼밍 NMN PDRN 앰플,,,없음,리뷰 수집 실패: review_component_or_items_not_loaded,https://www.oliveyoung.co.kr/store/goods/getGoodsDetail.do?goodsNo=A000000253635&dispCatNo=100000100010014&trackingCd=Cat100000100010014_Small&t_page=카테고리관&t_click=에센스/세럼/앰플_전체__상품상세&t_number=15
2026-05-05,oliveyoung,신상품순,,[리뷰이벤트/트러블진정/쿨링] 머그워트 센텔라 카밍 앰플,4,5,지성,완~전 묽은 제형이에요!! 흡수 짱 잘됩니당 촉촉하고 좋아용!! 첨 써보는데 괜찮네용ㅎㅎ,https://www.oliveyoung.co.kr/store/goods/getGoodsDetail.do?goodsNo=A000000253578&dispCatNo=100000100010014&trackingCd=Cat100000100010014_Small&t_page=카테고리관&t_click=에센스/세럼/앰플_전체__상품상세&t_number=18
2026-05-05,oliveyoung,신상품순,,[리뷰이벤트/트러블진정/쿨링] 머그워트 센텔라 카밍 앰플,4,5,없음,저 엄청난 민감성이고 잘 뒤집어지는 피부라 진정세럼들 다양하게 써봐도 오히려 더 뒤집어지고 따갑고 그랬는데 마지막이라 생각하고 유튜브 보고 사봤는데 와 진짜 너무 좋아요ㅠㅠ 수부지인데 발림성 가벼우면서도 흡수 잘되고 속건조 잡고 번들거림도 없어요 무엇보다 제 피부에 뒤집어지지않고 피부가 시원해지면서 그다음날 진정된게 보여요!! 민감한데 진정세럼 찾으시는 분들 꼭 사세요!!!,https://www.oliveyoung.co.kr/store/goods/getGoodsDetail.do?goodsNo=A000000253578&dispCatNo=100000100010014&trackingCd=Cat100000100010014_Small&t_page=카테고리관&t_click=에센스/세럼/앰플_전체__상품상세&t_number=18
2026-05-05,oliveyoung,신상품순,,[리뷰이벤트/트러블진정/쿨링] 머그워트 센텔라 카밍 앰플,4,5,없음,민감 수부지 피부 트러블 피부 광명템 갑자기 피부가 뒤집어져서 급하게 구매 광고에서 진정성분만 있다해서 순하겠지 싶었는데 진정효과 ㅁㅊㅇ.. 진짜 저 트러블 2주동안 안사라지고 너무 스트레스 받았는데 앰플 오자마자 팩으로 사용했더니 싹 잡힘.. 심하게 건조할때는 레이어링보단 얇은솜으로 팩하는거 추천드림 용량커서 티도 안남 흡수 빠른게 제일 좋았고 뭐라해야되지 유분이랑 수분 밸런스?가 잘맞는듯. 토너같이 무난한데 계속 쓰게됨 건성이라 수분 부족하면 땡기고 유분은 트러블 나는데 막 건조하지도 않고 피부 컨디션 좋아짐 대만족이라 같은 라인 선세럼도 궁금해서 리뷰 씁니다.,https://www.oliveyoung.co.kr/store/goods/getGoodsDetail.do?goodsNo=A000000253578&dispCatNo=100000100010014&trackingCd=Cat100000100010014_Small&t_page=카테고리관&t_click=에센스/세럼/앰플_전체__상품상세&t_number=18
2026-05-05,oliveyoung,신상품순,,[리뷰이벤트/트러블진정/쿨링] 머그워트 센텔라 카밍 앰플,4,5,없음,에이프릴스킨 쿠션 브랜드로만 알고 있었는데 기초제품 센텔라 진정 앰플도 있는걸 처음 알았어요. 용량이 대용량 사이즈라 아낌없이 사용해 보려해요. 수분진정 앰플이고 여드름에도 효과 좋다하니 기대해봅니다 아직 사용안해봄,https://www.oliveyoung.co.kr/store/goods/getGoodsDetail.do?goodsNo=A000000253578&dispCatNo=100000100010014&trackingCd=Cat100000100010014_Small&t_page=카테고리관&t_click=에센스/세럼/앰플_전체__상품상세&t_number=18
2026-05-05,oliveyoung,신상품순,,[아따맘마 콜라보] 차앤박 더마앤서 핑크토닝 딥인샷 앰플 30ml 기획 (+10ml) (아따맘마 콜라보),8,5,건성,"스피큘이 같이 있어서 흡수도 더 잘되고 일석이조 입니다, 따끔거림이 있으나 리들샷을 이미 쓰고있어서 그런가 크게 자극적이다고 느껴지진 않았고 익숙합니다, 가격에 혹해서 샀는데 잘 쓸 것 같아영ㅎ",https://www.oliveyoung.co.kr/store/goods/getGoodsDetail.do?goodsNo=A000000253534&dispCatNo=100000100010014&trackingCd=Cat100000100010014_Small&t_page=카테고리관&t_click=에센스/세럼/앰플_전체__상품상세&t_number=19
2026-05-05,oliveyoung,신상품순,,[아따맘마 콜라보] 차앤박 더마앤서 핑크토닝 딥인샷 앰플 30ml 기획 (+10ml) (아따맘마 콜라보),8,5,없음,가격 대비 퀄리티가 괜찮아서 재구매 의사가 생기는 아이템이에요,https://www.oliveyoung.co.kr/store/goods/getGoodsDetail.do?goodsNo=A000000253534&dispCatNo=100000100010014&trackingCd=Cat100000100010014_Small&t_page=카테고리관&t_click=에센스/세럼/앰플_전체__상품상세&t_number=19
2026-05-05,oliveyoung,신상품순,,[아따맘마 콜라보] 차앤박 더마앤서 핑크토닝 딥인샷 앰플 30ml 기획 (+10ml) (아따맘마 콜라보),8,5,복합성,확실히 리들샷이라 자극감은 꽤 있어요 이런 거 바르고 그 위에 로션을 발라주는 게 효과적인데 그러고 나면 다음날 피부가 맨들맨들해져서 좋아요,https://www.oliveyoung.co.kr/store/goods/getGoodsDetail.do?goodsNo=A000000253534&dispCatNo=100000100010014&trackingCd=Cat100000100010014_Small&t_page=카테고리관&t_click=에센스/세럼/앰플_전체__상품상세&t_number=19
2026-05-05,oliveyoung,신상품순,,[아따맘마 콜라보] 차앤박 더마앤서 핑크토닝 딥인샷 앰플 30ml 기획 (+10ml) (아따맘마 콜라보),8,5,없음,워낙 차앤박 제품이 좋기로 유명해서 구매했어요 피디알엔에 흥미있어서 기대가 됩니다,https://www.oliveyoung.co.kr/store/goods/getGoodsDetail.do?goodsNo=A000000253534&dispCatNo=100000100010014&trackingCd=Cat100000100010014_Small&t_page=카테고리관&t_click=에센스/세럼/앰플_전체__상품상세&t_number=19
2026-05-05,oliveyoung,신상품순,,[아따맘마 콜라보] 차앤박 더마앤서 핑크토닝 딥인샷 앰플 30ml 기획 (+10ml) (아따맘마 콜라보),8,3,없음,자극이 아주 확실히 느껴지는 새럼입니다. 지성이써도 건성이써도 둘다 느껴져요.,https://www.oliveyoung.co.kr/store/goods/getGoodsDetail.do?goodsNo=A000000253534&dispCatNo=100000100010014&trackingCd=Cat100000100010014_Small&t_page=카테고리관&t_click=에센스/세럼/앰플_전체__상품상세&t_number=19
2026-05-05,oliveyoung,신상품순,,[아따맘마 콜라보] 차앤박 더마앤서 핑크토닝 딥인샷 앰플 30ml 기획 (+10ml) (아따맘마 콜라보),8,5,없음,좋아요 자주구매하는 제품입니다. 잘쓰고있어요.^^.,https://www.oliveyoung.co.kr/store/goods/getGoodsDetail.do?goodsNo=A000000253534&dispCatNo=100000100010014&trackingCd=Cat100000100010014_Small&t_page=카테고리관&t_click=에센스/세럼/앰플_전체__상품상세&t_number=19
2026-05-05,oliveyoung,신상품순,,[아따맘마 콜라보] 차앤박 더마앤서 핑크토닝 딥인샷 앰플 30ml 기획 (+10ml) (아따맘마 콜라보),8,5,없음,이거 뭐야애ㅔ용 너무 좋늠 걍 이거 무조건 사세요 후회 안하고 피부 쫀쫀,https://www.oliveyoung.co.kr/store/goods/getGoodsDetail.do?goodsNo=A000000253534&dispCatNo=100000100010014&trackingCd=Cat100000100010014_Small&t_page=카테고리관&t_click=에센스/세럼/앰플_전체__상품상세&t_number=19
2026-05-05,oliveyoung,신상품순,,[아따맘마 콜라보] 차앤박 더마앤서 핑크토닝 딥인샷 앰플 30ml 기획 (+10ml) (아따맘마 콜라보),8,5,없음,조금 따갑지만 보습은 좋은것같아요 계속 써봐야지 알것같아요,https://www.oliveyoung.co.kr/store/goods/getGoodsDetail.do?goodsNo=A000000253534&dispCatNo=100000100010014&trackingCd=Cat100000100010014_Small&t_page=카테고리관&t_click=에센스/세럼/앰플_전체__상품상세&t_number=19
