product_name,review_count,review_rating,skin_type,review_text,url
비타씨 오일 캡슐 세럼 30 ml,2,5,건성,매장구매 바를때 헉~ 살짝 기름지려나? 했는데 의외로 산뜻하게 채워주면서 흡수되네요. 본셉 비타라인 꾸준히 쓰는중인데 잡티가 없어졌다기보다는 전체적인 톤이 맑아졌어요. 이 제품도 그런 느낌이라 넘 좋네요. 츄라이 츄라이,https://www.daisomall.co.kr/pd/pdr/SCR_PDR_0001?pdNo=1077186&recmYn=N
비타씨 오일 캡슐 세럼 30 ml,2,5,지성,매장구매 생각보다 좋은데요?,https://www.daisomall.co.kr/pd/pdr/SCR_PDR_0001?pdNo=1077186&recmYn=N
비타씨 선에센스 35 ml,1,3,건성,매장구매 본셉 비타라인 넘 좋아해서 매장에서 보자마자 샀어요 수부지~건성 사이인 저에게는 살짝 기름지고 약간 건조해요 근데 발림성이나 향기는 좋고 순해요 출근길에 발랐는데 파우더 살짝 두드려주니 낫네요 로션이나 크림 살짝 줄이고 이걸로 발라보면 나을듯하기도.,https://www.daisomall.co.kr/pd/pdr/SCR_PDR_0001?pdNo=1077188&recmYn=N
더글로우 오로라 NMN 피디알엔 광채프렙 세럼 30 ml,36,5,건성,향이달콤한과일향이나고바르면광이돌긴하는데양이작아서아숩네요ㅠ,https://www.daisomall.co.kr/pd/pdr/SCR_PDR_0001?pdNo=1079086&recmYn=N
더글로우 오로라 NMN 피디알엔 광채프렙 세럼 30 ml,36,5,중성,화잘먹템 요즘 많아져서 넘 행복합니다. 광채가 아주 실키할것같아 화장후가 기대돼요.,https://www.daisomall.co.kr/pd/pdr/SCR_PDR_0001?pdNo=1079086&recmYn=N
더글로우 오로라 NMN 피디알엔 광채프렙 세럼 30 ml,36,5,중성,매장구매 새로 나온 제품 궁금해서 구매해요 기대되어요,https://www.daisomall.co.kr/pd/pdr/SCR_PDR_0001?pdNo=1079086&recmYn=N
더글로우 오로라 NMN 피디알엔 광채프렙 세럼 30 ml,36,5,건성,"매장구매 유투브에서 연*프렙이랑 비슷하다고 해서 구매하고싶었는데 매징픽업은 아직안뜨고, 택배가능이던데 제가간 매장에 있어 구매했는데 생각보다 더좋응거같아요! 엄청 촉촉한건아닌데 픽싱되니 되려 머리카락들러붙음등이 덜할거같아 오히려좋았아요! 지금날씨에 쓰기더좋은거같구요 저는 다쓰면 재구매 할거같아요!!",https://www.daisomall.co.kr/pd/pdr/SCR_PDR_0001?pdNo=1079086&recmYn=N
더글로우 오로라 NMN 피디알엔 광채프렙 세럼 30 ml,36,5,중성,다이소 제품 좋아요 만족합니다,https://www.daisomall.co.kr/pd/pdr/SCR_PDR_0001?pdNo=1079086&recmYn=N
더글로우 오로라 NMN 피디알엔 광채프렙 세럼 30 ml,36,5,건성,촉촉해요 발림성 좋아요~,https://www.daisomall.co.kr/pd/pdr/SCR_PDR_0001?pdNo=1079086&recmYn=N
더글로우 오로라 NMN 피디알엔 광채프렙 세럼 30 ml,36,5,건성,세럼 색넘예쁘고 촉촉하게 발리고 좋음,https://www.daisomall.co.kr/pd/pdr/SCR_PDR_0001?pdNo=1079086&recmYn=N
더글로우 오로라 NMN 피디알엔 광채프렙 세럼 30 ml,36,4,중성,광채라인~~ 순서대로 바르고 있음돠ㅋㅋ,https://www.daisomall.co.kr/pd/pdr/SCR_PDR_0001?pdNo=1079086&recmYn=N
더글로우 오로라 NMN 피디알엔 광채프렙 세럼 30 ml,36,4,건성,나쁘지 않은 거 같아요. 잘 쓰고 있어요.,https://www.daisomall.co.kr/pd/pdr/SCR_PDR_0001?pdNo=1079086&recmYn=N
더글로우 오로라 NMN 피디알엔 광채프렙 세럼 30 ml,36,3,중성,예전에 딘시 썬스틱 잘 썼던적 있어 믿고 이제품 구매해봤는데 일단 향이 완전 불호ㅠㅠ 얼굴 에센스에 애들 헤어크림에서나 나는 듯한 완전 달달구리한 향이 너무나 당황스러움..스킨케어에 중요하지않은 이런 향은 안넣었음 하네요. 보습이나 느낌은 평타이상에 컬러감도 오로라빛 예쁜데 향이 정말 아쉬움.,https://www.daisomall.co.kr/pd/pdr/SCR_PDR_0001?pdNo=1079086&recmYn=N
더글로우 오로라 NMN 피디알엔 광채 퍼스트 에센스 120 ml,19,5,건성,"⭐️⭐️⭐️⭐️⭐️ 딘시 더글로우 오로라 NMN 피디알엔 광채 퍼스트 에센스 120ml 사용 후기입니다 😊 제형이 물처럼 가볍게 흐르는 타입이라 그냥 쓰기보다는 쿠×에서 따로 펌핑 용기 구매해서 옮겨 담아 쓰고 있는데, 이게 훨씬 편하고 찰떡이에요. 양 조절도 쉽고 위생적으로 사용할 수 있어서 만족스럽습니다. 흡수도 빠른 편이고 바르고 나면 피부가 촉촉하게 정돈되는 느낌이라 데일리로 부담 없이 쓰기 좋아요. 여러 번 덧발라도 끈적임 없이 가볍게 레이어링 되는 점도 마음에 듭니다. 요즘 기초 첫 단계로 잘 사용하고 있는 제품이에요 👍",https://www.daisomall.co.kr/pd/pdr/SCR_PDR_0001?pdNo=1079085&recmYn=N
더글로우 오로라 NMN 피디알엔 광채 퍼스트 에센스 120 ml,19,5,건성,만족합니다 저렴한가격에 좋은상품 좋아요~,https://www.daisomall.co.kr/pd/pdr/SCR_PDR_0001?pdNo=1079085&recmYn=N
더글로우 오로라 NMN 피디알엔 광채 퍼스트 에센스 120 ml,19,5,중성,매장구매 새로 나온 제품 궁금해서 구매해요 기대되어요,https://www.daisomall.co.kr/pd/pdr/SCR_PDR_0001?pdNo=1079085&recmYn=N
더글로우 오로라 NMN 피디알엔 광채 퍼스트 에센스 120 ml,19,5,건성,이런 에센스 오랜만에 사용해보는데 촉촉하고 좋음,https://www.daisomall.co.kr/pd/pdr/SCR_PDR_0001?pdNo=1079085&recmYn=N
더글로우 오로라 NMN 피디알엔 광채 퍼스트 에센스 120 ml,19,4,건성,"에센스인데, 너무 믉은듯. 스킨이나 마찬가지",https://www.daisomall.co.kr/pd/pdr/SCR_PDR_0001?pdNo=1079085&recmYn=N
더글로우 오로라 NMN 피디알엔 광채 퍼스트 에센스 120 ml,19,4,중성,에센스안에 반짝반짝 거리는게 있는거 같아요 그래서 그런가 바르고 나면 진짜 빛이 나는거 같구요ㅋㅋ,https://www.daisomall.co.kr/pd/pdr/SCR_PDR_0001?pdNo=1079085&recmYn=N
더글로우 오로라 NMN 피디알엔 광채 퍼스트 에센스 120 ml,19,5,지성,매장구매 감사합니다 처음 써봅니다,https://www.daisomall.co.kr/pd/pdr/SCR_PDR_0001?pdNo=1079085&recmYn=N
더글로우 오로라 NMN 피디알엔 광채 퍼스트 에센스 120 ml,19,5,중성,빠른 배송 감사합니다 감사합니다 잘받았습니다 감사합니다 잘써볼게요,https://www.daisomall.co.kr/pd/pdr/SCR_PDR_0001?pdNo=1079085&recmYn=N
더글로우 오로라 NMN 피디알엔 광채 퍼스트 에센스 120 ml,19,5,,매장구매 최고예요,https://www.daisomall.co.kr/pd/pdr/SCR_PDR_0001?pdNo=1079085&recmYn=N
더글로우 오로라 NMN 피디알엔 광채 퍼스트 에센스 120 ml,19,5,,매장구매 최고예요,https://www.daisomall.co.kr/pd/pdr/SCR_PDR_0001?pdNo=1079085&recmYn=N
더글로우 오로라 NMN 피디알엔 광채 앰플 미스트 100 ml,19,5,중성,이거 생각보다 좋아요 스프레이는 그냥 다이소 제품에서 흔하게 쓰이는 것 향은 포도향 광채만 놓고보면 vt pdrn 그쪽이 훨 나음 근데 기초 단계에서 이 제품만 추가해서 며칠 써봤는데 피부컨디션이 좋아졌어요 별 기대없이 샀는데… 만족합니다,https://www.daisomall.co.kr/pd/pdr/SCR_PDR_0001?pdNo=1079089&recmYn=N
더글로우 오로라 NMN 피디알엔 광채 앰플 미스트 100 ml,19,5,지성,얼굴이 건조할때 수시로 뿌려주기 좋아서 늘 근처에 구비해두고 있어요,https://www.daisomall.co.kr/pd/pdr/SCR_PDR_0001?pdNo=1079089&recmYn=N
더글로우 오로라 NMN 피디알엔 광채 앰플 미스트 100 ml,19,5,중성,매장구매 새로 나온 제품 궁금해서 구매해요 기대되어요,https://www.daisomall.co.kr/pd/pdr/SCR_PDR_0001?pdNo=1079089&recmYn=N
더글로우 오로라 NMN 피디알엔 광채 앰플 미스트 100 ml,19,5,중성,매장구매 사이즈도 미니미해서 딱 좋고 향도 좋아요 굿,https://www.daisomall.co.kr/pd/pdr/SCR_PDR_0001?pdNo=1079089&recmYn=N
더글로우 오로라 NMN 피디알엔 광채 앰플 미스트 100 ml,19,5,건성,좋아요~ 촉촉해 지는듯,https://www.daisomall.co.kr/pd/pdr/SCR_PDR_0001?pdNo=1079089&recmYn=N
더글로우 오로라 NMN 피디알엔 광채 앰플 미스트 100 ml,19,5,건성,매장구매 이거 좋아요 색깔이나 포도향 때문에 오잉? 싶었는데 이거랑 AHC 미스트랑 1-2 위를 다툼. AHC 미스트는 좀더 건성에. 이건 수부지에 적합. 이 두 제품 빼고 나머지 미스트들은 그냥 물...,https://www.daisomall.co.kr/pd/pdr/SCR_PDR_0001?pdNo=1079089&recmYn=N
더글로우 오로라 NMN 피디알엔 광채 앰플 미스트 100 ml,19,5,중성,진짜 안개분사! 향이 불량식품 포도향…? 전형적인 인공적인 포도향 정석 살짝 당황함 불호있을수도 적당히 촉촉해요!,https://www.daisomall.co.kr/pd/pdr/SCR_PDR_0001?pdNo=1079089&recmYn=N
더글로우 오로라 NMN 피디알엔 광채 앰플 미스트 100 ml,19,5,건성,잘쓰겠습니다 감사합니다,https://www.daisomall.co.kr/pd/pdr/SCR_PDR_0001?pdNo=1079089&recmYn=N
더글로우 오로라 NMN 피디알엔 광채 앰플 미스트 100 ml,19,5,중성,빠른 배송 감사합니다 감사합니다 잘받았습니다 감사합니다 잘써볼게요,https://www.daisomall.co.kr/pd/pdr/SCR_PDR_0001?pdNo=1079089&recmYn=N
더글로우 오로라 NMN 피디알엔 광채 앰플 미스트 100 ml,19,5,,매장구매 최고예요,https://www.daisomall.co.kr/pd/pdr/SCR_PDR_0001?pdNo=1079089&recmYn=N
리얼베리어 세라베이스 모이스처라이징 베리어씰 세럼 30 ml,81,5,중성,리얼베리어 제품은 순하고 퀄리티 좋아 믿고 구매합니다. 요번에 세럼 처음 나왔길래 구매햏는데 기대됩니다.,https://www.daisomall.co.kr/pd/pdr/SCR_PDR_0001?pdNo=1075316&recmYn=N
리얼베리어 세라베이스 모이스처라이징 베리어씰 세럼 30 ml,81,5,건성,"세라베이스 토너, 크림쓰는데 앰플나와서 사봤다가 추가구매함 토너로 부족한 쫀쫀함과 수분감 채울 수 있음",https://www.daisomall.co.kr/pd/pdr/SCR_PDR_0001?pdNo=1075316&recmYn=N
리얼베리어 세라베이스 모이스처라이징 베리어씰 세럼 30 ml,81,5,건성,요즘 많이 건조해서 보습크림과 함께 구매했어요 촉촉하고 좋아요,https://www.daisomall.co.kr/pd/pdr/SCR_PDR_0001?pdNo=1075316&recmYn=N
리얼베리어 세라베이스 모이스처라이징 베리어씰 세럼 30 ml,81,5,건성,같은 라인 크림이 있어서 함께 써보려고 구매했습니다. 후기가 좋아서 기대 중이에요.,https://www.daisomall.co.kr/pd/pdr/SCR_PDR_0001?pdNo=1075316&recmYn=N
리얼베리어 세라베이스 모이스처라이징 베리어씰 세럼 30 ml,81,5,건성,촉촉해요 로션 바르고 앰플 발라보니 촉촉함이 오래 유지 됐어요 마음에 듭니다,https://www.daisomall.co.kr/pd/pdr/SCR_PDR_0001?pdNo=1075316&recmYn=N
리얼베리어 세라베이스 모이스처라이징 베리어씰 세럼 30 ml,81,5,건성,"오 신기하게 생겼어요.. 안에 반짝반짝한 것들이 들어있어서 보니까, 세라마이드+펩타이드 인가봐요.. - 세라마이드: 피부 장벽 핵심 성분 → 장벽 강화 & 보습 - 펩타이드: 콜라겐 생성을 돕는 역할 → 피부 재생 & 탄력 (주름 개선) 건조하고 얇은 피부 추천!!",https://www.daisomall.co.kr/pd/pdr/SCR_PDR_0001?pdNo=1075316&recmYn=N
리얼베리어 세라베이스 모이스처라이징 베리어씰 세럼 30 ml,81,5,중성,새재품 알림신청해서 바로 받았어요.. 효과좋기를 기대합니다,https://www.daisomall.co.kr/pd/pdr/SCR_PDR_0001?pdNo=1075316&recmYn=N
리얼베리어 세라베이스 모이스처라이징 베리어씰 세럼 30 ml,81,5,지성,세트로 샀습니다. 촉촉해요,https://www.daisomall.co.kr/pd/pdr/SCR_PDR_0001?pdNo=1075316&recmYn=N
리얼베리어 세라베이스 모이스처라이징 베리어씰 세럼 30 ml,81,5,지성,다이소 재재구매템입니다 추천합니다,https://www.daisomall.co.kr/pd/pdr/SCR_PDR_0001?pdNo=1075316&recmYn=N
리얼베리어 세라베이스 모이스처라이징 베리어씰 세럼 30 ml,81,5,중성,촉촉하고 순해여 아주 마음에 듬,https://www.daisomall.co.kr/pd/pdr/SCR_PDR_0001?pdNo=1075316&recmYn=N
모공탄력 부스터샷세럼 45 ml,133,5,건성,피부 컨디션이 안 좋을 때 사용하면 자극이 있긴 한데 그래도 이 제품 꾸준히 쓰고 피부가 많이 깨끗해지고 좋아졌어요. 민감성 피부이신 분들은 다른 순한 제품 구매하시는 게 좋을 거 같아요.,https://www.daisomall.co.kr/pd/pdr/SCR_PDR_0001?pdNo=1072802&recmYn=N
모공탄력 부스터샷세럼 45 ml,133,5,지성,추천… 모공 관리템으로 진짜 추천해요 바르고 나면 확실히 다음 날 피부결이 달라요 바른날 안 바른 날 차이가 있더라고요 너무 매일 바르진 않고 일주일에 두세번 정도 바릅니당,https://www.daisomall.co.kr/pd/pdr/SCR_PDR_0001?pdNo=1072802&recmYn=N
모공탄력 부스터샷세럼 45 ml,133,5,중성,자극없이 순햇으면 좋겟구요 용량이 많지 않은거 같아서 금방 쓸거 같아요 사용해보고 좋으면 또 살지 어떨지 고민이네요,https://www.daisomall.co.kr/pd/pdr/SCR_PDR_0001?pdNo=1072802&recmYn=N
모공탄력 부스터샷세럼 45 ml,133,5,중성,이거 쓰기 전이랑 비교하면 피부가 좋아지는것 같아요. 뭔가 안색이나 결이 개선되는 듯해요,https://www.daisomall.co.kr/pd/pdr/SCR_PDR_0001?pdNo=1072802&recmYn=N
모공탄력 부스터샷세럼 45 ml,133,5,중성,촉촉해서 좋았어요 잘썼습니다,https://www.daisomall.co.kr/pd/pdr/SCR_PDR_0001?pdNo=1072802&recmYn=N
모공탄력 부스터샷세럼 45 ml,133,5,중성,냄새는 너무 별로인데 향이 코를 찌르는듯 ㅠㅠ 코안에 에프킬라 뿌리면 비슷할거 같은 느낌 근데 냄새만 그렇지 제품력은 괜찮은거 같아서 참고 쓰는중,https://www.daisomall.co.kr/pd/pdr/SCR_PDR_0001?pdNo=1072802&recmYn=N
모공탄력 부스터샷세럼 45 ml,133,5,중성,리들샷보다 편하게 쓰기 좋아요!,https://www.daisomall.co.kr/pd/pdr/SCR_PDR_0001?pdNo=1072802&recmYn=N
모공탄력 부스터샷세럼 45 ml,133,5,지성,"전에 코를 누르며누피지가 쭈욱 나왔는데...요거 꾸준히 썼어요 ㅎ아무생각없이 썼는데 습관처럼 코 피지를 짜내려고 하는데 헐,,,,나오질 않아요 ㅎㅎ모공이 조여진 느낌? 화장을 해도 오후가 되면 모공이 너무나 입체적으로 드러났는데 그것도 사라짐요 ㅎ 자극은 있어요 ~따끔따끔 ㅎ 근데 전혀 안쓸 이유가 없네요 ㅎ 크림도 묽은데...바를땐 매트하게 마무리되서 지성인 저도 번들거리지 않아 좋아요 ㅎ 촉촉함은 중간정도?다 바르고 저는 다이소 스킨이나 미스트 뿌려주니 촉촉함도 유지되더라구요 ㅎ 보이면 쟁이세요 ㅎ모공러들 ㅎㅎ",https://www.daisomall.co.kr/pd/pdr/SCR_PDR_0001?pdNo=1072802&recmYn=N
모공탄력 부스터샷세럼 45 ml,133,5,지성,세로모공이 고민이신분들한테는 추천이예요!! 처음에는 자극이 있지만 나중에는 괜찮아요!,https://www.daisomall.co.kr/pd/pdr/SCR_PDR_0001?pdNo=1072802&recmYn=N
모공탄력 부스터샷세럼 45 ml,133,5,건성,피부탄력과 보습효과에 도움이 되었습니다,https://www.daisomall.co.kr/pd/pdr/SCR_PDR_0001?pdNo=1072802&recmYn=N
광채탄력 아이볼세럼 15 ml,116,4,중성,이 제품을 2개 사가지고 양손에 쥐고 눈에 동시에 롤링을 하면은 괄 사 마사지를 한 것 같은 효과를 발휘 할 거라 생각을 했고 그래서 구매했고 결과적으로 그런 만족감을 얻고 있습니다. 이 제품 품이 가진 특성 자체는 그렇게 보습력이 뛰어 난다. 어떤 효과나 효능이 바로 보인다 이런 것은 아닙니다. 다만 괄 사 효과를 간접적으로 받을 수 있어서 눈과 쳐진 예방을 위해서 쓰고 있습니다.,https://www.daisomall.co.kr/pd/pdr/SCR_PDR_0001?pdNo=1072807&recmYn=N
광채탄력 아이볼세럼 15 ml,116,5,건성,다크써클 때문에 사게 되었는데 효과 좀 있어요 사진에도 보다시피 한번 누를 때마다 이 정도 나와요 효과 진짜 좋고 순해서 쓰기 좋아요 냄새가 진짜 좋아요!! 감사합니다!,https://www.daisomall.co.kr/pd/pdr/SCR_PDR_0001?pdNo=1072807&recmYn=N
광채탄력 아이볼세럼 15 ml,116,5,,여러분~ 저도 내용물이 아무리 시도해도 나오지 않아 당황했습니다! 롤러볼만으로도 만족스러웠지만 들어 있는 아이크림을 꼭 확인해야 했죠. 손바닥에 대고 이리 저리 볼을 굴려보다 팁 부분을 아래로 향한 채 꾹 눌렀더니 아이크림이 나오더라구요! 제품 순하고 좋습니다!,https://www.daisomall.co.kr/pd/pdr/SCR_PDR_0001?pdNo=1072807&recmYn=N
광채탄력 아이볼세럼 15 ml,116,4,건성,아이크림 알아보다가 좋아보여서 하나 사봤어여 가격도괜찮고 성분도 좋은거같아서 써볼려구요 쓰고 좋으면 계속 사용하겠습니다,https://www.daisomall.co.kr/pd/pdr/SCR_PDR_0001?pdNo=1072807&recmYn=N
광채탄력 아이볼세럼 15 ml,116,5,중성,눈밑에 발라주면 시원하고 롤링해주면 마사지도 되고 최고에요,https://www.daisomall.co.kr/pd/pdr/SCR_PDR_0001?pdNo=1072807&recmYn=N
광채탄력 아이볼세럼 15 ml,116,5,,촉촉하고 볼도 잘 돌아갑니다 눌리면 쭉나오는게아니라 흐를걱정도 없고 자극이없어 아주 좋습니다:),https://www.daisomall.co.kr/pd/pdr/SCR_PDR_0001?pdNo=1072807&recmYn=N
광채탄력 아이볼세럼 15 ml,116,4,건성,친구가 좋다고 해서 구입했는데~ㅎ솔직히 3번정도 사용한 것 같네요~잘 사용하지 않아서 뭐라고 할 수는 없지만 친구는 효과?가 있다고 하네요~,https://www.daisomall.co.kr/pd/pdr/SCR_PDR_0001?pdNo=1072807&recmYn=N
광채탄력 아이볼세럼 15 ml,116,4,중성,롤링볼이 있어서 눈가 마사지도 되고 눈가가 촉촉해져요 다 써도 맛사지용으로 롤링볼 써도 될듯합다다,https://www.daisomall.co.kr/pd/pdr/SCR_PDR_0001?pdNo=1072807&recmYn=N
광채탄력 아이볼세럼 15 ml,116,4,,손등에 한번 눌러서 내용물이 나오면 그때 눈가에 바르세요. 시원하고 촉촉해서 아침에 사용해도 밀림없이 좋네요,https://www.daisomall.co.kr/pd/pdr/SCR_PDR_0001?pdNo=1072807&recmYn=N
광채탄력 아이볼세럼 15 ml,116,5,중성,매장구매 눈이 건조해서 많이 비볐더니 눈 밑 주름이 장난 아닌데 이거 괜찮은 것 같아요! 이것저것 많이 써봤는데 비싼 제품이랑 비교해도 좋을 정도입니다 주름을 펴주진 않아도 예방에는 도움이 되는 것 같아요 문제는 액체가 아래쪽으로 나와서 흐른다는 거... 근데 세럼 자체는 비싼 제품보다 좋아서 5점이에요,https://www.daisomall.co.kr/pd/pdr/SCR_PDR_0001?pdNo=1072807&recmYn=N
광채탄력 부스터샷세럼 45 ml,58,5,중성,아직 사용은 안해봣는데요 금방 사용할거 같습니다 순햇으면 좋겟는데요 어떨지 모르겟습니다 보습력도 궁금합니다,https://www.daisomall.co.kr/pd/pdr/SCR_PDR_0001?pdNo=1072806&recmYn=N
광채탄력 부스터샷세럼 45 ml,58,5,건성,자기 전에 바르고 자면 쫀쫀해짐!! 니들도 잘 느껴지고 좋아용,https://www.daisomall.co.kr/pd/pdr/SCR_PDR_0001?pdNo=1072806&recmYn=N
광채탄력 부스터샷세럼 45 ml,58,5,중성,거성비 갑이예요~추천드려요,https://www.daisomall.co.kr/pd/pdr/SCR_PDR_0001?pdNo=1072806&recmYn=N
광채탄력 부스터샷세럼 45 ml,58,5,건성,좋아요 다음에 또 살듯,https://www.daisomall.co.kr/pd/pdr/SCR_PDR_0001?pdNo=1072806&recmYn=N
광채탄력 부스터샷세럼 45 ml,58,5,,끈적하면서 얼굴에 바르면 쫀쫀함이 느껴져요. 마음에 쏙 듭니다. 다음에도 사용할게요.,https://www.daisomall.co.kr/pd/pdr/SCR_PDR_0001?pdNo=1072806&recmYn=N
광채탄력 부스터샷세럼 45 ml,58,5,건성,두번째 구매 좋아요 촉촉해요,https://www.daisomall.co.kr/pd/pdr/SCR_PDR_0001?pdNo=1072806&recmYn=N
광채탄력 부스터샷세럼 45 ml,58,5,지성,"요 라인으로 토너랑 크림 사서 잘 쓰고있는뎅, 셋뚜셋뚜로 써보고싶어서 구매함ㅎㅎ 보라색 패키지도 이쁘공, 순해용ㅎ",https://www.daisomall.co.kr/pd/pdr/SCR_PDR_0001?pdNo=1072806&recmYn=N
광채탄력 부스터샷세럼 45 ml,58,5,지성,가성비 넘치는 다이소제품 효능보고 잘쓸게용,https://www.daisomall.co.kr/pd/pdr/SCR_PDR_0001?pdNo=1072806&recmYn=N
광채탄력 부스터샷세럼 45 ml,58,5,민감성,탄력에 좋아요~ 추천합니다.,https://www.daisomall.co.kr/pd/pdr/SCR_PDR_0001?pdNo=1072806&recmYn=N
광채탄력 부스터샷세럼 45 ml,58,5,건성,매장구매 스피큘로 콕콕 찌르는 느낌이 자극감으로 느껴질 수 있어요. 점성이 높아 실처럼 늘어지는 제형이에요. 끈적임 흡수에 시간이 걸리고 꿀처럼 늘어나 끈적하지만 속수분을 잡아줘 보습감 지속력은 깁니다. 속건조가 고민이라면 추천이에요.,https://www.daisomall.co.kr/pd/pdr/SCR_PDR_0001?pdNo=1072806&recmYn=N
디판테놀 동결건조 더블샷 앰플 키트,603,5,,"동결건조 앰플 처음 써보는데 촉촉하고 흡수도 빠르고 좋아요! 바로 뜯어서 앰플 제조하는 형태라 신선한 느낌도 들고, 팁이 고무라서 앰플이 샐 걱정도 없고, 입구만 누르면 쉽게 사용할 수 있어서 좋습니다! 다이소에서 기초 제품 처음 구매하는 건데 생각보다 퀄이 좋아서 놀랬어요👍👍 앞으로도 자주 이용할 것 같습니다!",https://www.daisomall.co.kr/pd/pdr/SCR_PDR_0001?pdNo=1072416&recmYn=N
디판테놀 동결건조 더블샷 앰플 키트,603,5,,"본셉 디판테놀 동결건조 더블샷 앰플 키트 사용해봤어요. 피부가 요즘 계속 예민해서 뭐만 바르면 따갑거나 바로 트러블 올라오는 상태였는데, 진정용으로 괜찮다는 얘기 보고 써봤습니다. 일단 동결건조 캡슐이랑 앰플을 직접 섞어서 쓰는 방식이라 처음엔 조금 귀찮을 줄 알았는데, 생각보다 간단하고 오히려 신선한 느낌이었어요. 막 만들어서 바로 쓰는 느낌이라 그런지 괜히 더 믿음 가는 느낌도 들고요. 제형은 묽은 편인데 흡수가 빨라서 끈적임 없이 피부에 싹 스며드는 타입이에요. 바르고 나서 번들거림 없고, 답답하지 않아서 아침에도 부담 없이 사용하기 좋았어요. 무엇보다 좋았던 건 따갑거나 자극적인 느낌이 전혀 없었다는 점이에요. 피부가 예민한 날에도 편안하게 사용할 수 있었어요.",https://www.daisomall.co.kr/pd/pdr/SCR_PDR_0001?pdNo=1072416&recmYn=N
디판테놀 동결건조 더블샷 앰플 키트,603,4,,"비타민,레티놀,디판테놀까지 다 써보게 되네요. 제피부에는 다 잘맞는거 같아요. 자주 주문해서 쟁여야 겠네요. 저렴하고 흡수도 잘되고 얼굴이 환해지고 촉촉해진 느낌입니다~추천요!!!",https://www.daisomall.co.kr/pd/pdr/SCR_PDR_0001?pdNo=1072416&recmYn=N
디판테놀 동결건조 더블샷 앰플 키트,603,4,건성,민감성 피부를 가진 판테놀 입문자라 성분 아주 미미한걸 알지만 도전했어요 단독으론 사용 안하고 크림에 섞어 4일 써보니 아직은 잘 모르겠어요ㅎㅎ 더 써보고 품평 남길게요,https://www.daisomall.co.kr/pd/pdr/SCR_PDR_0001?pdNo=1072416&recmYn=N
디판테놀 동결건조 더블샷 앰플 키트,603,5,건성,유명템이라고 해서 구매했는데 비타민이 생각보다 적게 들어있다고해서 재구매할지는 미지수입니당,https://www.daisomall.co.kr/pd/pdr/SCR_PDR_0001?pdNo=1072416&recmYn=N
디판테놀 동결건조 더블샷 앰플 키트,603,5,,동결건조 앰플 유명하다는건 알고 있었는데 드디어 사용해봤어요! 5천원에 이 퀄리티라니 자주 구매할 것 같아요 ㅎㅎ 촉촉한데 산뜻한 마무리라 부담없이 사용하기 좋고 은근 양도 많아서 하나 사도 꽤 오래써요!,https://www.daisomall.co.kr/pd/pdr/SCR_PDR_0001?pdNo=1072416&recmYn=N
디판테놀 동결건조 더블샷 앰플 키트,603,5,건성,피부가 너무 건조해져서 새롭게 구매해보았어요! 전에는 비타C로 구매했는데 디판테놀은 피부결 개선에 도움이 있다고해서 골라보았습니다. 사용즉시 장벽부터 피부결까지 개선된다고해서 기대가 됩니다!!! 집에 쟁여둔 리들샷이랑 같이 사용하면 도움이 많이 될 것 같아요! 재구매 할 경우 또 리뷰 올리겠습니다~,https://www.daisomall.co.kr/pd/pdr/SCR_PDR_0001?pdNo=1072416&recmYn=N
디판테놀 동결건조 더블샷 앰플 키트,603,5,건성,초보자분/ 연약한 피부 소유자분 들이 사용하기 좋습니다. . 몇 번 사용하지 않아 모공 변화가 있는 것은 아니지만 처음 사용해보시면 피부 정돈 된 느낌을 받을 수 있음.,https://www.daisomall.co.kr/pd/pdr/SCR_PDR_0001?pdNo=1072416&recmYn=N
디판테놀 동결건조 더블샷 앰플 키트,603,4,중성,기대이상으로 제 피부에 잘 맞아서 꾸준히 써질 것 갇ㅈ아요,https://www.daisomall.co.kr/pd/pdr/SCR_PDR_0001?pdNo=1072416&recmYn=N
디판테놀 동결건조 더블샷 앰플 키트,603,5,,"비타민앰플을. 사용,하고 난방기틀면건조하고얼굴이열이나요 사욤감은좋네요 소문대로 좋네요 도전해볼만하네요. 멀리가지얗고 필요할때 택배 더좋아요 어느정도쟁여두고사용템은 태배로받아도 편리하네요",https://www.daisomall.co.kr/pd/pdr/SCR_PDR_0001?pdNo=1072416&recmYn=N
레티놀 동결건조 더블샷 앰플 키트,813,5,,"신제품 나왔다고 해서 기대하고, 알람받고 주문해보았답니다. 역쉬 ~~~!! 믿고 쓰는 본셉 입니다. 흡수력도 좋고, 촉촉하면서 끈적임도 없는 앰플입니다. 레티놀 세럼도 쓰고 있는데, 같이 쓰니 피부가 쫀쫀해지는 느낌도 있어요. 7일 사용 하는것 치고는 양도 많아요. 저는 2주 사용 할 수 있을 듯합니다. ㅎㅎㅎ 다음부터는 4개씩 구매하려고요.",https://www.daisomall.co.kr/pd/pdr/SCR_PDR_0001?pdNo=1072417&recmYn=N
레티놀 동결건조 더블샷 앰플 키트,813,5,건성,레티놀 초보자분/ 연약한 피부 소유자분 들이 사용하기 좋습니다. 레티놀이 강한 성분이라고 해서 적은 용량으로 시작했는데 자극없이 사용하기 좋습니다. 몇 번 사용하지 않아 모공 변화가 있는 것은 아니지만 처음 사용해보시면 피부 정돈 된 느낌을 받을 수 있음.,https://www.daisomall.co.kr/pd/pdr/SCR_PDR_0001?pdNo=1072417&recmYn=N
레티놀 동결건조 더블샷 앰플 키트,813,5,,비타씨 먼저 사보고 좋아서 레티놀도 구매했어요. 확실히 모공에 적용되는 앰플이다 보니 쫀쫀한 감이 있네요. 발림성은 여전히 좋고요. 이거 쓰면서 모공기기도 같이 사용했는데 시너지 되는 느낌이에요. 1회 사용으로 드라마틱한 변화는 못 느꼈지만 꾸준히 사용하면 확실히 좋아질 것 같은 느낌이 듭니다. 5천 원의 행복!,https://www.daisomall.co.kr/pd/pdr/SCR_PDR_0001?pdNo=1072417&recmYn=N
레티놀 동결건조 더블샷 앰플 키트,813,5,지성,향이 없어서 이 시리즈 중에 제일 좋음!! 사실 효과가 크게 확 느껴지지는 않지만 세안 후 첫 스킨케어로 일주일정도 한통 쓰고 좀 쉬었다가 시리즈 바꿔가면서 쓰는 재미가 있음 흡수 잘 되고 가성비 좋음!,https://www.daisomall.co.kr/pd/pdr/SCR_PDR_0001?pdNo=1072417&recmYn=N
레티놀 동결건조 더블샷 앰플 키트,813,5,,"동결건조 앰플이 레티놀로도 나왔다니!! 너무 좋아요ㅠㅠ 판테놀이랑 같이 구매했는데 둘다 넘 좋습니다ㅎㅎ 끈적임 없이 쫀쫀하게 스며드는 느낌이랄까,, 피부 상태가 좋아졌어요~! 그리고 레티놀 성분이 혹시나 자극적이지 않을까 새로운거 쓸때는 걱정이 있는데 전혀 그렇지 않네요!! 순해요!! 양도 많아서 좋고 앞으로고 꾸준히 사용할거 같아요ㅎㅎ",https://www.daisomall.co.kr/pd/pdr/SCR_PDR_0001?pdNo=1072417&recmYn=N
레티놀 동결건조 더블샷 앰플 키트,813,5,,"동결건조 타입 앰플이라 사용 직전에 섞어 쓰는 신선함이 있고, 흡수력도 좋고 끈적임 없이 부드럽게 발리는 점이 먼저 마음에 들었어요. 레티놀 입문용으로 적당한 농도로 설계돼서 매일 꾸준히 쓰기 편하고, 막 자극적인 느낌 없다는 것도 장점이에요. 바로 효과가 확실하다는 느낌보다는 쓰면 쓸수록 피부가 조금 더 매끄럽고 탄력 있는 듯한 기분이 들더라고요.",https://www.daisomall.co.kr/pd/pdr/SCR_PDR_0001?pdNo=1072417&recmYn=N
레티놀 동결건조 더블샷 앰플 키트,813,5,,"유명 브랜드 비싼 앰플 부럽지 않네요. 섞어 쓰는 재미도 있고 쓰고 나면 다음 날 피부 결이 확실히 매끈해진 게 느껴져요. 레티놀 입문용으로도 딱인 것 같고, 끈적임 없이 깔끔하게 마무리돼서 데일리로 쓰기 너무 좋습니다.",https://www.daisomall.co.kr/pd/pdr/SCR_PDR_0001?pdNo=1072417&recmYn=N
레티놀 동결건조 더블샷 앰플 키트,813,5,,비타씨 동결건조 제품 너무 좋아했는데 레티놀라인으로도 나왔길래 구매해봤어요! 캡슐을 앰플에 섞어서 사용하는게 넘 신기하고 피부에 효과도 좋아서 딱이에요! 여행갈때 가져가기도 편하고 앰플을 신선하게 소용량으로 사용하니까 피부 관리에도 더 좋을 것 같아요!! 탄력 리프팅에도 좋아서 부모님도 선물해드렸어영,https://www.daisomall.co.kr/pd/pdr/SCR_PDR_0001?pdNo=1072417&recmYn=N
레티놀 동결건조 더블샷 앰플 키트,813,5,,"동결건조 형태 유명해서 한번 사봤는데, 안에 양도 많아서 꽤 오래 쓸 수 있는 거 같아요. 이 리뷰 보시는 분들은 처음에 뚜껑 딸 때 머뭇거리지 말고 시원하게 따세요. 그게 더 잘 따지더라구요. 레티놀 라인 좋아요",https://www.daisomall.co.kr/pd/pdr/SCR_PDR_0001?pdNo=1072417&recmYn=N
레티놀 동결건조 더블샷 앰플 키트,813,5,건성,비타민C를 사용하다가 좋아서 이번에 신제품이 나오서 저도 다른 라인도 구입했습니다. 잘 사용할께요,https://www.daisomall.co.kr/pd/pdr/SCR_PDR_0001?pdNo=1072417&recmYn=N
미백버블핏세럼 30 g,120,5,,얼굴엔 사용 안해봤지만 손등에 발랐을때 거품뽕뽕났던곳 흡수시키니 안바른 손등하고 확실히 보습에 차이가 크네요 못느꼈던 건조함을 안바른쪽에서 느낄정도로 촉촉해요 살짝의 유분기와 찐득함이 있어서 화장하시려면 이거와 잘맞는 파데나 쿠션 쓰셔야할듯 아마 세미매트나 매트쪽이 잘 맞을듯 글로우파인데 이런 제형은 촉촉이 쿠션쓰면 나중에 꼭 때처럼 밀렸었음 나는 대참사 방지를 위해 자기전이나 집콕할때만 쓸거같음,https://www.daisomall.co.kr/pd/pdr/SCR_PDR_0001?pdNo=1074272&recmYn=N
미백버블핏세럼 30 g,120,5,건성,순하고 촉촉하고 트러블 없어서 듬뿍올려서 사용중입니다. 듬뿍발라줘야 거품도 많이올라와서 여러번 레이어드해서 발라주는 느낌으로 촉촉하고 좋더라구요~ 2개다써보는데 큰차이는 모르겠고 걍 둘다 좋아요~,https://www.daisomall.co.kr/pd/pdr/SCR_PDR_0001?pdNo=1074272&recmYn=N
미백버블핏세럼 30 g,120,5,,미백 효과에 좋다고 해서 구매했어요.! 바르면 거품처럼 올라오는데 그때 톡톡 두들겨 흡수시키면 됩니다 사용법이 어렵지 않아서 스킨케어 단계에 넣기 편해요~~ 꾸준히 써보면서 효과는 좀 더 지켜보려고 해요.!,https://www.daisomall.co.kr/pd/pdr/SCR_PDR_0001?pdNo=1074272&recmYn=N
미백버블핏세럼 30 g,120,5,건성,이거 바르고피부 광명찾았어요 환해지는건 모르겟는데 피부가 넘넘 좋아짐ㅜㅜ,https://www.daisomall.co.kr/pd/pdr/SCR_PDR_0001?pdNo=1074272&recmYn=N
미백버블핏세럼 30 g,120,5,,세럼 다 써서 마침 필요했는데 새로 나왔다 해서 구매해봤어용. 뭔가 신기한데 적당히 촉촉하고 순해서 바르기 좋은 것 같아요! 뭐 특별한 변화는 딱히 못 느꼈지만 잘 사용하고 있습니다~,https://www.daisomall.co.kr/pd/pdr/SCR_PDR_0001?pdNo=1074272&recmYn=N
미백버블핏세럼 30 g,120,5,,"받고 다음날부터 사용했는덕...향도 좋고 보습도 좋아서 아침, 저녁으로 잘 사용하고 있습니다",https://www.daisomall.co.kr/pd/pdr/SCR_PDR_0001?pdNo=1074272&recmYn=N
미백버블핏세럼 30 g,120,4,지성,이거랑 비타민c 크림이랑 같이 사용하는데 효과가 아주 좋아요. 요철이랑 여드름이 많이 사라지는게 확실히 느껴져요,https://www.daisomall.co.kr/pd/pdr/SCR_PDR_0001?pdNo=1074272&recmYn=N
미백버블핏세럼 30 g,120,5,건성,매장구매 양이 좀 적은거 같지만 계속 사면 되겠죠 5000원밖에 안하니까 여기에 돈 다써야겟다ㅠㅠ,https://www.daisomall.co.kr/pd/pdr/SCR_PDR_0001?pdNo=1074272&recmYn=N
미백버블핏세럼 30 g,120,5,중성,매장구매 미백을 기대하며 주문했어요. 플라시보인건지 쓸땐 밝은 느낌 나는 것 같기도하고. 효과는 아리송합니다.,https://www.daisomall.co.kr/pd/pdr/SCR_PDR_0001?pdNo=1074272&recmYn=N
미백버블핏세럼 30 g,120,5,민감성,"색소침착,잡티에 좋다고해서 구매했어요.",https://www.daisomall.co.kr/pd/pdr/SCR_PDR_0001?pdNo=1074272&recmYn=N
탄력버블핏세럼 30 g,66,5,건성,돌려서 토출부 올리고 사용하는 독특한용기 화장품이에요 뭔가 고급지고 다이소에서 이가격에 팔아도 되나싶은 화장품 얼굴에 올리면 몇초후에 톡톡 거리는 느낌과 함께 거품이 올라와요 롤링하면 더 쫜득해지고 부드러워지는 느낌 독특해서 자꾸 문지르게 되네요,https://www.daisomall.co.kr/pd/pdr/SCR_PDR_0001?pdNo=1074271&recmYn=N
탄력버블핏세럼 30 g,66,4,,새로운거 사보고 싶어 구매 써보니 그럴싸해요 저령해도 자기할 일 잘하면 칭찬받아 마땅 순간 촉촉해요,https://www.daisomall.co.kr/pd/pdr/SCR_PDR_0001?pdNo=1074271&recmYn=N
탄력버블핏세럼 30 g,66,5,건성,톡톡터지는느낌이피부속스며들어가는것같고촉촉함이좋아요~~^^,https://www.daisomall.co.kr/pd/pdr/SCR_PDR_0001?pdNo=1074271&recmYn=N
탄력버블핏세럼 30 g,66,4,,버블은 처음인데 바를때마다 신기하고 재밌고 두통 샀는데 양이 적지는 않아서 잘 쓰고있습니다.,https://www.daisomall.co.kr/pd/pdr/SCR_PDR_0001?pdNo=1074271&recmYn=N
탄력버블핏세럼 30 g,66,5,중성,매장구매 좋아요 가격 대비 좋아요,https://www.daisomall.co.kr/pd/pdr/SCR_PDR_0001?pdNo=1074271&recmYn=N
탄력버블핏세럼 30 g,66,5,,다이소 쇼핑 너무 즐거워요~~ 저렴한 가격에 득템해서 좋습니다 최고!!,https://www.daisomall.co.kr/pd/pdr/SCR_PDR_0001?pdNo=1074271&recmYn=N
탄력버블핏세럼 30 g,66,5,,버블 세럼 갖고 싶었는데 다이소에서 구매할수있다는 점이 좋네요 마음에 들어요!,https://www.daisomall.co.kr/pd/pdr/SCR_PDR_0001?pdNo=1074271&recmYn=N
탄력버블핏세럼 30 g,66,5,건성,촉촉하긴한데 좀 번들거림이 있어요,https://www.daisomall.co.kr/pd/pdr/SCR_PDR_0001?pdNo=1074271&recmYn=N
탄력버블핏세럼 30 g,66,4,,이건 버블이 아니네요. 버블핏 토너가 좋아 구매해 봤는데 그냥 보통 세럼임. 발림성이나 촉촉함은 좋음.,https://www.daisomall.co.kr/pd/pdr/SCR_PDR_0001?pdNo=1074271&recmYn=N
탄력버블핏세럼 30 g,66,5,,"별 기대없이 샀다가 너무 좋아서, 두통째 쓰고 있어요! 가성비 좋아요!굿",https://www.daisomall.co.kr/pd/pdr/SCR_PDR_0001?pdNo=1074271&recmYn=N
에이지리뉴 세럼 타이트닝 25 ml,186,5,,출시하고 바로 구매해서 사용해봤는데 일단 첫느낌은 좋아요-! 민감성에 악건성이라 사실 기초제품 고르는데 신중한 편인데 제품 바르고 나서 얼굴에 뭐가 나거나 하지 않아서 굳입니당☺️ AHC는 워낙 제품이 좋으니까 믿고 샀는데 저녁에 세럼 바르고 크림까지 바르고 자니까 다음날 아침에 얼굴에 윤기랑 광이나요오🎶 지금 또 겨울이라 진짜 초초촟ㅊ초초 건조한데 촉촉하고 순해서 뭔가 재구매할 것 같습니당💕 인기 많아지기 전에 몇개 쟁여놓을거에요오 이 좋은 제품을 5천원에 살 수 있어서 넘 좋습니당(＊’͜’ )ʕ𐭩,https://www.daisomall.co.kr/pd/pdr/SCR_PDR_0001?pdNo=1073253&recmYn=N
에이지리뉴 세럼 타이트닝 25 ml,186,5,중성,다이소의 가성비 좋은 제품 덕에 해외출장때 외국 동료들 선물로 주문했습니다. 품절될까봐 다음 번 출장을 위해 미리 주문해 둡니다.,https://www.daisomall.co.kr/pd/pdr/SCR_PDR_0001?pdNo=1073253&recmYn=N
에이지리뉴 세럼 타이트닝 25 ml,186,4,,세럼 구경하다가 한번주문해봤어여 히비스커스~?추출물이들었다고해서 항산화에 좋다고해서 한번구매해봤는데 펌핑해서쓰니까 빨간 세럼이 나오네요 ~?피색같아요 ㅋㅋㅋ 발라본결과 촉촉하니 좋아요 아 ...약간에자극이있는거같아요 완젼 순하지는않고 보습력은 좋아요 싼가격에 한번경험상써보는것도좋아요,https://www.daisomall.co.kr/pd/pdr/SCR_PDR_0001?pdNo=1073253&recmYn=N
에이지리뉴 세럼 타이트닝 25 ml,186,5,건성,크림이랑 같이 쓰기 좋습니다 단독으로 사용하기엔 좀 가벼운 느낌,https://www.daisomall.co.kr/pd/pdr/SCR_PDR_0001?pdNo=1073253&recmYn=N
에이지리뉴 세럼 타이트닝 25 ml,186,5,,리틀샷 올리브영 용기랑 똑같이 되어있어요. 세럼은 핑크빛이 감돌고 있고 발랐을때 부드러운 느낌 나서 좋았습니다. 😄😄 저는 지성피부라 발라보니 넘 좋았고요 단종 안했음 바램입니다. 부자되세요.,https://www.daisomall.co.kr/pd/pdr/SCR_PDR_0001?pdNo=1073253&recmYn=N
에이지리뉴 세럼 타이트닝 25 ml,186,5,건성,지난번에 구매하고 넘 좋아서 이번에도 구매햇어요~!,https://www.daisomall.co.kr/pd/pdr/SCR_PDR_0001?pdNo=1073253&recmYn=N
에이지리뉴 세럼 타이트닝 25 ml,186,5,건성,잘받았습니다 좋아요~!,https://www.daisomall.co.kr/pd/pdr/SCR_PDR_0001?pdNo=1073253&recmYn=N
에이지리뉴 세럼 타이트닝 25 ml,186,5,중성,제 피부에 잘 맞아요. 아침 저녁으로 바르는데 피부가 점점 좋아지고 있어요. 더 주문해야겠어요.,https://www.daisomall.co.kr/pd/pdr/SCR_PDR_0001?pdNo=1073253&recmYn=N
에이지리뉴 세럼 타이트닝 25 ml,186,5,지성,💕착한가격 감사합니다:),https://www.daisomall.co.kr/pd/pdr/SCR_PDR_0001?pdNo=1073253&recmYn=N
에이지리뉴 세럼 타이트닝 25 ml,186,5,,사용해보니 좋아서 재구매했어요 촉촉해지고 윤광도 있어서 겨울에 화잘먹으로 짱임 지성이 사용하기에도 좋았어요,https://www.daisomall.co.kr/pd/pdr/SCR_PDR_0001?pdNo=1073253&recmYn=N
바다포도 모공세럼 30 ml,587,5,중성,이제 한번 써봤지만 모공이 줄어드는 드라마틱한건 모르겠지만 세럼이라 바르면 촉촉하게 빨리 스며들고 끈적임 없고 발림성 좋아요.딸아이도 써보고 좋다고 하네요. 향도 은은하고 풀냄새가 난다고 해야하나 세럼색도 연두색으로 너무 이뻐요.2통 샀으니 계속 써보고 또 주문 할게요^^,https://www.daisomall.co.kr/pd/pdr/SCR_PDR_0001?pdNo=1075033&recmYn=N
바다포도 모공세럼 30 ml,587,5,건성,"새럼앰플 있음 좋을거 같아서 샀어요 생각보다 끈적이지않아서 좋고, 조금 더 묵직하게 바르도 싶으면 다른 크림이랑 같이 섞발해도 좋더라규요 건성이 써도 좋을템! 한개도 안끈적이고 오히려 약간 묽은 토너 느낌이에요!",https://www.daisomall.co.kr/pd/pdr/SCR_PDR_0001?pdNo=1075033&recmYn=N
바다포도 모공세럼 30 ml,587,5,건성,마미케어 바다포도 제품들이 좋다고 해서 구매했었는데 사이즈가 좀 작아서 아쉽지만 가격대가 저렴해서 자주 사용하기 좋을 거 같아요 사이즈가 작아서 여행용으로 들고 다니기에도 좋고 자극 없이 보습력이 좋아서 한동안은 계속 사용할 거 같아요 온라인 말고 오프라인 매장에도 많이 있었으면 좋겠어요,https://www.daisomall.co.kr/pd/pdr/SCR_PDR_0001?pdNo=1075033&recmYn=N
바다포도 모공세럼 30 ml,587,5,건성,이거 젛아요 온라임으로 계속주믄해써온 모공세럼입니다. 딸은 마미케어가 최고 좋다네요 이걸써서 딸이 모공없이 피부가 좋니봐요,https://www.daisomall.co.kr/pd/pdr/SCR_PDR_0001?pdNo=1075033&recmYn=N
바다포도 모공세럼 30 ml,587,5,민감성,같은라인에 바다포도미스트가 효과가있어서 구매했어요!! 너무좋고 진짜 모공템으로 피부가 매끈해져요!! 효과가있는게 신기하고 진짜좋아요!!👍👍,https://www.daisomall.co.kr/pd/pdr/SCR_PDR_0001?pdNo=1075033&recmYn=N
바다포도 모공세럼 30 ml,587,5,중성,제형이 되게 묽었음 약간 토너처럼 물같은 느낌이라고해야하나 자극은 없는 것 같고 향은 강하지않음 약간 제초할때나는 풀냄새같은느낌?,https://www.daisomall.co.kr/pd/pdr/SCR_PDR_0001?pdNo=1075033&recmYn=N
바다포도 모공세럼 30 ml,587,5,중성,기온이 올라가니 모공이 두드러져서 바다 포도가 모공에 좋다고해서 구매했어요. 꾸준히 써보려구요.,https://www.daisomall.co.kr/pd/pdr/SCR_PDR_0001?pdNo=1075033&recmYn=N
바다포도 모공세럼 30 ml,587,5,지성,향은 거의 무향이고 끈적임 없어서 막 바르기 좋아요! 엄청 효과가 좋다기 보다는 압출 후에 진정팩 얹기 전 듬뿍 바르고 팩 하면 빠르게 진정되는 것 같아요~,https://www.daisomall.co.kr/pd/pdr/SCR_PDR_0001?pdNo=1075033&recmYn=N
바다포도 모공세럼 30 ml,587,4,,모공앰플 써보고 다이소에 바다포도 나와서 사봤는데 모공앰플보다 더 묽어요 !! 하지만 오히려 저는 바르고 난 후 바로 흡수가 되는 것 같아서 끈적함이 안 남는게 더 좋은 것 같아요 !!,https://www.daisomall.co.kr/pd/pdr/SCR_PDR_0001?pdNo=1075033&recmYn=N
바다포도 모공세럼 30 ml,587,4,건성,아직 사용한지 얼마안되서 효과는 모르겠으나 끈적임 없이 흡수되고 워낙 입소문 난제품이니 꾸준히 써볼게용,https://www.daisomall.co.kr/pd/pdr/SCR_PDR_0001?pdNo=1075033&recmYn=N
버논 PICK] 성분에디터 머루포도 비타씨 다크스팟 세럼플레인 30 ml,71,5,,"세럼 개봉 전 이라 흡수력은 잘 모르겠고, 용기 디자인과 성분이 착해서 구매했어요 올영은 2만원대로 기억하는데 다이소는 5천원이라 가성비가 좋네요 올영 성분에디터 제품과 용량 차이가 10ml인 이유가 있겠지만 그래도 싼 맛에 다이소 이용하는 편이 좋을 듯 해요 ㅋ",https://www.daisomall.co.kr/pd/pdr/SCR_PDR_0001?pdNo=1075028&recmYn=N
버논 PICK] 성분에디터 머루포도 비타씨 다크스팟 세럼플레인 30 ml,71,4,건성,3통째인데 아직 잡티에 큰 효과를 보진않았어요 더 쓰면 효과있을꺼라 생각하고 한번 더 써봅니다,https://www.daisomall.co.kr/pd/pdr/SCR_PDR_0001?pdNo=1075028&recmYn=N
버논 PICK] 성분에디터 머루포도 비타씨 다크스팟 세럼플레인 30 ml,71,5,중성,향이 강하면 좀 그럴것 같네요 보습력 있으면 좋겟구요 자극이 없이 순하면 더 좋을것 같구요 꾸준히 사용해보려고요,https://www.daisomall.co.kr/pd/pdr/SCR_PDR_0001?pdNo=1075028&recmYn=N
버논 PICK] 성분에디터 머루포도 비타씨 다크스팟 세럼플레인 30 ml,71,5,중성,성분에디터 애플필 마스크팩 잘 썼어서 구매하게 되었어요,https://www.daisomall.co.kr/pd/pdr/SCR_PDR_0001?pdNo=1075028&recmYn=N
버논 PICK] 성분에디터 머루포도 비타씨 다크스팟 세럼플레인 30 ml,71,5,,알갱이 들어있는 것도 되게 신기한데 엄청 순하고 금방 흡수 되요!! 다만 엄청 속이 촉촉해지눈 느낌은 별로 들지 않고 미백도 더 써 봐야 알 것 같아요! 제품이 순하고 흡수 뒤 번들거림도 거의 없어서 화장할 때 베이스 잘 먹어요!!,https://www.daisomall.co.kr/pd/pdr/SCR_PDR_0001?pdNo=1075028&recmYn=N
버논 PICK] 성분에디터 머루포도 비타씨 다크스팟 세럼플레인 30 ml,71,4,중성,무난하게 촉촉해요 큰효과는 모르겠지만 가격이 좋으니 넉넉히 쓰기좋아요ㅎ향도 무난히좋습니다,https://www.daisomall.co.kr/pd/pdr/SCR_PDR_0001?pdNo=1075028&recmYn=N
버논 PICK] 성분에디터 머루포도 비타씨 다크스팟 세럼플레인 30 ml,71,5,건성,매장구매 아직까지는 사용감이 좋아요 역시나 다이소 믿고 사용합니다.,https://www.daisomall.co.kr/pd/pdr/SCR_PDR_0001?pdNo=1075028&recmYn=N
버논 PICK] 성분에디터 머루포도 비타씨 다크스팟 세럼플레인 30 ml,71,5,,요즘 다이소 화장품에 푹빠져있어 신상도 알림설정해놓고 구매합니다~사용하고 리뷰 다시 올께요♡,https://www.daisomall.co.kr/pd/pdr/SCR_PDR_0001?pdNo=1075028&recmYn=N
버논 PICK] 성분에디터 머루포도 비타씨 다크스팟 세럼플레인 30 ml,71,5,,일단 제피부에 찰떡인것같고요 이제 4일정도 된것같은데 너무 좋네요 주로 아침저녁으로 바르고잇어요 바쁜 일상에 바르기에 너무 좋아요,https://www.daisomall.co.kr/pd/pdr/SCR_PDR_0001?pdNo=1075028&recmYn=N
버논 PICK] 성분에디터 머루포도 비타씨 다크스팟 세럼플레인 30 ml,71,5,중성,브라이트닝 파우더랑 사용하니 좋아요.,https://www.daisomall.co.kr/pd/pdr/SCR_PDR_0001?pdNo=1075028&recmYn=N
머루포도 비타씨 브라이트닝 파우더 5 g,68,5,지성,감사합니다 잘 사용할게요,https://www.daisomall.co.kr/pd/pdr/SCR_PDR_0001?pdNo=1075030&recmYn=N
머루포도 비타씨 브라이트닝 파우더 5 g,68,5,지성,보습에 좋진 않지만 화이트닝에 도움이 되는 듯해서 재구매 의사 있어요,https://www.daisomall.co.kr/pd/pdr/SCR_PDR_0001?pdNo=1075030&recmYn=N
머루포도 비타씨 브라이트닝 파우더 5 g,68,5,,"이부자리에 유분 묻는거 방지하기 좋습니다! 건성분들은 좀 건조할 수 있는데, 부분적으로 파우더 처리해주듯이 사용하고 자면 좋아요!",https://www.daisomall.co.kr/pd/pdr/SCR_PDR_0001?pdNo=1075030&recmYn=N
머루포도 비타씨 브라이트닝 파우더 5 g,68,5,,앰플이랑 같이 바르고 자면 다음날 하루종일 번들거림을 잡아줘요!! 과하게 매트해지지 않아서 자연스러운 보송함이 오래 유지되는 점이 좋았어요 :) 민감한 피부도 무난하게 사용할 수 있을 것 같아요~ 전체적으로 가볍고 깔끔한 파우더라서 재구매 의사 있어요!,https://www.daisomall.co.kr/pd/pdr/SCR_PDR_0001?pdNo=1075030&recmYn=N
머루포도 비타씨 브라이트닝 파우더 5 g,68,5,,빠워지성이라 건조한 겨울철에도 스킨케어하면 얼굴이 답답한데요!! 크림에 섞어 바르면 기가막히게 피부에 편하게 흡수되면서 코팅시켜 주는 느낌이에요! 안색이 맑아지는건 솔직히 아주 오래 써봐야 알것같지만 다른용도로 아주 맘에 든 제품이라 계속 재구매 할 예정입니당 ><,https://www.daisomall.co.kr/pd/pdr/SCR_PDR_0001?pdNo=1075030&recmYn=N
머루포도 비타씨 브라이트닝 파우더 5 g,68,4,,실은 기름을 잘잡아주는 탈크파우더에 미량의 미백기능만 살짝 추가한 훼이크 제품. 하지만 저는 수부지니까 잘 쓰고있습니다. 할렐루야. 확실히 개기름이 덜 나요.,https://www.daisomall.co.kr/pd/pdr/SCR_PDR_0001?pdNo=1075030&recmYn=N
머루포도 비타씨 브라이트닝 파우더 5 g,68,4,건성,상품 설명과 똑같아요,https://www.daisomall.co.kr/pd/pdr/SCR_PDR_0001?pdNo=1075030&recmYn=N
머루포도 비타씨 브라이트닝 파우더 5 g,68,5,건성,상품 설명과 똑같아요,https://www.daisomall.co.kr/pd/pdr/SCR_PDR_0001?pdNo=1075030&recmYn=N
머루포도 비타씨 브라이트닝 파우더 5 g,68,4,건성,상품 설명과 똑같아요,https://www.daisomall.co.kr/pd/pdr/SCR_PDR_0001?pdNo=1075030&recmYn=N
머루포도 비타씨 브라이트닝 파우더 5 g,68,5,,사용하기 편리하고 좋아요,https://www.daisomall.co.kr/pd/pdr/SCR_PDR_0001?pdNo=1075030&recmYn=N
어니언블레미쉬 수딩앰플 50 ml,114,5,,이즈앤트리꺼 써보고 싶었느데 오처넌이라 샀다. 일단 같은 라인 크림보다 이게 마무리감이 더 오일리하고 무거운 느낌이다. 마무리감 오일리하고 약간 끈적이는거 싫어하는 사람은 사지마라 지성분들 효과는 써보면 알것 같가 이즈앤트리면 효과는 있겠지 흡수는 댕 빠르다 근데 화장 전에 이거 쓰면 화장 다 밀릴 듯 나이트케이어만 쓰자,https://www.daisomall.co.kr/pd/pdr/SCR_PDR_0001?pdNo=1072517&recmYn=N
어니언블레미쉬 수딩앰플 50 ml,114,5,,진정앰플인데 흡수는 또 잘되어서 여름에 단독으로 나머지 계절은 피부타입에 따라 보습을 따로 하셔야 할 것 같습니다. 이즈앤트리 히알루론 앰플과 비슷한 느낌! 같은 브랜드라 느낌이 비슷한 듯 해요 :),https://www.daisomall.co.kr/pd/pdr/SCR_PDR_0001?pdNo=1072517&recmYn=N
어니언블레미쉬 수딩앰플 50 ml,114,5,민감성,매장구매 평소 얼굴 피부타입이 건성인데 환절기가 되니 피부 장벽이 불균형해서 그런지 얼굴이 붉은기가 있고 가려운 증상도 있어서 일상생활에서 자주쓰는 제미나이에 피부 상태에 좋은 화장품을 물어보니 다이소에서 판매하는 이즈앤트리 어니언블레미쉬 수딩앰플이 양파성분이 붉은기를 잡아준다해서 제품을 사용해보니 피부 개선효과가 있어 꾸준히 사용하는 제품으로 저같은 증상이 있다면 추천드리는 제품입니다~,https://www.daisomall.co.kr/pd/pdr/SCR_PDR_0001?pdNo=1072517&recmYn=N
어니언블레미쉬 수딩앰플 50 ml,114,5,,"오프라인에서 사고 재구매입니다 올영 이즈앤트리 라인 궁금했는데 다이소 나와서 사봤어요 이거랑 이 라인 크림 같이 화장전에 쓰면 겨울인데도 건조함, 땡김 없이 화장이 잘먹어요... 화장 밀리는 것도 없고 촉촉하고 순한 제품이여서 너무 만족합니당",https://www.daisomall.co.kr/pd/pdr/SCR_PDR_0001?pdNo=1072517&recmYn=N
어니언블레미쉬 수딩앰플 50 ml,114,5,건성,적양파는 어떨지 궁금해서 사봤습니다. 촉촉하고 흡수도 잘 되는 듯해요,https://www.daisomall.co.kr/pd/pdr/SCR_PDR_0001?pdNo=1072517&recmYn=N
어니언블레미쉬 수딩앰플 50 ml,114,5,지성,순하고 피부에 자극적이지 않아서 좋아요! 민감성이고 지성인 피부에도 잘맞아요 :),https://www.daisomall.co.kr/pd/pdr/SCR_PDR_0001?pdNo=1072517&recmYn=N
어니언블레미쉬 수딩앰플 50 ml,114,5,건성,꾸준히 구매하고있어요,https://www.daisomall.co.kr/pd/pdr/SCR_PDR_0001?pdNo=1072517&recmYn=N
어니언블레미쉬 수딩앰플 50 ml,114,5,,"크기가 크진 않지만, 워터리한데 수딩젤 느낌 한 스푼 추가한 듯한 제형이에요. 피부에 금방 흡수되고 끈적임 없어서 좋아요!",https://www.daisomall.co.kr/pd/pdr/SCR_PDR_0001?pdNo=1072517&recmYn=N
어니언블레미쉬 수딩앰플 50 ml,114,4,민감성,효과를 딱히 모르겠습니다 저만 그런 걸지도 모르겠지만 그냥 물같고 흡수도 빨리 안돼요,https://www.daisomall.co.kr/pd/pdr/SCR_PDR_0001?pdNo=1072517&recmYn=N
어니언블레미쉬 수딩앰플 50 ml,114,5,지성,매장구매 올리브영에서 사서 사용해 본 적이 있었는데 가격이 2만 원 대 하잖이요 그런데 다이소에서 나왔다고 하니 사서 사용하고 있어요 제가 여드름도 좀 나는 편이고 흔적도 남는 편인데 사용하면 사용할수록 좋아지고 있어요,https://www.daisomall.co.kr/pd/pdr/SCR_PDR_0001?pdNo=1072517&recmYn=N
노스카나인 퍼스트스텝 흔적앰플 30 ml,2002,5,중성,"이거 진짜 좋아요ㅠㅠ여드름 관리하는 피부라서 얼굴에 여드름 자국이나 옅은 흉터들이 자잘하게 많은데, 이거 2주정도 밤에 세수하고 꾸준히 발라주니까 많이 옅어졌어요! 일단 끈적거리고 손에 찝찝하게 느껴지는 기분 나쁜 제형이 아니라서 좋아요. 되게 묽고 촉촉하고, 하나도 안끈적거려요! 발림성도 되게 부드럽고 시원하고 촉촉해요. 일단 이걸 발라서 얼굴에 뭐가 안난다는 점에서 최고에요. 계속 재구매해서 쓸 생각이에요! 완전 추천해요",https://www.daisomall.co.kr/pd/pdr/SCR_PDR_0001?pdNo=1071642&recmYn=N
노스카나인 퍼스트스텝 흔적앰플 30 ml,2002,5,,"1. 피부타입 • 수부지 피부: 산뜻하면서도 수분 충전 효과로 속건조 완화에 도움됨 ￼ • 민감성 피부: 자극 없이 사용 가능 비율 높음, 트러블 후 붉은기 진정 효과 기대됨 • 여드름성 피부: 붉은 흔적 케어 및 진정 목적 데일리 사용에 적합함 ￼ 2. 제품성분 • 나이아신아마이드: 피부 톤 개선 및 흔적 완화 • 트라넥사믹애씨드: 색소침착 완화에 기여 가능 ￼ • 판테놀·알란토인: 진정 및 장벽 강화 역할 ￼ • 징크 PCA: 피지 조절 및 피부 안정 효과 성분 포함 ￼ 3. 장점 • 붉은기 및 트러블 흔적 완화에 도움이 되는 성분 구성 • 자극 없는 저자극 포뮬러로 민감성 피부도 무리 없이 사용 가능 • 가벼운 제형으로 흡수가 빠르고 다른 제품과 레이어링 잘 됨 ￼ • 속건조 완화 및 피부결 개선에 긍정적 평가가 많음 ￼ 4. 단점 • 즉각적인 효과 보다는 꾸준한 사용 후 변화 체감 유￼ • 상대적으로 용량이 작아 자주 리필 필요함 • 극건성 피부엔 추가 보습이 요구될 수 있음 (별도 크림 병행 권장)",https://www.daisomall.co.kr/pd/pdr/SCR_PDR_0001?pdNo=1071642&recmYn=N
노스카나인 퍼스트스텝 흔적앰플 30 ml,2002,5,,"요즘 피부 흔적(트러블 자국, 색소 흔적 등) 관리가 신경 쓰이던 차에 유튜브나 SNS에 유명하길래 사용해봤습니다. 제형은 묽고 촉촉한 세럼 타입이에요. 손끝으로 덜어서 사용하기엔 너무 묽어서 바로 얼굴에 사용했습니다. 얼굴에 펴 바르면 스며드는 속도가 꽤 빨라서 끈적임 없이 산뜻하게 흡수되는 느낌이었어요. 바른 직후부터 피부가 촉촉하게 올려진 듯한 수분감이 느껴져서 아침·저녁으로 쓰기에 부담 없었습니다. 가장 마음에 들었던 건 흔적 케어 부분이에요. 눈에 띄게 짧은 기간에 확 달라졌다기보다는, 꾸준히 사용하면서 붉은 자국과 어두운 흔적이 점점 옅어지는 변화를 느꼈어요. 특히 자극 없이 순한 편이라 예민한 부위에 사용해도 부담이 덜했고, 다른 활발한 성분 제품을 함께 써도 트러블 없이 잘 맞았습니다. 향은 비염이라 그런 건지는 모르겠지만 거의 못 맡아서 편하게 사용했습니다. 산뜻하면서도 피부에 편안하게 흡수되는 타입이라 데일리로 잘 쓰고 있습니다. 자극 없이 사용하기 좋은 흔적 케어 앰플로, 하루 이틀의 변화보다는 꾸준히 사용할수록 맑아지는 피부 톤 관리용으로 매우 만족스러웠어요.",https://www.daisomall.co.kr/pd/pdr/SCR_PDR_0001?pdNo=1071642&recmYn=N
노스카나인 퍼스트스텝 흔적앰플 30 ml,2002,5,민감성,N번째 사용하고있는 고1남학생 엄마입니다 붉은 여드름에 사용해봤고 사용해보니 순해서 예민해진 피부를 진정시키고 여드름을 지워주는데 큰 효과를 봤습니다.,https://www.daisomall.co.kr/pd/pdr/SCR_PDR_0001?pdNo=1071642&recmYn=N
노스카나인 퍼스트스텝 흔적앰플 30 ml,2002,4,민감성,원래 트러블 성수부지 피부인데 최근에 장벽이 무너지면서 트러블이 너무 많이 났고. 흔적이 많이 남아서 구매 해 봤습니다. 워낙 파티 온 자체가 유명하기도 하고 SNS 에서 유명 하길래 한번 시험삼아 구매 해 봤습니다. 제발 효과가 좋았으면 좋겠네요.,https://www.daisomall.co.kr/pd/pdr/SCR_PDR_0001?pdNo=1071642&recmYn=N
노스카나인 퍼스트스텝 흔적앰플 30 ml,2002,5,민감성,이거 완전 제 인생템.. 여드름에도 좋고 흔적에도 좋아요 단종시키지말아주세요제발 ㅜㅜ 쟁여두고쓰고잇어용,https://www.daisomall.co.kr/pd/pdr/SCR_PDR_0001?pdNo=1071642&recmYn=N
노스카나인 퍼스트스텝 흔적앰플 30 ml,2002,5,,"파티온 노스카나인 퍼스트스텝 흔적앰플 30ml 써봤는데 상처 자국이나 흔적 케어용으로 만든 앰플이라 그런지 일반 보습 앰플보다 제형이 약간 묵직하면서도 피부에 닿으면 끈적임 없이 촉촉하게 발려요 피톤치드 계열 향이 은은하게 나서 자극 없이 편하게 바를 수 있었고 트러블 자국, 긁힌 자국, 붉은 흔적 부분 등에 아침 저녁으로 꾸준히 발라주니까 전체적으로 톤이 조금 정리되고 흔적이 덜 남은 느낌이 들어요 급격한 효과보다는 꾸준히 관리했을 때 점차 진정되고 부드러워지는 타입이라 민감하거나 예민한 피부도 부담 없이 쓸 수 있었어요 30ml 용량은 앰플치고 넉넉한 편이라 얼굴뿐 아니라 개선하고 싶은 부위에 다양하게 활용하기 좋고 보습력도 준수해서 계절 상관없이 쓰기 무난해요 흔적 관리용 앰플 찾는 분들한테 추천하고 싶은 제품이에요",https://www.daisomall.co.kr/pd/pdr/SCR_PDR_0001?pdNo=1071642&recmYn=N
노스카나인 퍼스트스텝 흔적앰플 30 ml,2002,5,중성,파티온 노스카나인 퍼스트스텝 흔적앰플은 가볍고 촉촉하게 발려서 부담 없이 쓰기 좋았어요. 뾰루지 나려고 하는곳에 발랐는데 끈적임이 심하지 않아 데일리로 바르기 편하고 트러블 자국 케어용으로 무난하게 사용하기 괜찮았습니다. 다이소 가격이라 가성비도 좋아 재구매 의사 있습니다!,https://www.daisomall.co.kr/pd/pdr/SCR_PDR_0001?pdNo=1071642&recmYn=N
노스카나인 퍼스트스텝 흔적앰플 30 ml,2002,5,민감성,"너무나도 좋은 제품 진심으로 감사드립니다. 언제나 건강하시고요, 기쁨과 행복과 행운과 평안과 큰 복이 함께 하시고요, 모든 소원 성취하시고요, 번영과 번창하시기를 바랍니다. *^^*",https://www.daisomall.co.kr/pd/pdr/SCR_PDR_0001?pdNo=1071642&recmYn=N
노스카나인 퍼스트스텝 흔적앰플 30 ml,2002,5,지성,재재재구매템입니다 진짜 좋아여 가볍고 수분 충전 잘 되고 순하고 걍 짱임,https://www.daisomall.co.kr/pd/pdr/SCR_PDR_0001?pdNo=1071642&recmYn=N
리포좀 비타민C 잡티광앰플 30 ml,1113,5,,처음 열었을 때 은은하게 오렌지 향이 퍼져서 비타민C 제품 특유의 시트러스 느낌이 바로 느껴졌어요. 인공적으로 과하게 만든 향이 아니라 상큼한 과일향에 가까워 바를 때 기분이 꽤 좋아요. 제형은 물처럼 흐르는 타입이 아니라 약간 쫀쫀한 수분젤 느낌이라 피부에 올렸을 때 금방 스며들고 끈적임도 심하지 않아 데일리로 쓰기에 편했어요. 바르고 나면 피부결이 정돈되면서 살짝 광이 도는 느낌이 있어서 메이크업 전에 써도 밀림 없이 잘 맞았고 비타민C 특유의 따가움도 거의 없어서 민감할 때도 무난하게 사용할 수 있더라고요. 꾸준히 쓰면 잡티 완화나 톤업 쪽에서 도움 될 것 같은 느낌이라 용량 대비 가성비도 만족스러웠어요.,https://www.daisomall.co.kr/pd/pdr/SCR_PDR_0001?pdNo=1068720&recmYn=N
리포좀 비타민C 잡티광앰플 30 ml,1113,5,,다이소에서 파는 화장품 가격을 보지 않더라도 대부분 좋은것 같아요 . 고민하다가 종근당을 믿고 구매했어요 클리덤 (Cleaderm) 클리덤은 깨끗하고 건강한 피부를 위한 종근당건강의 고기능 더마 브랜드네요. 아직 많이 사용하지 않아서 확실하게 잡티가 없어지는건 잘 모르겠지만 촉촉하고 피부가 좀 하예진 느낌은 있어요. 금방 잡티 없어지고 피부가 깨끗해지면 난리나겠죠. 그런데 그랬으면 좋겠어요 착한 가격으로 피부가 좋아져서 저도 싸고 쉽게 관리 받은 피부가 되면 행복입니다. 성분과 효능'에 집중하여 다양한 피부 고민 맞춤 솔루션을 제공한다니 종근당 믿고 가볼께요,https://www.daisomall.co.kr/pd/pdr/SCR_PDR_0001?pdNo=1068720&recmYn=N
리포좀 비타민C 잡티광앰플 30 ml,1113,5,건성,매장구매 최고예요! 피부가 촉촉해져요 !! 두번정도 구매하고 잘 쓰고 있어요 ! 얼굴에 광채가 ~~~ 대박 ㅋ,https://www.daisomall.co.kr/pd/pdr/SCR_PDR_0001?pdNo=1068720&recmYn=N
리포좀 비타민C 잡티광앰플 30 ml,1113,5,건성,엄마 한테 선물 했는데 마음 에 들어 하더라구요. 그리고 효과도 있어요. 처음엔 다이소라 효과가 없을 것 같았는데 효과가 있어서 놀랐어요. 다른 사람들도 이 제품을 꼭 써보셨으면 좋겠어요. 드라마틱하게 없어지는 건 아닌데 한통으로도 없어지긴 하더라구요.,https://www.daisomall.co.kr/pd/pdr/SCR_PDR_0001?pdNo=1068720&recmYn=N
리포좀 비타민C 잡티광앰플 30 ml,1113,5,,"론칭 전부터 기다리다가 드디어 구매했어요.:) 유자 향에 제형도 촉촉해 마음에 쏙 듭니다.:-) 본셉 비타민 젤리마스크나 메디필 기미앰플, 소미썸 당근패드를 많이 애용했는데요. 이 제품도 새로운 제 재구매템이 될 것 같아요.:-) 이런 좋은 제품 합리적인 가격에 판매해서 정말 좋습니다.😄👍",https://www.daisomall.co.kr/pd/pdr/SCR_PDR_0001?pdNo=1068720&recmYn=N
리포좀 비타민C 잡티광앰플 30 ml,1113,5,,"비타민 C 제품이 자칫잘못 선택하면 또 고함량인경우도 너무 자극적이라 못바르보 버린게 한두개가 아닌데 적당히 보습감과 잘 발려서 좋아요 ㆍ향 지나치지 않은 오렌지 향 ㆍ재형 스킨 로션 중간 제형으로 피부에 올려놔도 흘려서 떨어지지 않아요. ㆍ보습감 건조한 지금 바르고 촉촉하긴하나 이것만으로는 조금 건조할수있어요 ㆍ발림성 부드럽게 잘 발리고 밀리지 않아서 메이크업전에 좋아요. ㆍ재구매 의사 :또살꺼에요, 함께 구매한 같은 라인에 마스크팩, 미스트, 스팟 볼센럼도 좋아서 크림도 구매하려합니다.",https://www.daisomall.co.kr/pd/pdr/SCR_PDR_0001?pdNo=1068720&recmYn=N
리포좀 비타민C 잡티광앰플 30 ml,1113,5,건성,피부에도 비타민 사용하면 좋대서 샀는데 제형이 쫀득하고 좋아요,https://www.daisomall.co.kr/pd/pdr/SCR_PDR_0001?pdNo=1068720&recmYn=N
리포좀 비타민C 잡티광앰플 30 ml,1113,5,,비타민씨 앰플을 저녁에 쓰기 위해 구매했는데 이 제품을 처음 구매 해 봤어요. 사용 직후 보습력 좋구요. 흐르는 제형이지만 발림성이 좋네요. 아직 피부가 밝아진다거나 확연한 변화는 없지만 바르는데 편해서 지속적으로 써 보려고 해요.,https://www.daisomall.co.kr/pd/pdr/SCR_PDR_0001?pdNo=1068720&recmYn=N
리포좀 비타민C 잡티광앰플 30 ml,1113,5,건성,비타민제품 중 가장 애용하는 제품입니다. 끈적임이 없고 바로 스며들어서 좋아요. 매장에서 늘 품절이라 있을때마다 여러개사서 쟁여놓고 있습니다.,https://www.daisomall.co.kr/pd/pdr/SCR_PDR_0001?pdNo=1068720&recmYn=N
리포좀 비타민C 잡티광앰플 30 ml,1113,5,중성,오프라인으로 한병 사용해보고 가성비 짱이라 온라인 주문 했어요. 이어서 재구매 예정,https://www.daisomall.co.kr/pd/pdr/SCR_PDR_0001?pdNo=1068720&recmYn=N
리포좀 비타민C 기미볼세럼 15 ml,501,5,,다이소에서 파는 화장품 가격을 보지 않더라도 대부분 좋은것 같아요 . 고민하다가 종근당을 믿고 구매했어요 클리덤 (Cleaderm) 클리덤은 깨끗하고 건강한 피부를 위한 종근당건강의 고기능 더마 브랜드네요. 볼이 있어서 집중적으로 바르기 편해요 아직 많이 사용하지 않아서 확실하게 기미가 없어지는건 잘 모르겠지만 촉촉하고 피부가 좀 하예진 느낌은 있어요. 금방 기미가 없어지고 피부가 깨끗해지면 난리나겠죠. 그런데 그랬으면 좋겠어요 착한 가격으로 피부가 좋아져서 저도 싸고 쉽게 관리 받은 피부가 되면 행복입니다. 성분과 효능'에 집중하여 다양한 피부 고민 맞춤 솔루션을 제공한다니 종근당 믿고 가볼께요,https://www.daisomall.co.kr/pd/pdr/SCR_PDR_0001?pdNo=1068722&recmYn=N
리포좀 비타민C 기미볼세럼 15 ml,501,5,,"기미 잡티 없애는데는 시간 좀 걸릴테니 사용감 위주로만 말씀드리자면 이거 진짜 혁명적입니다... 저는 피부가 너무 예민해서 비타민씨, 레티놀, 나이아신아마이드 등등 이런 기능성 성분 든 화장품 쓰면 피부 진짜 다 뒤집어지거든요ㅠㅠ? 그리고 대부분 앰플이나 튜브형 크림으로 나와서 문제부위만 바르기도 힘들었는데 얘는 완전 소량만 쏙 나와서 기미만 콕콕 바르기 넘 편해요 그리고 안 흘러내려서 다른 부위까지 안 번져서 넘 좋아요 무엇보다도 이걸 이 가격에ㅋㅋㅋ 다이소 갓갓",https://www.daisomall.co.kr/pd/pdr/SCR_PDR_0001?pdNo=1068722&recmYn=N
리포좀 비타민C 기미볼세럼 15 ml,501,5,중성,같은 브랜드를 사봤어서 이것도 사봄. 근데 괜찮은 것 같지만 조금 세럼을 피부에 많이 부려놓으면 볼이 잘 안 굴러감. 수분감은 어느 정도 있슴. 순해서 민감성도 써도 괜찮을 듯,https://www.daisomall.co.kr/pd/pdr/SCR_PDR_0001?pdNo=1068722&recmYn=N
리포좀 비타민C 기미볼세럼 15 ml,501,5,,비타민C 제품만 쓰면 트러블 가려움 심한편인데 적당히 자극적이지 않네요. 두세번 누르면 고양이 발바닥 모양처럼 뿅하고 나오는데 양볼 양쪽 이마 꽁꽁 찍어 주고 롤링하면 흡수되고 같은 라인 제품으로 쓰고 다음날 일어나니 피부가 조금은 컨디션이 좋아졌어요. 깊은 기미라 크게 기대는 없지만 트러블이 계속 없다면 쭈욱 써보고 싶네요,https://www.daisomall.co.kr/pd/pdr/SCR_PDR_0001?pdNo=1068722&recmYn=N
리포좀 비타민C 기미볼세럼 15 ml,501,4,,아직 이틀째라 효과는 잘모르겠어요 하지만 꾸준히 써보면 괜찬아지지 않을까 기대해봅니다 저한테는 많이 자극적이지않았어요 살짝 민감한건성 수부지피부라 따갑거나 가려우면 어떻하지 했는데 그정도는 아니여서 다행이더라구요 나이가 드니 눈밑이랑 광대주변에 기미 잡티가 생기더라구요 일단 효과괜찬으면 재구매할꺼예요 그리고 작지만 마사지볼로 살짤 굴려주니 시원한느낌도들어요 사용하기엔 편해요,https://www.daisomall.co.kr/pd/pdr/SCR_PDR_0001?pdNo=1068722&recmYn=N
리포좀 비타민C 기미볼세럼 15 ml,501,5,민감성,여름에 선크림 잘 안 발랐더니 주근깨가 좀 생겨서 고민이었는데 기미용으로 유튜브에서 이 제품을 추천하더라구요 한 일주일만에 확실히 많이 옅어졌어요 !! 향은 상큼한 오렌지 향이에요 이 제품 라인 앰플도 같이 쓰면 효과가 더 좋을 것 같아서 앰플은 오프라인에서 구매했어요.,https://www.daisomall.co.kr/pd/pdr/SCR_PDR_0001?pdNo=1068722&recmYn=N
리포좀 비타민C 기미볼세럼 15 ml,501,5,건성,신기하고 궁금해서 구매하였는데 아주 좋아여~ 눈밑이 다크가 많은데 얼굴톤이 밝아져서 다크가 안찐해보이는거 같아요,https://www.daisomall.co.kr/pd/pdr/SCR_PDR_0001?pdNo=1068722&recmYn=N
리포좀 비타민C 기미볼세럼 15 ml,501,5,,"와,,인생템 발견했어요. 양쪽 광대에 기미가 심했는데 (흑자인지 기미인지..) 그냥 하루종일 들고 있으면서 계속 발랐거든요. 어느 날 보니 기미가 확 줄어들었어요. 여태 기미화장품 온갖 광고하는거 다 써보고(떼는 패치크림도 써봄) 기분상 밝아진 정도였는데 이건 진짜 없어졌어요. 볼로 굴리면서 바르니까 맛사지도 되고 얼굴도 밝아지고 왕추천해요. 네통 더 사왔습니다.",https://www.daisomall.co.kr/pd/pdr/SCR_PDR_0001?pdNo=1068722&recmYn=N
리포좀 비타민C 기미볼세럼 15 ml,501,5,중성,매장에서 테스트 해보고 주문했습니다. 볼 타입이라 바르기도 편하고 양도 많습니다. 효과도 좋을 것 같아요,https://www.daisomall.co.kr/pd/pdr/SCR_PDR_0001?pdNo=1068722&recmYn=N
리포좀 비타민C 기미볼세럼 15 ml,501,5,중성,다이소에서 화장품이며 영양제며 다 구매하고 있어요. 너무 좋아요,https://www.daisomall.co.kr/pd/pdr/SCR_PDR_0001?pdNo=1068722&recmYn=N
멜라논엑스 기미앰플 30 ml,786,5,,"잡티 없이 깨끗한 피부는 남녀노소 누구나 원하는 것으로 기미 제품은 꾸준히 사용해야지, 사용했다 안했다 하면 관리가 되지 않더라구요..🤔 하여 홈케어 제품으로 기미 관리를 병행하는데 브랜드 메디필 제품이면서 용량도 30ml인 기미 앰플을 다이소에서 발견하고는 사용해보게 되었어요!🫠 미백 제품답게 나이아신아마이드, 트라넥삼산, 아스코빅애씨드 같은 성분들이 함유되어 있는 것이 함량이 어느정도인지는 모르겠지만 기미 제품으로 구색은 갖추었고 뾰족한 토출구의 30ml 튜브 타입 앰플로 미백컬러의 일반적인 촉촉한 앰플 텍스처에요! 가볍고 촉촉 하면서도 부드럽게 도포되는 것이 미백 제품치고는 건조하지 않고 촉촉해서 마음에 들고 토출구가 뾰족해서 위생적으로 사용하고 싶은만큼만 덜어 사용하기도 좋더라구요! 🙌🏻 꾸준히 사용하고 있는데 부드럽고 산뜻한 사용감에 부담없는 가격으로 피부 톤과 기미 관리에 도움이 되서 가성비 좋은 제품이라 할만 하더라구요!",https://www.daisomall.co.kr/pd/pdr/SCR_PDR_0001?pdNo=1068857&recmYn=N
멜라논엑스 기미앰플 30 ml,786,5,중성,일 년은 계속 써보자 라고 작정하며 계속 주문하는 다이소 일상 주문템 입니다. 미백을 기대 하기 보다는 기본 적인 성능이 좋아서 만족스럽게 쓴다고 생각하시면 될 것 같습니다.,https://www.daisomall.co.kr/pd/pdr/SCR_PDR_0001?pdNo=1068857&recmYn=N
멜라논엑스 기미앰플 30 ml,786,5,중성,기초를 탄탄하게 여러겹 레이어드하고 바르고나서도 약간의 따가움? 이 살짝 느껴지긴했어요. 뭐 미백 기능성 제품인만큼 어쩔수없는 부분이라고 생각합니다. 다행이 트러블은 없어서 꾸준히 사용해보려고해요. 기미 잡티가 하루아침에 사라지는건 아니기 때문에 꾸준히 사용하기에 가성비 있는 좋은 제품인것 같아요,https://www.daisomall.co.kr/pd/pdr/SCR_PDR_0001?pdNo=1068857&recmYn=N
멜라논엑스 기미앰플 30 ml,786,4,건성,매장구매 기미 없애려고 구매했어요 가성비 좋은 그럭저럭템이에요 없는 것보단 낫겠지하는 마음으로 쓰고 있어요,https://www.daisomall.co.kr/pd/pdr/SCR_PDR_0001?pdNo=1068857&recmYn=N
멜라논엑스 기미앰플 30 ml,786,5,중성,시트러스트한 향이 많이나요! 기미 고민 많았는데 자주 써보고 효과 있으면 재구매 하겠습니다.,https://www.daisomall.co.kr/pd/pdr/SCR_PDR_0001?pdNo=1068857&recmYn=N
멜라논엑스 기미앰플 30 ml,786,5,,제가 악건성임에도불구하고 유분이많은 기초를쓰면 스며들지않고 겉을오랜시간맴돌다 땀에의해서 지워지든 얼굴만지다 닦여지던 둘중에하나였는데 다이소 기초들은 거의다 유분이많아서 기초를항상실패했습니다 이번에 나온것도그냥 유분많은거겠지했는데 세상에나마상에나 너무촉촉하고 점성조금있는 에센스제형인데 흡수가 진짜빠르게 됩니다 흡수되고나면얼굴진짜부들함 주근깨있어서 사긴했지만 제형때문에 씁니다 재구매의사완전있어요,https://www.daisomall.co.kr/pd/pdr/SCR_PDR_0001?pdNo=1068857&recmYn=N
멜라논엑스 기미앰플 30 ml,786,5,건성,매장구매 제형이랑 향이 아주 마음에 들어요. 지성피부인데 너무 기름지지도 않고 시트러스향이나요. 핸드크림으로 써도 좋을 것 같아요.,https://www.daisomall.co.kr/pd/pdr/SCR_PDR_0001?pdNo=1068857&recmYn=N
멜라논엑스 기미앰플 30 ml,786,5,중성,다이소에서 화장품이며 영양제며 다 구매하고 있어요. 너무 좋아요,https://www.daisomall.co.kr/pd/pdr/SCR_PDR_0001?pdNo=1068857&recmYn=N
멜라논엑스 기미앰플 30 ml,786,4,중성,촉촉하고 부드럽고 순하고 부담없이 사용하기 넘 좋아용~~^^,https://www.daisomall.co.kr/pd/pdr/SCR_PDR_0001?pdNo=1068857&recmYn=N
멜라논엑스 기미앰플 30 ml,786,5,건성,발림성 좋고. 촉촉한데 조금 쓰면 내용물이 잘 안나와요,https://www.daisomall.co.kr/pd/pdr/SCR_PDR_0001?pdNo=1068857&recmYn=N
PDRN 광채에센스 2 ml 6개입,1281,5,지성,요즘 SNS에서 계속 보여서 궁금했는데 처음엔 “다이소에서 PDRN?” 반신반의했는데 막상 써보니까 왜 다들 난리인지 바로 이해됐어요 다이소 갈때마다 제품이 없어서 이 제품 때문에 다이소몰 가입까지 했어요. 제형은 끈적임 없이 가볍게 발리는데 바르는 순간 피부에 은은한 물광✨ 올라오는 게 딱 느껴져요. 특히 화장 전에 바르면 피부가 정돈되면서 메이크업 밀림도 없고 자연스럽게 광이 살아나요. 저는 지성 피부라 무거운 거 진짜 싫어하는데 이건 답답함 없이 촉촉 + 산뜻해서 데일리로 쓰기 좋아요. 요즘 계속 솔드아웃이라 구하기도 힘든데 그 이유가 있네요… 😭 가격 생각하면 더 말이 안 되는 퀄리티입니다. 👉 한마디로 “가성비로 피부 컨디션 끌어올리는 광채템” 인정입니다. 재입고 뜨면 무조건 쟁일 예정이에요,https://www.daisomall.co.kr/pd/pdr/SCR_PDR_0001?pdNo=1067496&recmYn=N
PDRN 광채에센스 2 ml 6개입,1281,5,,"리뷰쓸려고 들어오니까 품절;; 재빠르게 사길 잘했어요! 요즘 피디알엔 제품들 진짜 핫한데 브이티는 식물성 피디알엔이라 더 맘에 들어요. -제형: 바르기전에 색만보면 우유?플레인 요거트 느낌. 새하얀 에센스가 부드럽게 발리는데 얼굴에는 착 달라붙음. 손이나 얼굴에 끈적임 NO!! -향: 약간 은은한 꽃향기가 나는 것 같기도 한데 강하지 않아서 호불호 없이 쓰기 좋음 -꿀팁: 피디알엔 성분이 비싸던데 그냥 쓰기 아까우니까 저녁엔 리들샷 필수! 그 다음에 크림발라도 되는데, 로로님 인스타에서 본 조합으로 슈퍼히알론슬리핑마스크로 마무리하면 담날 개꿀잠잔듯한 물광피부 가능 +) 메컵전에 쓰기도 괜찮음. 세미매트파데 좋아하는데 아무리 여름이라도 젤 크림같은거 바르고 파데쓰기에는 좀 건조해서 딱 좋음.",https://www.daisomall.co.kr/pd/pdr/SCR_PDR_0001?pdNo=1067496&recmYn=N
PDRN 광채에센스 2 ml 6개입,1281,5,건성,저는 토너가 관심이 있어서 차다 가관 체크림도 좋다고 해서 같이 구매를 했어요. 바르고 나면 굉장히 광채가 많이 올라 오는 편이어서. 저는 지성인 분들에게는 추천 하지 않습니다. 권 성인 분들에게 굉장히 추천 드리구요. 광채는 오랜 시간 동안 유지가 됩니다. 또한 저는 보통 화장 할 때 프라이머 나 베이스를 바르고 시작을 하는데 이 크림을 발라주고 위에 쿠션이이나 파운데이션 올려도 광채가 유지 되더라구요하장 전의 사용 하는 것도 추천 드려요. 다만 소량으로 바르고 화장 하시는 걸 추천 드립니다.,https://www.daisomall.co.kr/pd/pdr/SCR_PDR_0001?pdNo=1067496&recmYn=N
PDRN 광채에센스 2 ml 6개입,1281,5,,"부이티 리들샷 쓰는 사람이라면 요거 무조건 사셔야 해요.. 리들샷이랑 꿀조합인 거 모르시는 분 없게 해주세요 제발 ㅠㅠㅠ 진짜 이거 쓰고 광채며 속건조며 다 잡고 화장도 잘 먹어서 피부 좋아졌단 말 얼마나 많이 듣는지 몰라요!!! 끈적임이나 화장 전에 발라도 밀림 전혀 없어요,, 최고 ㅠㅠㅠ",https://www.daisomall.co.kr/pd/pdr/SCR_PDR_0001?pdNo=1067496&recmYn=N
PDRN 광채에센스 2 ml 6개입,1281,5,중성,유명하다길래 호기심에 사봤는데 왜 유명한지 알듯 우유색 액체가 물처럼 흐르는데 바르면 딱붙는 느낌 리들샷이랑 같이 써주면 광채 효과만큼은 제대로에요,https://www.daisomall.co.kr/pd/pdr/SCR_PDR_0001?pdNo=1067496&recmYn=N
PDRN 광채에센스 2 ml 6개입,1281,5,건성,저녁 세안후 리들샷 후에 발라주면 광채가 좋아집니다 한번에 좋아지는것보다 꾸준히 사용해보니 차츰 좋아지는걸 느낄수 있습니다,https://www.daisomall.co.kr/pd/pdr/SCR_PDR_0001?pdNo=1067496&recmYn=N
PDRN 광채에센스 2 ml 6개입,1281,5,건성,한번 써보고 좋아서 계속 재구매중이에요 저녁에 듬뿍 바르고 자면 다음날 화장도 잘돼요!,https://www.daisomall.co.kr/pd/pdr/SCR_PDR_0001?pdNo=1067496&recmYn=N
PDRN 광채에센스 2 ml 6개입,1281,5,,일단 제가 리들 100과 이제품 동시에 쓰고 다음날 세안후에 피부가 넘나좋더라구요 제가 지금 리쥬란을 시술한지 며칠안되어서 못쓰고 있지만 그때처럼 효과있길 바라면서 요라인 vt크림과 토너도 구매해봅니다 악건성인 제 피부에 감동을 주어서 눈에띄는 제품으로 급상승 매력적인 요아이 별5개♡,https://www.daisomall.co.kr/pd/pdr/SCR_PDR_0001?pdNo=1067496&recmYn=N
PDRN 광채에센스 2 ml 6개입,1281,5,건성,브이티 리프팅 콜라겐 마스크인가 여튼 이 피디알엔 광채 에센스가 있는데 와 써보고 너무 좋은거예요 따로 이렇게 판매를 하고 있어서 너무 좋네요 ㅜㅜ 더 큰용량 만들어주심 좋을 것 같아요 진짜 저 믿고 써보세요 다이소 퀄리티가 아닙니다 ㅋㅋ,https://www.daisomall.co.kr/pd/pdr/SCR_PDR_0001?pdNo=1067496&recmYn=N
PDRN 광채에센스 2 ml 6개입,1281,5,건성,PDRN이 좋다고 그래서 에센스 한번 사봤어요 로션보다 약간 쫀쫀한 제형인데 손을 타고 흘러내리거나 그러지 않아서 수월하게 쭉 짜서 발랐어요 잘 스며들고 좋아요,https://www.daisomall.co.kr/pd/pdr/SCR_PDR_0001?pdNo=1067496&recmYn=N
