product_name,review_rating,review_count,skin_type,review_text,url
[4/29하루특가][턴오버주기개선] 동아제약 색소침착 프로 액제 30ml,5,564,없음,눈가에 기미가생겨서 걱정되서 구매했어요 제약회사에서 나온거라 믿음직스럽고 색소침착크림이랑같이쓰면 좋을것같아요 흔들어서 사용하면 되요!!,https://www.oliveyoung.co.kr/store/goods/getGoodsDetail.do?goodsNo=A000000249648&dispCatNo=100000100010014&trackingCd=Cat100000100010014_Small&t_page=카테고리관&t_click=에센스/세럼/앰플_전체__상품상세&t_number=1
[4/29하루특가][턴오버주기개선] 동아제약 색소침착 프로 액제 30ml,5,564,건성,얼굴에 색소침착 된 부분이 많아서 도움이 될까 싶어서 구매했어요 일단 발림성은 토너 같은 형태라서 피부의 효과적으로 잘 스며드는 것 같아요 끈적거리는거 하나도 없고 촉촉하게 발리는 게 좋은 것 같아요 같이 주신 크림이랑 같이 바르니까 효과가 좀 더 좋은 거 같아요,https://www.oliveyoung.co.kr/store/goods/getGoodsDetail.do?goodsNo=A000000249648&dispCatNo=100000100010014&trackingCd=Cat100000100010014_Small&t_page=카테고리관&t_click=에센스/세럼/앰플_전체__상품상세&t_number=1
[4/29하루특가][턴오버주기개선] 동아제약 색소침착 프로 액제 30ml,5,564,건성,기미 치료하면서 같이 바르려고 샀어요 누적 된 기미 및 색소침착에 좋다고해서 도움이 될까싶어서 사용중입니다 발림성은 촉촉하고 토너같이 산뜻하게 발려서 나쁘지않아요 그리고 피부 각질 턴오버주기개선에 도움이 된다고 하네용 ! 자극이 없어서 일단 좋구요 촉촉해요~,https://www.oliveyoung.co.kr/store/goods/getGoodsDetail.do?goodsNo=A000000249648&dispCatNo=100000100010014&trackingCd=Cat100000100010014_Small&t_page=카테고리관&t_click=에센스/세럼/앰플_전체__상품상세&t_number=1
[4/29하루특가][턴오버주기개선] 동아제약 색소침착 프로 액제 30ml,5,564,복합성,30대가 되니 늘어나는 잡티 기미.. 특히나 초기 기미가 걱정되는 부위에 발라주면 되는 아이템이라 저는 트러블 후 색소침착이나 열은 기미가고민인 부위에 덜어내 아침저녁으로 발라주고 있어요!,https://www.oliveyoung.co.kr/store/goods/getGoodsDetail.do?goodsNo=A000000249648&dispCatNo=100000100010014&trackingCd=Cat100000100010014_Small&t_page=카테고리관&t_click=에센스/세럼/앰플_전체__상품상세&t_number=1
[4/29하루특가][턴오버주기개선] 동아제약 색소침착 프로 액제 30ml,5,564,복합성,요즘 피부가 거뭇거뭇해지는거같아 하나씩 관리해주려고 써봤어요 게다가 피부 각질때문에 화장이 안 먹어 고민이었는데 이게 묽은 액상제형이라 그런지 각질도 좀 잠재워주는거같아 화장도 잘 먹는 느낌이에요~~ 기미 및 색소침착완화 효과가 있다고 해서 꾸준히 발라보려구요 일단 제가 민감성인데 자극적이지 않아서 매일 발라주고있는데 산뜻하게 관리할수있어 좋아요,https://www.oliveyoung.co.kr/store/goods/getGoodsDetail.do?goodsNo=A000000249648&dispCatNo=100000100010014&trackingCd=Cat100000100010014_Small&t_page=카테고리관&t_click=에센스/세럼/앰플_전체__상품상세&t_number=1
[4/29하루특가][턴오버주기개선] 동아제약 색소침착 프로 액제 30ml,5,564,건성,턴오버주기개선해주는 거다보니 피부 각질 제거도 매끈하게 잘 되고 톤이 맑아진 느낌이에요 ㅎㅎ,https://www.oliveyoung.co.kr/store/goods/getGoodsDetail.do?goodsNo=A000000249648&dispCatNo=100000100010014&trackingCd=Cat100000100010014_Small&t_page=카테고리관&t_click=에센스/세럼/앰플_전체__상품상세&t_number=1
[4/29하루특가][턴오버주기개선] 동아제약 색소침착 프로 액제 30ml,5,564,지성,"가벼운 제형이라 부담 없이 바르기 좋고, 끈적임 없이 산뜻하게 마무리돼요. 색소 침착 부위에 꾸준히 발라주니까 조금씩 개선되는 느낌이라 계속 써보려고 해요.",https://www.oliveyoung.co.kr/store/goods/getGoodsDetail.do?goodsNo=A000000249648&dispCatNo=100000100010014&trackingCd=Cat100000100010014_Small&t_page=카테고리관&t_click=에센스/세럼/앰플_전체__상품상세&t_number=1
[4/29하루특가][턴오버주기개선] 동아제약 색소침착 프로 액제 30ml,5,564,복합성,"기미 완화에 좋다고 해서 구매했는데 자극 없이 순하게 작용하는 점이 마음에 들어요. 각질이 정리되니까 피부가 부드러워지고, 칙칙함도 덜해진 것 같아서 만족합니다.",https://www.oliveyoung.co.kr/store/goods/getGoodsDetail.do?goodsNo=A000000249648&dispCatNo=100000100010014&trackingCd=Cat100000100010014_Small&t_page=카테고리관&t_click=에센스/세럼/앰플_전체__상품상세&t_number=1
[4/29하루특가][턴오버주기개선] 동아제약 색소침착 프로 액제 30ml,5,564,지성,"잡티랑 색소가 고민이라 사용 중인데 꾸준히 쓰니까 조금씩 옅어지는 느낌이에요. 액체 타입이라 흡수도 빠르고, 피부에 부담 없이 사용할 수 있어서 좋아요.",https://www.oliveyoung.co.kr/store/goods/getGoodsDetail.do?goodsNo=A000000249648&dispCatNo=100000100010014&trackingCd=Cat100000100010014_Small&t_page=카테고리관&t_click=에센스/세럼/앰플_전체__상품상세&t_number=1
[4/29하루특가][턴오버주기개선] 동아제약 색소침착 프로 액제 30ml,5,564,없음,"민감한 피부라 걱정했는데 자극 없이 사용할 수 있어서 좋았어요. 바르고 나면 피부가 정돈되는 느낌이고, 각질 들뜸이 줄어들어서 메이크업 밀림도 덜해졌어요.",https://www.oliveyoung.co.kr/store/goods/getGoodsDetail.do?goodsNo=A000000249648&dispCatNo=100000100010014&trackingCd=Cat100000100010014_Small&t_page=카테고리관&t_click=에센스/세럼/앰플_전체__상품상세&t_number=1
[단독기획] 아누아 피디알엔 히알루론산 캡슐 100 세럼 30mL 기획 (+30mL 리필팩),5,"12,007",건성,다른제품 PDRN 사용하다가 눈시림이 계속 있어서요~ 아누아 괜찮다고해서 드디어 구매했네요 ㅎㅎ 세럼이랑 크림 같이 구매했어요!!!~~~ 리필도 있어서 좋네요 ㅎㅎㅎ 그 전에 테스트도 해봤고 발림성도 좋아서 사자마자 바로 발랐네요 ㅎㅎ 촉촉하니 좋아요 ㅎㅎ 이 제품 잘 맞으면 꾸준히 써볼려고요 ㅎㅎ 주름도 점점 늘어서 ;;; 목에도 같이 바르려고요 ㅎㅎㅎ 좋은효과 있길 바랍니당 ㅎㅎㅎ,https://www.oliveyoung.co.kr/store/goods/getGoodsDetail.do?goodsNo=A000000222698&dispCatNo=100000100010014&trackingCd=Cat100000100010014_Small&t_page=카테고리관&t_click=에센스/세럼/앰플_전체__상품상세&t_number=2
[단독기획] 아누아 피디알엔 히알루론산 캡슐 100 세럼 30mL 기획 (+30mL 리필팩),5,"12,007",건성,저번에 두병 썼었는데 쿼드쎄랑 합이 좋다고 하길래 재구매 해요 냄새는 살짝의 안좋은 냄새가 나긴 하지만 피부에 이상은 없었어요,https://www.oliveyoung.co.kr/store/goods/getGoodsDetail.do?goodsNo=A000000222698&dispCatNo=100000100010014&trackingCd=Cat100000100010014_Small&t_page=카테고리관&t_click=에센스/세럼/앰플_전체__상품상세&t_number=2
[단독기획] 아누아 피디알엔 히알루론산 캡슐 100 세럼 30mL 기획 (+30mL 리필팩),5,"12,007",복합성,"요 세럼은 수분감 채워주는 데에 진짜 특화된 제품이라 요즘 잘 쓰고 있어요💙 히알루론산 + 캡슐 제형이라 그런지 바르면 피부에 수분이 꽉 차는 느낌이고, 흡수되고 나면 속까지 촉촉해지는 느낌이라 건조할 때 특히 만족스러워요. 끈적임 없이 산뜻하게 마무리돼서 데일리로 부담 없이 쓰기 좋아요! 다만 제형이 거의 물처럼 엄청 묽은 편이라, 손에 덜면 얼굴에 바르기도 전에 흘러내리는 경우가 많아서 그 부분은 조금 아쉬웠어요🥲 그래서 손바닥에 빠르게 펴서 바로 바르거나, 여러 번 나눠서 쓰는 게 더 편하더라구요. 그래도 수분감 하나는 확실해서 계속 손이 가는 제품이에요! 게다가 30ml 리필까지 들어있는 기획이라 가성비도 좋아서 더 만족스러워요✨ 👉 한줄평: “흐를 정도로 묽지만, 속까지 촉촉하게 채워주는 수분 세럼💧”",https://www.oliveyoung.co.kr/store/goods/getGoodsDetail.do?goodsNo=A000000222698&dispCatNo=100000100010014&trackingCd=Cat100000100010014_Small&t_page=카테고리관&t_click=에센스/세럼/앰플_전체__상품상세&t_number=2
[단독기획] 아누아 피디알엔 히알루론산 캡슐 100 세럼 30mL 기획 (+30mL 리필팩),5,"12,007",복합성,한달동안 잘 사용하고있어요 계속해서 재구매하고 있는 아이템입니다,https://www.oliveyoung.co.kr/store/goods/getGoodsDetail.do?goodsNo=A000000222698&dispCatNo=100000100010014&trackingCd=Cat100000100010014_Small&t_page=카테고리관&t_click=에센스/세럼/앰플_전체__상품상세&t_number=2
[단독기획] 아누아 피디알엔 히알루론산 캡슐 100 세럼 30mL 기획 (+30mL 리필팩),5,"12,007",없음,물 제형이라 거의 토너에 가까워요. 가벼워서 여러겹 레이어링 하기 좋습니다.,https://www.oliveyoung.co.kr/store/goods/getGoodsDetail.do?goodsNo=A000000222698&dispCatNo=100000100010014&trackingCd=Cat100000100010014_Small&t_page=카테고리관&t_click=에센스/세럼/앰플_전체__상품상세&t_number=2
[단독기획] 아누아 피디알엔 히알루론산 캡슐 100 세럼 30mL 기획 (+30mL 리필팩),1,"12,007",없음,피디알엔 함유량은 적고 .. 사용감은 끈적거려요 광고에 속아 구매한 기분 . . . 끈적이는 거 바르면 바로 트러블 올라와서 3~4번 사용하고 쳐박아뒀습니다 🙂 재구매 의사 XXX 사기 전으로 돌아간다면 사지 않을 거예요,https://www.oliveyoung.co.kr/store/goods/getGoodsDetail.do?goodsNo=A000000222698&dispCatNo=100000100010014&trackingCd=Cat100000100010014_Small&t_page=카테고리관&t_click=에센스/세럼/앰플_전체__상품상세&t_number=2
[단독기획] 아누아 피디알엔 히알루론산 캡슐 100 세럼 30mL 기획 (+30mL 리필팩),5,"12,007",건성,완전히 물처럼 흐르는 제형으로 1번만 발라줘도 건조하지 않고 흡수력이 좋아서 화장 전에 발라줘도 베이스가 밀리지 않아요! 여러 세럼을 써봤지만 보습이나 흡수력면에서 제일 마음에 들어서 다시 돌아왔습니다 같은 라인 크림이랑 같이 발랐을 때 궁합이 제일 좋았어요! 도움이 되셨다면 도움이 돼요 눌러주시면 감사하겠습니다☺️,https://www.oliveyoung.co.kr/store/goods/getGoodsDetail.do?goodsNo=A000000222698&dispCatNo=100000100010014&trackingCd=Cat100000100010014_Small&t_page=카테고리관&t_click=에센스/세럼/앰플_전체__상품상세&t_number=2
[단독기획] 아누아 피디알엔 히알루론산 캡슐 100 세럼 30mL 기획 (+30mL 리필팩),5,"12,007",건성,히알루론산 앰플 유명해서 샀는데 촉촉하고 좋아요 수부지에 좋네요,https://www.oliveyoung.co.kr/store/goods/getGoodsDetail.do?goodsNo=A000000222698&dispCatNo=100000100010014&trackingCd=Cat100000100010014_Small&t_page=카테고리관&t_click=에센스/세럼/앰플_전체__상품상세&t_number=2
[단독기획] 아누아 피디알엔 히알루론산 캡슐 100 세럼 30mL 기획 (+30mL 리필팩),5,"12,007",없음,가성비 좋고 촉촉하고 PDRN성분으로 꾸준히 사용해볼게요!,https://www.oliveyoung.co.kr/store/goods/getGoodsDetail.do?goodsNo=A000000222698&dispCatNo=100000100010014&trackingCd=Cat100000100010014_Small&t_page=카테고리관&t_click=에센스/세럼/앰플_전체__상품상세&t_number=2
[단독기획] 아누아 피디알엔 히알루론산 캡슐 100 세럼 30mL 기획 (+30mL 리필팩),5,"12,007",없음,세안 직후 얼굴이 금방 땅기고 얇게 마르는 느낌이 들 때 발라주면 피부가 훨씬 안정적으로 잡히는 기분이었어요. 겉만 번들거리는 보습이 아니라 속이 편안해지는 쪽이라 꾸준히 쓰기 좋았습니다.,https://www.oliveyoung.co.kr/store/goods/getGoodsDetail.do?goodsNo=A000000222698&dispCatNo=100000100010014&trackingCd=Cat100000100010014_Small&t_page=카테고리관&t_click=에센스/세럼/앰플_전체__상품상세&t_number=2
[올영 선런칭] 유세린 티아미돌 부스터 세럼 30ml 기획 (+마스크팩 1매+페이스쿨러),5,93,복합성,평소에 유세린 제품 좋아하는데 브라이트닝 세럼이 나와서 궁금해서 구매했습니다 향이나 제형은 기존에 사용중이던 에피셀린 세럼이랑 비슷했고 흡수도 잘되고 바른후에 크게 자극도 없어서 좋았고 사용후에 안색이 맑아지는 느낌이 있어서 신기했습니다 계속 사용하면 한톤 밝아지지 않을까 기대됩니다,https://www.oliveyoung.co.kr/store/goods/getGoodsDetail.do?goodsNo=A000000252128&dispCatNo=100000100010014&trackingCd=Cat100000100010014_Small&t_page=카테고리관&t_click=에센스/세럼/앰플_전체__상품상세&t_number=3
[올영 선런칭] 유세린 티아미돌 부스터 세럼 30ml 기획 (+마스크팩 1매+페이스쿨러),5,93,건성,유세린 에피셀린 세럼이랑 아이크림 좋아서 잘 사용하는데 이번에 브라이트닝 세럼이 새로나와서 골라봤습니다. 티아미돌이라는 특허 성분이 함유되어 있는데 멜라닌 생성 핵심 효소 타이로시나아제를 직접 억제해줘서 기미나 잡티 진행을 억제해주고 옅어지게 해준다고 해서 기대가 되었습니다. 제형은 우윳빛 유백색 제형으로 로션 에센스 느낌인데 부드럽고 얇게 펴발리면서 흡수도 빠르고 건성인 제가 발랐을 때 촉촉한 수분감이 많이 느껴졌고 끈적임 없이 마무리되서 좋았습니다. 민감 피부 적합도 테스트 했다고 하는데 피부가 조금 예민한 상태에서 발랐을때도 자극 없어서 데일리로 매일 사용할 수 있었고 며칠 사용해보니 피부결은 좀 더 매끈해진게 느껴졌고 피부광채가 올라와서 매우 만족스럽습니다. 피부톤도 조금 맑아지는 느낌이라 꾸준히 한달 사용해보고 기미 잡티 옅어지는 효과도 체감 후 한달 사용 후기로 돌아오겠습니다. 티아미돌이 멜라닌 생성을 억제해주는 만큼 자외선 차단을 제대로 하지 않으면 효과가 줄어들기 때문에 저는 자외선 차단제도 SPF 50 에 PA++++ 제품으로 충분한 양으로 발라주고 있습니다. 이 제품 사용하시면서 자외선 차단 반드시 꼼꼼하게 해주시는 걸 추천드립니다!,https://www.oliveyoung.co.kr/store/goods/getGoodsDetail.do?goodsNo=A000000252128&dispCatNo=100000100010014&trackingCd=Cat100000100010014_Small&t_page=카테고리관&t_click=에센스/세럼/앰플_전체__상품상세&t_number=3
[올영 선런칭] 유세린 티아미돌 부스터 세럼 30ml 기획 (+마스크팩 1매+페이스쿨러),5,93,복합성,"유세린의 독자 특허 성분인 티아미돌이 들어갔다고 해서 기대를 많이 했던 제품이에요. 브라이트닝 제품은 가끔 건조할 때가 있는데, 이건 이중 히알루론산 덕분인지 바르자마자 수분감이 팡팡 터지네요. 피부톤이 전체적으로 맑아진 느낌이고, 무엇보다 거칠었던 피부 결이 매끈해진 게 눈에 보여요. 리코칼콘A 성분이 항산화 효과까지 준다니 꾸준히 비우고 싶은 '공병템' 예약입니다! 톤, 결, 광 세 가지를 다 잡아주는 포뮬러라 그런지 확실히 피부 컨디션이 올라온 게 느껴집니다. 촉촉하게 광채 도는 피부 표현 좋아하시는 분들께 강추합니다💖",https://www.oliveyoung.co.kr/store/goods/getGoodsDetail.do?goodsNo=A000000252128&dispCatNo=100000100010014&trackingCd=Cat100000100010014_Small&t_page=카테고리관&t_click=에센스/세럼/앰플_전체__상품상세&t_number=3
[올영 선런칭] 유세린 티아미돌 부스터 세럼 30ml 기획 (+마스크팩 1매+페이스쿨러),5,93,지성,"판매자에게 제품비의 일부를 지원받았지만, 저의 솔직한 후기입니다. 유세린에서 4월 29일 올 영 라이브 하기 전에 팔길래 구메 해봤고요. 결! 광! 톤 다 잡는 세럼이라고 하길래 신기해서 사봤어요. 근데 그 정도까지인지는 잘 모르겠네요. 첫인상은 무난 무난한 거 같아서요. 한 달 동안 꾸준히 써보면 결과가 나올 것 같네요..",https://www.oliveyoung.co.kr/store/goods/getGoodsDetail.do?goodsNo=A000000252128&dispCatNo=100000100010014&trackingCd=Cat100000100010014_Small&t_page=카테고리관&t_click=에센스/세럼/앰플_전체__상품상세&t_number=3
[올영 선런칭] 유세린 티아미돌 부스터 세럼 30ml 기획 (+마스크팩 1매+페이스쿨러),5,93,복합성,"광채 브라이트닝 혁신 성분인 티아미놀 성분이 함유되어있다고 해서 다른 미백제품들이 비타민C와 나이아신아마이드, 글루타치온 등이 들어있는것은 많이 들어봤지만 처음보는 성분인것 같아서 기대가 컸어요 흡수력도 괜찮았고 자극없이 미백효과도 유의미하게 느껴졌는데 항산화 효과까지 누릴수있는 멀티케어 제품이라 좋았습니다",https://www.oliveyoung.co.kr/store/goods/getGoodsDetail.do?goodsNo=A000000252128&dispCatNo=100000100010014&trackingCd=Cat100000100010014_Small&t_page=카테고리관&t_click=에센스/세럼/앰플_전체__상품상세&t_number=3
[올영 선런칭] 유세린 티아미돌 부스터 세럼 30ml 기획 (+마스크팩 1매+페이스쿨러),5,93,건성,피부에 잘 맞아 좋아하는 유세린에서 피부 밝기 개선에 도움을 주는 세럼이 새로 나온 것 같아 구매해 봤어요. 토너로 피부결 정리 후 적당량을 얼굴에 골고루 펴 발라주는데 사용하는 동안 피부 자극이나 트러블이 올라오지 않았으며 끈적임 없이 촉촉한 마무리감이라 마음에 들어요. 향은 대부분 유세린 제품에서 나는 향인데 호불호가 있을 것 같네요. 칙칙한 피부톤 개선을 위해 꾸준히 잘 발라보려고요.,https://www.oliveyoung.co.kr/store/goods/getGoodsDetail.do?goodsNo=A000000252128&dispCatNo=100000100010014&trackingCd=Cat100000100010014_Small&t_page=카테고리관&t_click=에센스/세럼/앰플_전체__상품상세&t_number=3
[올영 선런칭] 유세린 티아미돌 부스터 세럼 30ml 기획 (+마스크팩 1매+페이스쿨러),5,93,건성,제품 품이 순해서 트러블 안 생기고 자극 감이 전혀 없어요! 보기에는 로션 같은 느낌인데 훨씬 더 수분감이 가득했고 흡수력도 뛰어났어요 여름이라 산뜻하게 좋은데 끈적임 없어서 그 부분도 좋았습니다,https://www.oliveyoung.co.kr/store/goods/getGoodsDetail.do?goodsNo=A000000252128&dispCatNo=100000100010014&trackingCd=Cat100000100010014_Small&t_page=카테고리관&t_click=에센스/세럼/앰플_전체__상품상세&t_number=3
[올영 선런칭] 유세린 티아미돌 부스터 세럼 30ml 기획 (+마스크팩 1매+페이스쿨러),5,93,없음,"톤, 결, 광만 좋아도 피부가 좋아보이던데 이 제품은 유세린의 독자적인 브라이트닝 기술이 담겨 잡티와 다크 스팟 개선에 도움을 주어 꾸준히 사용해보려구요",https://www.oliveyoung.co.kr/store/goods/getGoodsDetail.do?goodsNo=A000000252128&dispCatNo=100000100010014&trackingCd=Cat100000100010014_Small&t_page=카테고리관&t_click=에센스/세럼/앰플_전체__상품상세&t_number=3
[올영 선런칭] 유세린 티아미돌 부스터 세럼 30ml 기획 (+마스크팩 1매+페이스쿨러),5,93,복합성,유세린에서 신상이 나왔다길래 바로 달려왔습니다 ㅎㅎ 발랐을 때 광이 뚫고 나와요 레전드.. 화장 전에 발라주면 얼굴이 물광 피부처럼 보여서 넘 좋아요,https://www.oliveyoung.co.kr/store/goods/getGoodsDetail.do?goodsNo=A000000252128&dispCatNo=100000100010014&trackingCd=Cat100000100010014_Small&t_page=카테고리관&t_click=에센스/세럼/앰플_전체__상품상세&t_number=3
[올영 선런칭] 유세린 티아미돌 부스터 세럼 30ml 기획 (+마스크팩 1매+페이스쿨러),5,93,없음,정말 순해서 마음에 드는 세럼이에요 밤에 바르고 자면 피부가 뭔가 좋아진 느낌이 들고 피부결 개선에 좋은 것 같아요. 촉촉해서 너무 마음에 들고 아침에 발라도 저녁에 발라도 다 괜찮은 데일리템 이에요,https://www.oliveyoung.co.kr/store/goods/getGoodsDetail.do?goodsNo=A000000252128&dispCatNo=100000100010014&trackingCd=Cat100000100010014_Small&t_page=카테고리관&t_click=에센스/세럼/앰플_전체__상품상세&t_number=3
[4월올영픽/화잘먹] 넘버즈인 3번 보들보들 모공결 세럼 30ml 더블 기획,5,"2,752",건성,화잘먹으로 유명한 넘버즈인 3번 결세럼이 리뉴얼 됐다고 해서 구매해봤어요!! 😊 사실 리뉴얼 전을 궁금해서 구매해볼까 고민만 했지 사용해보지 않아서 비교는 어렵지만 ㅜㅜ 일단 제형이 가볍게 흐르는 세럼 타입이에용 피부에 바르면 빠르게 흡수되면서도 은은하게 쫀쫀한 느낌이 남아서 쫀쫀하게 모공 케어에 도움 되는 느낌이었어요! 그렇다고 제형이 겉돌거나 끈적이는 건 아니고 마무리감은 산뜻한데 속이 쫀쫀하게 채워지는 느낌?! 유수분 밸런스가 맞춰지는 느낌이에요 3번 세럼이 유명한 이유가 화잘먹 세럼으로 뜬 건데 사용하고 나서 베이스 메이크업을 올리면 모공 끼임이 덜하고 피부 표현이 훨씬 깔끔하게 올라가긴 해요! 모공을 쫀쫀하게 조여줘서? 그런 거 같아요 모공결 때문에 고민이신 분들 추천드려요 ㅎㅎ 자극감도 크게 느껴지지 않아서 데일리로 사용하기 부담 없었고 데일리로 꾸준히 쓰면 피부가 보들보들해질 것 같은 결세럼입니댜... 꾸준히 써볼게요 💖,https://www.oliveyoung.co.kr/store/goods/getGoodsDetail.do?goodsNo=A000000250773&dispCatNo=100000100010014&trackingCd=Cat100000100010014_Small&t_page=카테고리관&t_click=에센스/세럼/앰플_전체__상품상세&t_number=4
[4월올영픽/화잘먹] 넘버즈인 3번 보들보들 모공결 세럼 30ml 더블 기획,5,"2,752",지성,"🛍️ 넘버즈인 3번 보들보들 모공결 세럼 더블 기획 구매했습니다! 넘버즈인에서 가장 자주 구매했던 시트팩이 3번 팩이었거든요 확실한 결케어가 필요할 때를 노려 사용해주곤 했는데 동일 라인으로 세럼이 출시 되었길래 구매해보았습니다 시트팩을 봤을 때 즉각적인 결정리와 피부로 느껴지는 자극 아닌 자극의 사용감이 제일 먼저 떠오르는 제품이라 세럼도 비슷할까..? 하는 예상이 되었던 것 같아요 하지만 세럼에서는 시트팩에서 느껴졌던 은은한 자극이 전혀 없었고, 특별히 존재감을 뽐내는 향료가 첨가되지 않은 수준의 향을 가지고 있었어요 결세럼 팩은 특유의 향을 가지고 있었는데, 크게 불편하진 않았어도 그 향이 세럼에 영향이 없어 오히려 좋았습니다 얼굴에 도포했을 땐 빠르지 않은 속도로 흐르는데 점도가 느껴지지 않는 물 타입이 아니라 확실히 세럼의 제형으로부터 쫀쫀한 마무리감을 챙길 수 있을 것 같았어요 쫀쫀하게 바탕을 만들어 준다는 게 화잘먹 세럼이 될 수 있는 이유겠다 싶었습니다 최근 이유를 알 수 없게 코에 가까운 나비존 쪽에 요철이 도드라지는 것 같아 눈에 계속 거슬리고 있었는데 결세럼 꾸준히 써보면서 모공 케어나 결 케어의 변화를 지켜보려고 합니다",https://www.oliveyoung.co.kr/store/goods/getGoodsDetail.do?goodsNo=A000000250773&dispCatNo=100000100010014&trackingCd=Cat100000100010014_Small&t_page=카테고리관&t_click=에센스/세럼/앰플_전체__상품상세&t_number=4
[4월올영픽/화잘먹] 넘버즈인 3번 보들보들 모공결 세럼 30ml 더블 기획,5,"2,752",복합성,패드랑 같이 사용하면 시너지가 좋은 제품이에요. 제형이 가볍고 빠르게 흡수돼서 끈적임 없이 산뜻하게 마무리됩니다,https://www.oliveyoung.co.kr/store/goods/getGoodsDetail.do?goodsNo=A000000250773&dispCatNo=100000100010014&trackingCd=Cat100000100010014_Small&t_page=카테고리관&t_click=에센스/세럼/앰플_전체__상품상세&t_number=4
[4월올영픽/화잘먹] 넘버즈인 3번 보들보들 모공결 세럼 30ml 더블 기획,5,"2,752",없음,"포장 뜯자마자 깔끔한 패키지라 기분 좋았고, 제형이 진짜 보들보들해서 바르자마자 피부결이 정돈되는 느낌이에요. 꾸준히 쓰니까 모공결 고민도 덜해지고 화잘먹 세럼이라는 말이 딱 맞더라구요. 유수분 밸런스도 잘 잡아줘서 번들거림 없이 쫀쫀모공 케어되는 느낌이라 요즘 데일리 결세럼으로 완전 만족 중이에요",https://www.oliveyoung.co.kr/store/goods/getGoodsDetail.do?goodsNo=A000000250773&dispCatNo=100000100010014&trackingCd=Cat100000100010014_Small&t_page=카테고리관&t_click=에센스/세럼/앰플_전체__상품상세&t_number=4
[4월올영픽/화잘먹] 넘버즈인 3번 보들보들 모공결 세럼 30ml 더블 기획,5,"2,752",지성,괜히 화잘먹이 아닌듯 오자마자 바로 써봤는데 부드럽게 잘 발리고 아주 좋네요 베리굿굿 행사때 쟁이기에 좋아요 베리굿굿 강추입니다,https://www.oliveyoung.co.kr/store/goods/getGoodsDetail.do?goodsNo=A000000250773&dispCatNo=100000100010014&trackingCd=Cat100000100010014_Small&t_page=카테고리관&t_click=에센스/세럼/앰플_전체__상품상세&t_number=4
[4월올영픽/화잘먹] 넘버즈인 3번 보들보들 모공결 세럼 30ml 더블 기획,5,"2,752",복합성,"평소 데일리케어로 화잘먹 세럼을 주로 사용하는지라 유수분 밸런스 좋은 제품을 찾다가 오랜만에 넘버즈인 구입해봤어요. 평소에 마스크팩 자주 사용하는 브랜드인데 제품디자인부터 원단등등 넘버즈인 제품 감도 좋은 건 다 알테지만! 스킨케어 제품은 몇년만에 구입해봤는데 세럼병 너무 귀엽고 색상톤이랑 질감 너뮤 좋아서 자꾸 보게 돼요. 😮 사용감도 좋고 제가 자주 쓰는 3번팩처럼 결케어 지대로 됐음 좋겠네용 모공결 고민이였는데 쫀쫀모공 만들어주길 바라며,, 🍀",https://www.oliveyoung.co.kr/store/goods/getGoodsDetail.do?goodsNo=A000000250773&dispCatNo=100000100010014&trackingCd=Cat100000100010014_Small&t_page=카테고리관&t_click=에센스/세럼/앰플_전체__상품상세&t_number=4
[4월올영픽/화잘먹] 넘버즈인 3번 보들보들 모공결 세럼 30ml 더블 기획,5,"2,752",복합성,"넘버즈인 3번 모공결 세럼 처음 써봤는데 피부결 정돈되는 느낌이 확실히 있어서 만족스러워요 😊 제형이 너무 무겁지 않고 촉촉하게 스며드는 타입이라 바르고 나면 피부가 보들보들해지고 결이 매끈해지는 느낌이 들어요. 꾸준히 사용해보니 모공이 쫀쫀해지는 느낌이 있고, 유수분 밸런스도 맞춰줘서 번들거림 없이 피부 상태가 안정되는 게 좋았습니다. ￼ 자극 없이 데일리로 사용하기 부담 없고, 화장 전에 발라도 밀림 없이 잘 먹어서 화잘먹 세럼으로도 괜찮은 제품이에요 👍 모공케어랑 피부결 개선 동시에 하고 싶은 분들한테 추천하고 싶어요!",https://www.oliveyoung.co.kr/store/goods/getGoodsDetail.do?goodsNo=A000000250773&dispCatNo=100000100010014&trackingCd=Cat100000100010014_Small&t_page=카테고리관&t_click=에센스/세럼/앰플_전체__상품상세&t_number=4
[4월올영픽/화잘먹] 넘버즈인 3번 보들보들 모공결 세럼 30ml 더블 기획,5,"2,752",없음,오랜만에 만난 친구피부가 깐달걀이길래 뭐쓰냐고 물어봤더니 넘버즈인3번 세럼 이제품 사용 한다 그래서 손 민수 했어요! 예민한 피부이지만 자극적이지 않고 흡수가 잘 돼서 좋은거 같아요 꾸준히 사용해서 저도 깐달걀될래요 촉촉함이 오래 가니까 좋습니다,https://www.oliveyoung.co.kr/store/goods/getGoodsDetail.do?goodsNo=A000000250773&dispCatNo=100000100010014&trackingCd=Cat100000100010014_Small&t_page=카테고리관&t_click=에센스/세럼/앰플_전체__상품상세&t_number=4
[4월올영픽/화잘먹] 넘버즈인 3번 보들보들 모공결 세럼 30ml 더블 기획,5,"2,752",없음,진짜 수부지 제발 써보세요 이만한게 없어요 다들 만족할만한 세럼 제형이 그리 물같지않아서 약간 점성이 있는 정도?? 인데 되게 흡수 빨라요. 끈적거리지 않고 모공을 쫀쫀하게 잡아주는 느낌이 있어. 여름에 덥고 베이스 들뜨고할때 있잖아요 그럴 때 특히 이거 발라줘요. 모공도 잡아주고 화잘먹베이스 만들어주거든요.리뉴얼되고 더 예뻐지고 좋아진거 같아요 대만족,https://www.oliveyoung.co.kr/store/goods/getGoodsDetail.do?goodsNo=A000000250773&dispCatNo=100000100010014&trackingCd=Cat100000100010014_Small&t_page=카테고리관&t_click=에센스/세럼/앰플_전체__상품상세&t_number=4
[4월올영픽/화잘먹] 넘버즈인 3번 보들보들 모공결 세럼 30ml 더블 기획,5,"2,752",건성,모공과 홍조때문에 약간 거친느낌과 오돌토돌한 느낌을 없애고 싶어서 이것저것 에센스를 찾아보다가 넘버즈인 3번의 성분을 보게 되었는데 비피다가 가득 들어있어서 주저없이 구매했습니다 예전부터 비피다발효앰플 사용했었는데 효과를 정말 많이 봤어요! 그런데 넘버즈인은 잘게쪼갠 캡슐로 성분효과를 더 극대화시킨 것 같더라구요! 며칠 발라봤는데 보들보들한 느낌으로 피부결이 좋아진게 느껴지고 모공이 좀 탄탄해졌다? 탄력이 느껴지더라구요 피부가 쫀쫀하니까 화장도 잘먹고 역시 넘버즈인이네요 모공부자들은 꼭 사용해보시길! 저도 올여름 모공 축 쳐지는 일 없게 미리미리 준비해야겠어요~~~,https://www.oliveyoung.co.kr/store/goods/getGoodsDetail.do?goodsNo=A000000250773&dispCatNo=100000100010014&trackingCd=Cat100000100010014_Small&t_page=카테고리관&t_click=에센스/세럼/앰플_전체__상품상세&t_number=4
더마팩토리 나이아신아마이드 20% 세럼 30ml,5,"7,489",지성,레티놀이랑 쓸때 궁합이 좋아요 지성도 부담없이 쓸 수 있는 정도입니다,https://www.oliveyoung.co.kr/store/goods/getGoodsDetail.do?goodsNo=A000000225217&dispCatNo=100000100010014&trackingCd=Cat100000100010014_Small&t_page=카테고리관&t_click=에센스/세럼/앰플_전체__상품상세&t_number=5
더마팩토리 나이아신아마이드 20% 세럼 30ml,5,"7,489",지성,가성비로는 더마팩토리를 따라올 수가 없다.. ㄹㅈㄷ가성비 이틀에 한번 꼴로 잘 쓰고 있어요! 너무 좋아용,https://www.oliveyoung.co.kr/store/goods/getGoodsDetail.do?goodsNo=A000000225217&dispCatNo=100000100010014&trackingCd=Cat100000100010014_Small&t_page=카테고리관&t_click=에센스/세럼/앰플_전체__상품상세&t_number=5
더마팩토리 나이아신아마이드 20% 세럼 30ml,5,"7,489",복합성,아니 나 디oo너리 그거는 정말 안맞아서 바디로션에 섞어발랐는데요 똑같은 성분함량인데 왜 여기제품은 괜찮은지모르겠어요 ㄹㅇ 순해요 자극감? 하나도 안느껴져요 이거 바르고 나서 블랙헤드 제거 주기가 확실히 줄엇어요 계속 살거야,https://www.oliveyoung.co.kr/store/goods/getGoodsDetail.do?goodsNo=A000000225217&dispCatNo=100000100010014&trackingCd=Cat100000100010014_Small&t_page=카테고리관&t_click=에센스/세럼/앰플_전체__상품상세&t_number=5
더마팩토리 나이아신아마이드 20% 세럼 30ml,5,"7,489",없음,"자극은 딱히 못 느꼈고, 원래 노란끼 많은 웜톤 피부인데 이걸 3주 동안 꾸준히 발라줌 그랬더니 노란기가 싹 빠졌음 피부톤이 확 밝아진다기보다는, 노란기가 사라지면서 훨씬 피부가 맑아짐 🩵집에서 같은 조명으로 찍은 거고, 가성비도 좋은데 효과 진짜 최고임🩵 참고로 전 아침저녁으로 세수후에 바로 발라줬습니다",https://www.oliveyoung.co.kr/store/goods/getGoodsDetail.do?goodsNo=A000000225217&dispCatNo=100000100010014&trackingCd=Cat100000100010014_Small&t_page=카테고리관&t_click=에센스/세럼/앰플_전체__상품상세&t_number=5
더마팩토리 나이아신아마이드 20% 세럼 30ml,5,"7,489",건성,자극없고요 잘스며들어요 가격좋고요 용기도 좋고~ 모두 만족해요,https://www.oliveyoung.co.kr/store/goods/getGoodsDetail.do?goodsNo=A000000225217&dispCatNo=100000100010014&trackingCd=Cat100000100010014_Small&t_page=카테고리관&t_click=에센스/세럼/앰플_전체__상품상세&t_number=5
더마팩토리 나이아신아마이드 20% 세럼 30ml,5,"7,489",지성,위클리 특가로 나왔을 때 궁금해서 구매했어요! 가성비가 누쿠 좋은 거 같아요,https://www.oliveyoung.co.kr/store/goods/getGoodsDetail.do?goodsNo=A000000225217&dispCatNo=100000100010014&trackingCd=Cat100000100010014_Small&t_page=카테고리관&t_click=에센스/세럼/앰플_전체__상품상세&t_number=5
더마팩토리 나이아신아마이드 20% 세럼 30ml,5,"7,489",없음,물처럼 흐르는 제형이고 함량이 높아서인지 눈에 들어가면 따가우니 조심하세요😂 최근에 나이트 케어로 화장품을 덕지덕지 발랐는데 오히려 모공이랑 좁쌀이 늘어나는 것 같아서 간소화해봤어요. 토너>나이아신아마이드>레티놀>장벽크림 이렇게 나이트케어하는데 날이 더워져서 이렇게먼 해도 건도하지 않더라구요! 그리고 나이아신아마이드가 확실히 모공에 영향이 있는지 이렇게 바꾼 후에 모공이 눈에 덜 띄는 게 느껴졌어요. 그래서 마침 특가+증정 하길래 레티날크림이랑 같이 두개씩 구매햇습니다ㅎㅎ,https://www.oliveyoung.co.kr/store/goods/getGoodsDetail.do?goodsNo=A000000225217&dispCatNo=100000100010014&trackingCd=Cat100000100010014_Small&t_page=카테고리관&t_click=에센스/세럼/앰플_전체__상품상세&t_number=5
더마팩토리 나이아신아마이드 20% 세럼 30ml,5,"7,489",지성,팔꿈치랑 무릎 색소침착이 심해서 반신반의하며 구매했습니다. 지금 정확히 한 달 정도 사용했는데 팔꿈치 착색이 정말 많이 좋아졌어요! 나이아신아마이드 함량이 높아서 그런지 확실히 다른 세럼들보다 밝아지는 속도가 빠른 것 같아요. 제형도 촉촉하고 보습력도 좋아서 건조함까지 잡아주네요. 다 쓰면 무조건 재구매할 거예요!,https://www.oliveyoung.co.kr/store/goods/getGoodsDetail.do?goodsNo=A000000225217&dispCatNo=100000100010014&trackingCd=Cat100000100010014_Small&t_page=카테고리관&t_click=에센스/세럼/앰플_전체__상품상세&t_number=5
더마팩토리 나이아신아마이드 20% 세럼 30ml,5,"7,489",없음,"재구매템입니다! 가격도 착한데 제품력까지 좋아서 계속 쓰고 있습니다 건조하거나 예민할 때, 아니면 더 관리하고 싶은 날에 앰플이나 가벼운 로션이랑 섞어서 바릅니다! 그리고 이 제품은 단독으로 절대! 사용하면 안됩니다! 다른 제품과 섞어서 쓰는 용도로 나온 거니 다들 절대 이 제품 단독으로 사용하시면 안됩니다! 가격도 착하고, 제품력도 좋다? 제 인생템 등극입니다! 🥰",https://www.oliveyoung.co.kr/store/goods/getGoodsDetail.do?goodsNo=A000000225217&dispCatNo=100000100010014&trackingCd=Cat100000100010014_Small&t_page=카테고리관&t_click=에센스/세럼/앰플_전체__상품상세&t_number=5
더마팩토리 나이아신아마이드 20% 세럼 30ml,5,"7,489",없음,저렴한데 성분이 깔끔해서 넘 좋아요. 모델링팩에 섞어 쓰기도 좋습니다.,https://www.oliveyoung.co.kr/store/goods/getGoodsDetail.do?goodsNo=A000000225217&dispCatNo=100000100010014&trackingCd=Cat100000100010014_Small&t_page=카테고리관&t_click=에센스/세럼/앰플_전체__상품상세&t_number=5
[장도연 PICK] 메디힐 마데카소사이드 흔적 리페어 세럼 40+40ml,5,"41,006",없음,"메디힐은 워낙에 유명하니까요! 기초화장 전에 바르거나, 파운데이션을 하면서 섞어서 발라주는데 화장의 지속력이 오래가는거 같고 촉촉해서 좋아요!",https://www.oliveyoung.co.kr/store/goods/getGoodsDetail.do?goodsNo=A000000211119&dispCatNo=100000100010014&trackingCd=Cat100000100010014_Small&t_page=카테고리관&t_click=에센스/세럼/앰플_전체__상품상세&t_number=6
[장도연 PICK] 메디힐 마데카소사이드 흔적 리페어 세럼 40+40ml,5,"41,006",없음,여드름 자국이랑 홍조 때문에 거울 볼 때마다 속상했는데 이거 써보고 조금씩 나아지는 것 같아서 신기해요 질감이 약간 불투명하고 점도가 살짝 있어서 처음엔 무거우려나 싶었는데 바르면 쫀득하게 스며드는 느낌이라 되게 기분 좋더라구요❓ 마데카소사이드 성분이 진정에 좋다고 해서 반신반의하면서 샀는데 자국 난 부위에 집중적으로 발랐더니 확실히 예전보다 덜 붉어진 것 같기도 하고 피부가 좀 안정된 느낌 완전 드라마틱하게 확 바뀐 건 아니고 은근슬쩍 나아지는 스타일이라 꾸준히 써봐야 알 것 같아요 향도 자극적이지 않고 순해서 예민한 피부도 쓸 수 있을 것 같고 당기거나 뒤집어지는 것도 없어서 계속 손이 가게 되는 제품이네여,https://www.oliveyoung.co.kr/store/goods/getGoodsDetail.do?goodsNo=A000000211119&dispCatNo=100000100010014&trackingCd=Cat100000100010014_Small&t_page=카테고리관&t_click=에센스/세럼/앰플_전체__상품상세&t_number=6
[장도연 PICK] 메디힐 마데카소사이드 흔적 리페어 세럼 40+40ml,5,"41,006",없음,세안 후 첫 단계로 바르기 좋아요. 유분감이 전혀 없어 수분감만 채워주고 휘발되는 느낌이라 해야하나 무튼 넘 좋습니다. 화장전에 발라줘도 좋아요 추천합니다,https://www.oliveyoung.co.kr/store/goods/getGoodsDetail.do?goodsNo=A000000211119&dispCatNo=100000100010014&trackingCd=Cat100000100010014_Small&t_page=카테고리관&t_click=에센스/세럼/앰플_전체__상품상세&t_number=6
[장도연 PICK] 메디힐 마데카소사이드 흔적 리페어 세럼 40+40ml,5,"41,006",복합성,마스크팩 라인을 사용해보고 너무 좋아서 구매했습니다. 발림이 좋아요.,https://www.oliveyoung.co.kr/store/goods/getGoodsDetail.do?goodsNo=A000000211119&dispCatNo=100000100010014&trackingCd=Cat100000100010014_Small&t_page=카테고리관&t_click=에센스/세럼/앰플_전체__상품상세&t_number=6
[장도연 PICK] 메디힐 마데카소사이드 흔적 리페어 세럼 40+40ml,5,"41,006",지성,흔적세럼 사용한지 꽤 된 것 같은데 확실히 효과가 눈에 띄게 나와서 좋네요 발림성도 너무 좋고 깔끔하고 산뜻하게 마무리 돼서 사꼐절 내내 챙겨 바르기 좋아요! 메디힐 선세럼하고도 같이 사용중인데 꾸준히 발라주면 확실히 옅어지는 것 같아서 꾸준히 잘 발라주고 있습니다 ㅎㅎ 다 쓰면 이걸로 또 구매할거라서 이벤트 자주하면 좋겠어용~~,https://www.oliveyoung.co.kr/store/goods/getGoodsDetail.do?goodsNo=A000000211119&dispCatNo=100000100010014&trackingCd=Cat100000100010014_Small&t_page=카테고리관&t_click=에센스/세럼/앰플_전체__상품상세&t_number=6
[장도연 PICK] 메디힐 마데카소사이드 흔적 리페어 세럼 40+40ml,5,"41,006",없음,촉촉하고 뭔가 얼굴 쿨링효과도 있구 좋아요 20통은 쓴것같아서 항상 4병씩 쟁여요,https://www.oliveyoung.co.kr/store/goods/getGoodsDetail.do?goodsNo=A000000211119&dispCatNo=100000100010014&trackingCd=Cat100000100010014_Small&t_page=카테고리관&t_click=에센스/세럼/앰플_전체__상품상세&t_number=6
[장도연 PICK] 메디힐 마데카소사이드 흔적 리페어 세럼 40+40ml,5,"41,006",건성,살래말래 살래말래 살래말레 살레말래 살례말래 살래말례 내 인생 세럼이긴해 이거쓰고 여드름 많이 없어졌긴해 토너패드랑 같이쓰니까 시너지쩔긴해 앞으로 당분간은 이것만 쓸거같긴해 또살거긴해 사자! 옼케이~~~,https://www.oliveyoung.co.kr/store/goods/getGoodsDetail.do?goodsNo=A000000211119&dispCatNo=100000100010014&trackingCd=Cat100000100010014_Small&t_page=카테고리관&t_click=에센스/세럼/앰플_전체__상품상세&t_number=6
[장도연 PICK] 메디힐 마데카소사이드 흔적 리페어 세럼 40+40ml,5,"41,006",없음,운동시작하고 피부 뒤집어져서 샀는데 시원하게 사용하니 흡수도 잘되고 좋아요😆,https://www.oliveyoung.co.kr/store/goods/getGoodsDetail.do?goodsNo=A000000211119&dispCatNo=100000100010014&trackingCd=Cat100000100010014_Small&t_page=카테고리관&t_click=에센스/세럼/앰플_전체__상품상세&t_number=6
[장도연 PICK] 메디힐 마데카소사이드 흔적 리페어 세럼 40+40ml,5,"41,006",없음,"더블 기획이라니 nice... 역시 ㅋㅍ이나 ㄷㅇㅅ 있어도 이런 기획상품 나오는건 올영뿐이라 자꾸 찾게돼요🤌🏻😃 엄마 기미가 고민이라고 하셔서 구매했지만 더블기획이라 가족들 다같이 쓰고있어요 촉촉하니 좋구먼유. 흡수 잘되고, 바르고 자면 다음날 확실히 피부에 수분감이 느껴져서 아주 만족중입니다!",https://www.oliveyoung.co.kr/store/goods/getGoodsDetail.do?goodsNo=A000000211119&dispCatNo=100000100010014&trackingCd=Cat100000100010014_Small&t_page=카테고리관&t_click=에센스/세럼/앰플_전체__상품상세&t_number=6
[장도연 PICK] 메디힐 마데카소사이드 흔적 리페어 세럼 40+40ml,5,"41,006",복합성,여드름 흔적 케어에 사용하려고 주문해보았어요 후기가 좋길래 기대중이에요,https://www.oliveyoung.co.kr/store/goods/getGoodsDetail.do?goodsNo=A000000211119&dispCatNo=100000100010014&trackingCd=Cat100000100010014_Small&t_page=카테고리관&t_click=에센스/세럼/앰플_전체__상품상세&t_number=6
[TWS포토카드/1500개한정수량/마지막물량] 비긴스 바이 정샘물 나이아신아마이드10 흔적세럼 리필기획,5,"3,051",건성,"비긴스 바이 정샘물 나이아신아마이드10 흔적세럼 리필기획을 올리브영에서 구매해서 사용해보고 만족스러워 후기 남깁니다. 요즘 피부를 최대한 맑고 깨끗하게 유지하고 싶은데, 예전에 올라왔던 여드름 흔적들이 은근히 눈에 띄어서 홈케어용으로 관리해보고자 선택하게 되었어요. 우선 제형이 가볍고 산뜻해서 데일리로 사용하기 부담이 없었습니다. 끈적임 없이 피부에 빠르게 흡수되면서도 건조하지 않게 잡아주는 느낌이라 아침, 저녁 모두 사용하기 좋았습니다. 특히 메이크업 전에 발라도 밀림 없이 자연스럽게 흡수돼서 루틴에 넣기 편했습니다. 꾸준히 사용하면서 가장 만족스러웠던 부분은 피부 톤이 전반적으로 조금 더 맑아 보이는 느낌이었습니다. 눈에 띄던 흔적들이 드라마틱하게 사라진다기보다는, 전체적인 피부결과 톤이 정돈되면서 덜 도드라져 보이는 느낌이라 자연스럽게 피부가 깨끗해 보였습니다. 자극 없이 편안하게 사용할 수 있어서 예민한 날에도 부담 없이 바를 수 있었습니다. 리필 기획이라 가성비 측면에서도 만족도가 높았고, 꾸준히 관리하기에 좋은 구성이라 느껴졌습니다. 맑은 피부를 목표로 홈케어를 하고 싶은 분들이나, 여드름 흔적으로 고민하시는 분들께 추천하고 싶은 제품입니다. 부담 없이 꾸준히 사용하기 좋은 세럼이라 앞으로도 계속 사용할 생각입니다.",https://www.oliveyoung.co.kr/store/goods/getGoodsDetail.do?goodsNo=A000000231545&dispCatNo=100000100010014&trackingCd=Cat100000100010014_Small&t_page=카테고리관&t_click=에센스/세럼/앰플_전체__상품상세&t_number=7
[TWS포토카드/1500개한정수량/마지막물량] 비긴스 바이 정샘물 나이아신아마이드10 흔적세럼 리필기획,5,"3,051",복합성,"기초 제품은 성분 꼼꼼하게 보는 편이라 고민하다가 구매했어요!! 나이아신아마이드 10%랑 알파알부틴 조합이라 잡티 케어에 괜찮겠다 싶었고,글루타치온 들어간 것도 마음에 들었어요. 사용감은 가볍고 흡수 빠른 편이라 데일리로 쓰기 부담 없고, 무엇보다 자극 없고 가볍게 발려서 너무 좋아요👍 꾸준히 바르니까 피부톤이 전체적으로 맑아 보이는 느낌이에요. 피부톤이 칙칙했는데 며칠 쓰니까 확실히 맑아진 게 느껴지고 잡티도 연해진 느낌! 자극도 없어서 민감할 때도 무난하게 사용 중입니다. 끈적임 없어서 여름에도 부담 없고, 화장도 더 잘 먹어요 같이 들어있는 세럼 구성도 가성비 너무 좋고 성분+사용감 둘다 만족이라 무조건 재구매각입니다💪",https://www.oliveyoung.co.kr/store/goods/getGoodsDetail.do?goodsNo=A000000231545&dispCatNo=100000100010014&trackingCd=Cat100000100010014_Small&t_page=카테고리관&t_click=에센스/세럼/앰플_전체__상품상세&t_number=7
[TWS포토카드/1500개한정수량/마지막물량] 비긴스 바이 정샘물 나이아신아마이드10 흔적세럼 리필기획,5,"3,051",없음,정샘물는 메이크업 제품만 주로 사용 했는데 정샘물 제품 너무 좋은데 요즘 다양한 제품이 출시 되어서 너무너무 좋아요!!! 스킨케어 제품은 처음인데 매장가서 사용해보고 구매 했어요 미백에 도움되는 세럼인데 일단 발림성 흡수력이 대대대박 좋았어요 손등 테스트에도 대만족 피부에 발랐더니 진심 피부가 쏙쏙 흡수해서 아침에 메이크업 전에 소량만 사용해도 화장이 너무 잘 먹네요 밤에는 듬뿍 올리면 팩한것처럼 쫀쫀해짐ㅎㅎ 추가 샘플까지 넘 좋아요 잘 쓰고 또 구매하겠습니다☺️❤️,https://www.oliveyoung.co.kr/store/goods/getGoodsDetail.do?goodsNo=A000000231545&dispCatNo=100000100010014&trackingCd=Cat100000100010014_Small&t_page=카테고리관&t_click=에센스/세럼/앰플_전체__상품상세&t_number=7
[TWS포토카드/1500개한정수량/마지막물량] 비긴스 바이 정샘물 나이아신아마이드10 흔적세럼 리필기획,5,"3,051",건성,요즘 피부 톤도 칙칙해 보이고 잡티 흔적도 빨리 안없어지고… 이것저것 신경 쓰여서 꾸준히 사용해보고 있어요. 제형은 약간의 점도도 있으면서 끈적임 없이 부드럽게 발려요! 흡수가 빠른 편이고 쫀쫀? 해서 우선 화장도 잘먹습니다 ㅎㅎ 즉각적인 변화라기보다는 며칠 지나면서 피부 톤이 정돈되고 은은하게 광채가 올라오는 느낌! 예민피부라 나이아신아마이드 10% 제품이라 자극이 걱정됐는데 생각보다 순하게 사용 가능했고 트러블 없이 안정적으로 잘 맞았어요. 꾸준히 사용하면 잡티 흔적 케어에도 도움이 될 것 같아서 계속 사용해볼 예정이에요. 기획세트라 용량도 넉넉하고 리필까지 포함되어 있어서 가성비 면에서도 만족스러운 구성입니다.,https://www.oliveyoung.co.kr/store/goods/getGoodsDetail.do?goodsNo=A000000231545&dispCatNo=100000100010014&trackingCd=Cat100000100010014_Small&t_page=카테고리관&t_click=에센스/세럼/앰플_전체__상품상세&t_number=7
[TWS포토카드/1500개한정수량/마지막물량] 비긴스 바이 정샘물 나이아신아마이드10 흔적세럼 리필기획,5,"3,051",건성,"기획세트로 본품이랑 리필이 같이 구성되어 있어서 처음 받았을 때부터 구성이 정말 알차다는 느낌이 들었어요. 사진으로 찍어보면 패키지도 깔끔하고 세트로 놓여 있는 모습이 보기 좋아서 포토평용으로도 만족스러웠습니다. 리필까지 포함되어 있어 꾸준히 사용하기 좋은 점이 특히 마음에 들었어요. 직접 사용해보니 제형은 너무 묽지도, 무겁지도 않은 적당한 농도의 세럼 타입으로 피부에 부드럽게 밀착되면서 흡수가 빠르게 되는 편이에요. 바른 직후에는 촉촉하게 올라오지만 끈적임 없이 산뜻하게 마무리돼서 아침, 저녁 모두 부담 없이 사용하기 좋았습니다. 나이아신아마이드 10% 제품이라 그런지 며칠 꾸준히 사용하면서 피부톤이 조금 더 맑아 보이고 전체적으로 피부결이 정돈되는 느낌이 들었어요. 특히 잡티나 흔적이 신경 쓰이는 부위에 집중해서 발라주면 점점 균일해지는 느낌이라 만족도가 높았습니다. 메이크업 전에 사용해도 밀리거나 겉도는 느낌 없이 베이스가 잘 올라가서 데일리 케어용으로 활용하기 좋고, 자극 없이 편안하게 사용할 수 있다는 점도 장점이에요. 포토로 찍은 제형 컷도 투명하고 깨끗한 느낌이라 제품 이미지와도 잘 맞았습니다. 본품 사용 후 바로 리필로 교체해서 쓸 수 있어 번거롭지 않고, 전체적으로 가성비 + 사용감 + 효과까지 균형이 잘 맞는 세럼이라 꾸준히 사용해보고 싶은 제품입니다. 피부톤 관리나 흔적 케어용으로 찾는 분들께 추천하고 싶어요~",https://www.oliveyoung.co.kr/store/goods/getGoodsDetail.do?goodsNo=A000000231545&dispCatNo=100000100010014&trackingCd=Cat100000100010014_Small&t_page=카테고리관&t_click=에센스/세럼/앰플_전체__상품상세&t_number=7
[TWS포토카드/1500개한정수량/마지막물량] 비긴스 바이 정샘물 나이아신아마이드10 흔적세럼 리필기획,5,"3,051",복합성,자극없이 발리고 다른 미백 세럼보다 살짝 더 보습감이 있어 좋아요 n통째 쓰고 있습니다,https://www.oliveyoung.co.kr/store/goods/getGoodsDetail.do?goodsNo=A000000231545&dispCatNo=100000100010014&trackingCd=Cat100000100010014_Small&t_page=카테고리관&t_click=에센스/세럼/앰플_전체__상품상세&t_number=7
[TWS포토카드/1500개한정수량/마지막물량] 비긴스 바이 정샘물 나이아신아마이드10 흔적세럼 리필기획,5,"3,051",지성,세럼고민하다가 주문 해 보았는데 흡수도 잘 되고 바래자마자 촉촉해지고 광이 나서 너무 마음에 들더라구요. 확실히 이거 바르고 나서 화장 하니까 더 화장도 잘 먹고 아주 아주 마음에 쏙 들어요. 매일 쓰기 딱 좋아요.,https://www.oliveyoung.co.kr/store/goods/getGoodsDetail.do?goodsNo=A000000231545&dispCatNo=100000100010014&trackingCd=Cat100000100010014_Small&t_page=카테고리관&t_click=에센스/세럼/앰플_전체__상품상세&t_number=7
[TWS포토카드/1500개한정수량/마지막물량] 비긴스 바이 정샘물 나이아신아마이드10 흔적세럼 리필기획,5,"3,051",없음,"최근에 눈가에 기미도 생기고 코주변에 트러블도 생겼다가 자국이 남아 고민이였는데, 흔적지우는 세럼.. 저한테 딱 필요한거 였어요 일주일정도 사용했는데 피부가 맑아졌다고 해야하나? 투명해졌어요..!! 사용감도 좋고 촉촉하게 마무리되어서 낮에도 밤에도 만족하며 사용하고 있습니다!! 저처럼 트러블자국이나 기미,주근깨 피부 고민이 있으신분들께 추천드립니다 :)",https://www.oliveyoung.co.kr/store/goods/getGoodsDetail.do?goodsNo=A000000231545&dispCatNo=100000100010014&trackingCd=Cat100000100010014_Small&t_page=카테고리관&t_click=에센스/세럼/앰플_전체__상품상세&t_number=7
[TWS포토카드/1500개한정수량/마지막물량] 비긴스 바이 정샘물 나이아신아마이드10 흔적세럼 리필기획,5,"3,051",지성,"저녁에 잠자기전에 세안하고 바르면 깔끔하고 좋아요 ㅎㅎ 요즘 기미 잡티가 늘어서 고민이었는데 아침에 일어나서 맑아진 내 얼굴 보는 재미가 좋아요 ㅋ 본품에 리필까지 포함된 기획 세트라 가성비까지 챙길 수 있어서 주문 안하고는 못참겠더라구요 나이아신아마이드 성분이 고함량으로 들어있어서 그런지 일주일 정도 꾸준히 사용하니 칙칙했던 안색이 투명하게 살아나는 것 같아요!! 물광, 수분광을 넘어 피부 속부터 건강하게 차오르는 느낌 좋아요 ​끈적임 없는 산뜻한 텍스처도 맘에 들고 고함량 세럼은 자칫 무겁거나 밀릴 수 있는데, 이 제품은 물처럼 가볍게 스며들면서도 쫀쫀하게 마무리되요 ㅋ",https://www.oliveyoung.co.kr/store/goods/getGoodsDetail.do?goodsNo=A000000231545&dispCatNo=100000100010014&trackingCd=Cat100000100010014_Small&t_page=카테고리관&t_click=에센스/세럼/앰플_전체__상품상세&t_number=7
[TWS포토카드/1500개한정수량/마지막물량] 비긴스 바이 정샘물 나이아신아마이드10 흔적세럼 리필기획,5,"3,051",없음,"잡티랑 기미 너무 고민이라 이것저것 좋다는 화장품 쓰는데 지인이 강력 추천해서 써보니 피부톤이 조금씩 밝아지는 기분이 들고 피부결도 좋아지는거 같아요~ 스포이드라 쓰기 편하고 양조절 되고 깔끔해요! 산뜻하면서 끈적임 없는 세럼인데 발림성이 좋고 피부에 잘 스며들어서 사용후가 맘에 들어요. 나이아신아마이드 10%라서 혹시나 자극이 있을까 걱정했는데, 따갑거나 전혀 자극적이지 않고 트러블도 안나고 순한 느낌이 들어요 ~ 주로 저녁에 쓰긴 하는데 아침에 바르고 메이크업 해도 화장이 들뜨거나 밀리지 않더라구요. 제 잡티가 워낙 오래되기조 하고 짙은편이라 아직은 큰 변화는 안보이지만 피부결이랑 톤은 확실히 좋아졌어요 .미백 제품은 꾸준히 써야 되서 앞으로 쭈욱 써야 할거 같아요",https://www.oliveyoung.co.kr/store/goods/getGoodsDetail.do?goodsNo=A000000231545&dispCatNo=100000100010014&trackingCd=Cat100000100010014_Small&t_page=카테고리관&t_click=에센스/세럼/앰플_전체__상품상세&t_number=7
[1+1/깐달걀피부결] 이니스프리 레티놀 시카 흔적 앰플 30ml 더블 기획,5,"21,688",없음,한 2년전에 3통쓰고 피부 좋아졌다가 그냥 다른것도 쓰고 하다가 최근에 다시 또 쓰기 시작했는데 역시 순함 레티놀 엄청 센것도 잘 견디는 피부인지라 지금은 피부가 뒤집힌 상태라서 이 순한걸로 쓰는데 역시 순함 밤에 바르셈 건조하지도 않음 흔적도 꾸준히 쓰면 옅어짐,https://www.oliveyoung.co.kr/store/goods/getGoodsDetail.do?goodsNo=A000000230208&dispCatNo=100000100010014&trackingCd=Cat100000100010014_Small&t_page=카테고리관&t_click=에센스/세럼/앰플_전체__상품상세&t_number=8
[1+1/깐달걀피부결] 이니스프리 레티놀 시카 흔적 앰플 30ml 더블 기획,5,"21,688",지성,흔적 고민이라 레티놀 입문하고싶어서 이거 샀는데 자극없이 케어하기 좋아요,https://www.oliveyoung.co.kr/store/goods/getGoodsDetail.do?goodsNo=A000000230208&dispCatNo=100000100010014&trackingCd=Cat100000100010014_Small&t_page=카테고리관&t_click=에센스/세럼/앰플_전체__상품상세&t_number=8
[1+1/깐달걀피부결] 이니스프리 레티놀 시카 흔적 앰플 30ml 더블 기획,5,"21,688",지성,말랑이 너무맘에들어요😍😍여쨔❗️ 흔적케어제품 다른거 많이 써봐도 효과 못봤었는데 이거 쓰고 모공줄고 흔적 옅어지는게 눈으로 보였어요 계속 바르다보면 얼굴에 각질같은게 일어나면서 얼굴이 한번 갈아엎어지는데(뒤집어지는거X) 그 후에 피부가 진짜 좋아져요,https://www.oliveyoung.co.kr/store/goods/getGoodsDetail.do?goodsNo=A000000230208&dispCatNo=100000100010014&trackingCd=Cat100000100010014_Small&t_page=카테고리관&t_click=에센스/세럼/앰플_전체__상품상세&t_number=8
[1+1/깐달걀피부결] 이니스프리 레티놀 시카 흔적 앰플 30ml 더블 기획,5,"21,688",지성,vt 니들샷 100-> 이니스프리 레티놀 -> vt 피디알엔 앰플-> 바이오힐보 수분크림(맨날쓰는템) 순으로 발랏는데 레티놀이랑 니들샷이랑 궁합 ㅁㅊ음 .. ㄹㅇ 깐달걀 돼요.. 혹시나 자극잇을까봐 3일에 한 번 하는 중 근데 자극없는 거 같아요!!!!!! 완전 야르템,https://www.oliveyoung.co.kr/store/goods/getGoodsDetail.do?goodsNo=A000000230208&dispCatNo=100000100010014&trackingCd=Cat100000100010014_Small&t_page=카테고리관&t_click=에센스/세럼/앰플_전체__상품상세&t_number=8
[1+1/깐달걀피부결] 이니스프리 레티놀 시카 흔적 앰플 30ml 더블 기획,5,"21,688",지성,레티놀이 잡티나 트러블 개선에 도움된다해서 사봤어요! 왕뾰루지 있었는데 좀 도움 본거 같습니다!,https://www.oliveyoung.co.kr/store/goods/getGoodsDetail.do?goodsNo=A000000230208&dispCatNo=100000100010014&trackingCd=Cat100000100010014_Small&t_page=카테고리관&t_click=에센스/세럼/앰플_전체__상품상세&t_number=8
[1+1/깐달걀피부결] 이니스프리 레티놀 시카 흔적 앰플 30ml 더블 기획,5,"21,688",복합성,"레티놀인데 생각보다 자극도 적고 좋은거같아요. 근데 피부결이나, 잡티등이 개선되는 건 아직 잘 모르겠습미다!",https://www.oliveyoung.co.kr/store/goods/getGoodsDetail.do?goodsNo=A000000230208&dispCatNo=100000100010014&trackingCd=Cat100000100010014_Small&t_page=카테고리관&t_click=에센스/세럼/앰플_전체__상품상세&t_number=8
[1+1/깐달걀피부결] 이니스프리 레티놀 시카 흔적 앰플 30ml 더블 기획,5,"21,688",복합성,꾸준히 사용하면 확실히 트러블 흉터가 옅어지는 느낌이라 좋아요!,https://www.oliveyoung.co.kr/store/goods/getGoodsDetail.do?goodsNo=A000000230208&dispCatNo=100000100010014&trackingCd=Cat100000100010014_Small&t_page=카테고리관&t_click=에센스/세럼/앰플_전체__상품상세&t_number=8
[1+1/깐달걀피부결] 이니스프리 레티놀 시카 흔적 앰플 30ml 더블 기획,5,"21,688",복합성,"이니스프리 레티놀 시카 흔적 앰플 ​저자극 고효능 레티놀 입문템으로 레티놀로 모공과 각질을 케어하고, 시카 성분이 참 좋았어요 끈적임 없이 수분감이 느껴지는 가벼운 워터리 앰플 제형으로 흡수력이 매우 빨랐구요 피부에 겉돌지 않고 싹 스며들더라구요 '깐달걀 피부' 될꺼같은데 이런생각들더라구요 ​더블기획이라서 더욱 좋았습니다 사용기한더 넉넉해서 믿음직스럽습니다",https://www.oliveyoung.co.kr/store/goods/getGoodsDetail.do?goodsNo=A000000230208&dispCatNo=100000100010014&trackingCd=Cat100000100010014_Small&t_page=카테고리관&t_click=에센스/세럼/앰플_전체__상품상세&t_number=8
[1+1/깐달걀피부결] 이니스프리 레티놀 시카 흔적 앰플 30ml 더블 기획,5,"21,688",복합성,요즘 피부결이랑 트러블 흔적 케어용으로 많이 보이길래 사용해봤는데 전체적으로 자극은 비교적 적으면서 피부결 정돈되는 느낌이라 무난하게 쓰기 좋았어요!! 레티놀 제품인데도 사용감이 가볍고 흡수가 빨라서 데일리로 바르기 아주 괜찮은 제품! 장점 정리해보면텍스처가 가볍고 흡수가 빠른 편이라 끈적임이 적음레티놀+시카 조합이라 피부결 정돈과 진정 케어에 도움되는 느낌?자극이 강한 레티놀 제품에 비해 순하게 사용 가능1+1 기획이라 가성비가 괜찮은 구성 아쉬운 점즉각적인 효과보다는 꾸준히 사용해야 변화가 느껴지는 타입건성 피부는 보습 제품을 같이 사용하는 게 좋을 것 같음 총평레티놀 입문용으로 비교적 부담 없이 사용하기 괜찮은 앰플이라고 느꼈어요특히 피부결 정돈이나 트러블 흔적 케어 관심 있으신 분들께 추천합니다! 도움이 되셨다면 도움이 돼요 👍 한 번씩 눌러주시면 감사하겠습니다 🙇,https://www.oliveyoung.co.kr/store/goods/getGoodsDetail.do?goodsNo=A000000230208&dispCatNo=100000100010014&trackingCd=Cat100000100010014_Small&t_page=카테고리관&t_click=에센스/세럼/앰플_전체__상품상세&t_number=8
[1+1/깐달걀피부결] 이니스프리 레티놀 시카 흔적 앰플 30ml 더블 기획,5,"21,688",건성,* 30대 중반되니 이제 기능성 앰플을 많이 찾게 되는 것 같아요! 레티놀 성분좋다고해서 이니스프리 앰플 처음 구매해봤어요! * 불투명한 앰플인데 너무 가볍지 않은 제형이고 피부에 빠르게 흡수되는 편입니다! * 레티놀 성분 앰플 찾는분들께 추천해요!,https://www.oliveyoung.co.kr/store/goods/getGoodsDetail.do?goodsNo=A000000230208&dispCatNo=100000100010014&trackingCd=Cat100000100010014_Small&t_page=카테고리관&t_click=에센스/세럼/앰플_전체__상품상세&t_number=8
[트러블모공] 디오디너리 나이아신아마이드 10% + 징크 1% 60ml,4,"11,407",건성,"(건성 19호 / 얇은홍조피부 / 민감하진 않은편 / 여드름없음 / 기미•좁쌀 있음) 1. 첫 사용 후기 ! - 자외선 잘 받는 광대, 트러블쪽이 화끈따끔함 개인적으론 리들샷보다 더 따가웠음 - 4방울 발랐고 그 다음으로 스킨 에센스 쓰는데 하얀 때가 조금 밀려나옴 - 여태 바르던 제품들이 흡수가 빨리 되고 금방 날아가는 느낌. 평소보다 속건조가 느껴짐. 2. 사진 - 사진1: 좁쌀 빨갛게 올라오고 홍조 심한 부분이 젤 따가웠음 - 사진2: 좀 시간 지나고 거울 다시 보니까 오돌토돌하게 뭐가 올라옴. 여기 말고도 전반적으로 미세하게 뭐가 올라올랑말랑 하는 느낌. 피부도 얼룩덜룩해짐. - 사진3: 마지막으로 바르는 크림이 원래 저런 발림성이 아니었는데 알갱이 같은 게 피부에 남아있는지 부드럽지 않게 발림.",https://www.oliveyoung.co.kr/store/goods/getGoodsDetail.do?goodsNo=A000000158615&dispCatNo=100000100010014&trackingCd=Cat100000100010014_Small&t_page=카테고리관&t_click=에센스/세럼/앰플_전체__상품상세&t_number=9
[트러블모공] 디오디너리 나이아신아마이드 10% + 징크 1% 60ml,5,"11,407",지성,디오디너리는 워낙 유명하니까여 모공관리차 삿고 에센스에 몇방울 떨어트려 쓰는디 좋네요,https://www.oliveyoung.co.kr/store/goods/getGoodsDetail.do?goodsNo=A000000158615&dispCatNo=100000100010014&trackingCd=Cat100000100010014_Small&t_page=카테고리관&t_click=에센스/세럼/앰플_전체__상품상세&t_number=9
[트러블모공] 디오디너리 나이아신아마이드 10% + 징크 1% 60ml,5,"11,407",지성,트러블 모공에 효과 기대하며 사본건데 가끔씩 쓰면 괜찮은 것 같기도 하고 그래용..,https://www.oliveyoung.co.kr/store/goods/getGoodsDetail.do?goodsNo=A000000158615&dispCatNo=100000100010014&trackingCd=Cat100000100010014_Small&t_page=카테고리관&t_click=에센스/세럼/앰플_전체__상품상세&t_number=9
[트러블모공] 디오디너리 나이아신아마이드 10% + 징크 1% 60ml,5,"11,407",복합성,좀 다르긴해요 !! 살짝 당기면서 모공 작아보이고 피지 속속이에서 기름이 안나와서 유지가 잘되는 느낌 ?? 건조해서 두꺼운 크림 잘 발라줘야해요,https://www.oliveyoung.co.kr/store/goods/getGoodsDetail.do?goodsNo=A000000158615&dispCatNo=100000100010014&trackingCd=Cat100000100010014_Small&t_page=카테고리관&t_click=에센스/세럼/앰플_전체__상품상세&t_number=9
[트러블모공] 디오디너리 나이아신아마이드 10% + 징크 1% 60ml,5,"11,407",지성,가볍게 흡수되고 끈적임이 적어요. 꾸준히 사용하기 괜찮은 세럼입니다.,https://www.oliveyoung.co.kr/store/goods/getGoodsDetail.do?goodsNo=A000000158615&dispCatNo=100000100010014&trackingCd=Cat100000100010014_Small&t_page=카테고리관&t_click=에센스/세럼/앰플_전체__상품상세&t_number=9
[트러블모공] 디오디너리 나이아신아마이드 10% + 징크 1% 60ml,5,"11,407",지성,"++복붙입니다! 두통째 사용중!! 밤에만 사용하는 편입니다. 제형이 약간 끈적해 메이크업 전에 바르기엔 부담스럽고, 바르면 얼굴이 살짝 굳는 듯한 느낌이 있습니다. 꾸준히 사용하먄 피부결이 정돈되고 모공이 덜 도드라져 보이는 점은 확실히 느껴집니다. 📌공기와 닿으면 하얗게 변하는 것 같으니 뚜껑은 꼭 닫아야할 것 같네요!",https://www.oliveyoung.co.kr/store/goods/getGoodsDetail.do?goodsNo=A000000158615&dispCatNo=100000100010014&trackingCd=Cat100000100010014_Small&t_page=카테고리관&t_click=에센스/세럼/앰플_전체__상품상세&t_number=9
[트러블모공] 디오디너리 나이아신아마이드 10% + 징크 1% 60ml,5,"11,407",복합성,저녁에 로션 바르고 자면 아침에 개기름끼는 피부인데 이제품쓰고 아침에도 보송해요 그래서 기름때문에 올라오는 트러블이 없어졌어요,https://www.oliveyoung.co.kr/store/goods/getGoodsDetail.do?goodsNo=A000000158615&dispCatNo=100000100010014&trackingCd=Cat100000100010014_Small&t_page=카테고리관&t_click=에센스/세럼/앰플_전체__상품상세&t_number=9
[트러블모공] 디오디너리 나이아신아마이드 10% + 징크 1% 60ml,4,"11,407",없음,자극이 조금 있어요. 저의 피부에는 유분기를 잡아주는게 아니라 유분이 더 많이 생기고 있어요...,https://www.oliveyoung.co.kr/store/goods/getGoodsDetail.do?goodsNo=A000000158615&dispCatNo=100000100010014&trackingCd=Cat100000100010014_Small&t_page=카테고리관&t_click=에센스/세럼/앰플_전체__상품상세&t_number=9
[트러블모공] 디오디너리 나이아신아마이드 10% + 징크 1% 60ml,5,"11,407",건성,여드름 나기 시작하는 아들이랑 같이 사용하려고 큰거 샀어요.,https://www.oliveyoung.co.kr/store/goods/getGoodsDetail.do?goodsNo=A000000158615&dispCatNo=100000100010014&trackingCd=Cat100000100010014_Small&t_page=카테고리관&t_click=에센스/세럼/앰플_전체__상품상세&t_number=9
[트러블모공] 디오디너리 나이아신아마이드 10% + 징크 1% 60ml,5,"11,407",지성,현재 쓰고 있는 에센스가 거의 다 떨어져서 검색 후 구매해봤습니다. 제 피부에는 트러블없이 쓰기에 무난했습니다.,https://www.oliveyoung.co.kr/store/goods/getGoodsDetail.do?goodsNo=A000000158615&dispCatNo=100000100010014&trackingCd=Cat100000100010014_Small&t_page=카테고리관&t_click=에센스/세럼/앰플_전체__상품상세&t_number=9
[1등미백앰플] 메디큐브 PDRN 핑크 앰플 30ml 기획 (본품+리필 50ML+겔패드 2매입*2개),1,"21,549",없음,"ㄹㅇ 살면서 피부 좋다는 말만 들어오고 스킨케어는 하고싶은날에 , 술먹고 화장안지우고 자도 얼굴 뒤집어진적 단란번도없는 올리브영 black 등급 33살 아줌니입미다 뒤집어진다는게 뭔지도모르고 살아와서 피부벗겨짐에 놀라서 피부과 뛰어갔다왔어요. 바꾼거라곤 딱하나 메디큐브디바이스+앰플 피부과 원장님께서 말씀하시기를 앰플자체도 독한데 그걸 디바이스로 밀어넣어서 더 심한거같다고 얼굴에서 각질? 딱지? 화상입은거마냥 올라와서 기겁을 기겁을 성분 잘 보고사세요 리뷰 써본적도없는데 올영 어플들어와서 이것저것 보다가 열 개받아서 몇자적어봅니다 사진보니까 또빡치네",https://www.oliveyoung.co.kr/store/goods/getGoodsDetail.do?goodsNo=A000000226498&dispCatNo=100000100010014&trackingCd=Cat100000100010014_Small&t_page=카테고리관&t_click=에센스/세럼/앰플_전체__상품상세&t_number=10
[1등미백앰플] 메디큐브 PDRN 핑크 앰플 30ml 기획 (본품+리필 50ML+겔패드 2매입*2개),5,"21,549",복합성,"피부에 윤기와 생기를 더해주는 제품으로, 사용하면 피부가 촉촉해지면서 자연스러운 광이 올라오는 느낌이었습니다",https://www.oliveyoung.co.kr/store/goods/getGoodsDetail.do?goodsNo=A000000226498&dispCatNo=100000100010014&trackingCd=Cat100000100010014_Small&t_page=카테고리관&t_click=에센스/세럼/앰플_전체__상품상세&t_number=10
[1등미백앰플] 메디큐브 PDRN 핑크 앰플 30ml 기획 (본품+리필 50ML+겔패드 2매입*2개),5,"21,549",복합성,"피부에 윤기와 생기를 더해주는 느낌이 강한 제품이었습니다. 사용하면 피부가 촉촉해지면서 자연스럽게 광이 올라오고, 꾸준히 사용하면 피부톤이 맑아 보이는 효과가 있었어요.",https://www.oliveyoung.co.kr/store/goods/getGoodsDetail.do?goodsNo=A000000226498&dispCatNo=100000100010014&trackingCd=Cat100000100010014_Small&t_page=카테고리관&t_click=에센스/세럼/앰플_전체__상품상세&t_number=10
[1등미백앰플] 메디큐브 PDRN 핑크 앰플 30ml 기획 (본품+리필 50ML+겔패드 2매입*2개),5,"21,549",건성,"피부에 윤기와 생기를 더해주는 느낌이 강한 제품이었습니다. 사용하면 피부가 촉촉해지면서 자연스럽게 광이 올라오고, 전체적으로 피부톤이 맑아 보이는 효과가 있었어요",https://www.oliveyoung.co.kr/store/goods/getGoodsDetail.do?goodsNo=A000000226498&dispCatNo=100000100010014&trackingCd=Cat100000100010014_Small&t_page=카테고리관&t_click=에센스/세럼/앰플_전체__상품상세&t_number=10
[1등미백앰플] 메디큐브 PDRN 핑크 앰플 30ml 기획 (본품+리필 50ML+겔패드 2매입*2개),5,"21,549",복합성,피부에 윤기감이 생기면서 전체적으로 컨디션이 좋아지는 느낌이 있었어요.,https://www.oliveyoung.co.kr/store/goods/getGoodsDetail.do?goodsNo=A000000226498&dispCatNo=100000100010014&trackingCd=Cat100000100010014_Small&t_page=카테고리관&t_click=에센스/세럼/앰플_전체__상품상세&t_number=10
[1등미백앰플] 메디큐브 PDRN 핑크 앰플 30ml 기획 (본품+리필 50ML+겔패드 2매입*2개),5,"21,549",복합성,"피부에 윤기와 탄력을 더해주는 느낌이 강한 앰플이에요. ,",https://www.oliveyoung.co.kr/store/goods/getGoodsDetail.do?goodsNo=A000000226498&dispCatNo=100000100010014&trackingCd=Cat100000100010014_Small&t_page=카테고리관&t_click=에센스/세럼/앰플_전체__상품상세&t_number=10
[1등미백앰플] 메디큐브 PDRN 핑크 앰플 30ml 기획 (본품+리필 50ML+겔패드 2매입*2개),5,"21,549",지성,피부에 윤기와 탄력을 더해주는 느낌이 강한 앰플이에요. .,https://www.oliveyoung.co.kr/store/goods/getGoodsDetail.do?goodsNo=A000000226498&dispCatNo=100000100010014&trackingCd=Cat100000100010014_Small&t_page=카테고리관&t_click=에센스/세럼/앰플_전체__상품상세&t_number=10
[1등미백앰플] 메디큐브 PDRN 핑크 앰플 30ml 기획 (본품+리필 50ML+겔패드 2매입*2개),4,"21,549",없음,보습력이 어느정도 있고 자극이 심하진 않아요 민감성 수부지 기준으로는 제형은 너무 좋지만 바르고나서 살짝 간지러웠습니다 트러블이 크게 올라온거는 아니지만 너무 많이 바르면 안될거같아요 건성인 친구가 발랐을때는 너무 좋아고 했어용,https://www.oliveyoung.co.kr/store/goods/getGoodsDetail.do?goodsNo=A000000226498&dispCatNo=100000100010014&trackingCd=Cat100000100010014_Small&t_page=카테고리관&t_click=에센스/세럼/앰플_전체__상품상세&t_number=10
[1등미백앰플] 메디큐브 PDRN 핑크 앰플 30ml 기획 (본품+리필 50ML+겔패드 2매입*2개),5,"21,549",복합성,우선 올영에서 판매하는 구성이 너무 좋아서 맘에 들고 제형이 쫀쫀한 편이라서 저는 저녁 스킨케어에 더 좋은 것 같아요 속건조에도 효과 있는 것 같고 톤 정리에도 도움되는 듯 합니다,https://www.oliveyoung.co.kr/store/goods/getGoodsDetail.do?goodsNo=A000000226498&dispCatNo=100000100010014&trackingCd=Cat100000100010014_Small&t_page=카테고리관&t_click=에센스/세럼/앰플_전체__상품상세&t_number=10
[1등미백앰플] 메디큐브 PDRN 핑크 앰플 30ml 기획 (본품+리필 50ML+겔패드 2매입*2개),5,"21,549",복합성,본품에 50ml 리필까지 들어있는 짐승 용량이라 목까지 아낌없이 발라주고 있습니다.,https://www.oliveyoung.co.kr/store/goods/getGoodsDetail.do?goodsNo=A000000226498&dispCatNo=100000100010014&trackingCd=Cat100000100010014_Small&t_page=카테고리관&t_click=에센스/세럼/앰플_전체__상품상세&t_number=10
[보습광채/화잘먹앰플] 차앤박 프로폴리스 에너지 액티브 앰플 30ml 2입 기획 (+15ml),5,"11,914",없음,3개 대용량이라서 동생 엄마 저 이렇게 하나씩 쓰고 있어요 보습도 좋고 프로폴리스 꿀 🍯 이라는 점 항산화효과가 있는게 좋은듯,https://www.oliveyoung.co.kr/store/goods/getGoodsDetail.do?goodsNo=A000000242720&dispCatNo=100000100010014&trackingCd=Cat100000100010014_Small&t_page=카테고리관&t_click=에센스/세럼/앰플_전체__상품상세&t_number=11
[보습광채/화잘먹앰플] 차앤박 프로폴리스 에너지 액티브 앰플 30ml 2입 기획 (+15ml),5,"11,914",지성,피부에 윤기와 보습을 동시에 채워주는 앰플이라 데일리로 사용하기 좋았습니다.,https://www.oliveyoung.co.kr/store/goods/getGoodsDetail.do?goodsNo=A000000242720&dispCatNo=100000100010014&trackingCd=Cat100000100010014_Small&t_page=카테고리관&t_click=에센스/세럼/앰플_전체__상품상세&t_number=11
[보습광채/화잘먹앰플] 차앤박 프로폴리스 에너지 액티브 앰플 30ml 2입 기획 (+15ml),5,"11,914",지성,"위 제품보다 조금 더 영양감이 느껴지는 타입으로, 건조할 때 사용하면 피부가 바로 촉촉해지고 윤기가 살아나는 느낌입니다",https://www.oliveyoung.co.kr/store/goods/getGoodsDetail.do?goodsNo=A000000242720&dispCatNo=100000100010014&trackingCd=Cat100000100010014_Small&t_page=카테고리관&t_click=에센스/세럼/앰플_전체__상품상세&t_number=11
[보습광채/화잘먹앰플] 차앤박 프로폴리스 에너지 액티브 앰플 30ml 2입 기획 (+15ml),5,"11,914",지성,피부에 윤기와 광을 더해주는 앰플이에요. 바르면 즉각적으로 촉촉해지고 피부가 건강해 보이는 느낌이 들었습니다.,https://www.oliveyoung.co.kr/store/goods/getGoodsDetail.do?goodsNo=A000000242720&dispCatNo=100000100010014&trackingCd=Cat100000100010014_Small&t_page=카테고리관&t_click=에센스/세럼/앰플_전체__상품상세&t_number=11
[보습광채/화잘먹앰플] 차앤박 프로폴리스 에너지 액티브 앰플 30ml 2입 기획 (+15ml),5,"11,914",건성,촉촉한 보습감과 자연스러운 광을 동시에 잡아주는 제품이라 데일리로 사용하기 좋았습니다.,https://www.oliveyoung.co.kr/store/goods/getGoodsDetail.do?goodsNo=A000000242720&dispCatNo=100000100010014&trackingCd=Cat100000100010014_Small&t_page=카테고리관&t_click=에센스/세럼/앰플_전체__상품상세&t_number=11
[보습광채/화잘먹앰플] 차앤박 프로폴리스 에너지 액티브 앰플 30ml 2입 기획 (+15ml),5,"11,914",지성,보습과 윤기를 동시에 잡아주는 제품이라 데일리로 꾸준히 사용하기 좋았습니다.,https://www.oliveyoung.co.kr/store/goods/getGoodsDetail.do?goodsNo=A000000242720&dispCatNo=100000100010014&trackingCd=Cat100000100010014_Small&t_page=카테고리관&t_click=에센스/세럼/앰플_전체__상품상세&t_number=11
[보습광채/화잘먹앰플] 차앤박 프로폴리스 에너지 액티브 앰플 30ml 2입 기획 (+15ml),5,"11,914",복합성,바르면 피부에 광나는 앰플이라서 피부 넘 좋아보여요 쫀쫀하게 발리는데 또 그런 제형치고는 막 끈적거리지 않아서 좋고 속건조 잘 잡아줘서 편하게 쓰기 좋아요 꾸준히 사게되는 재구매템입니다,https://www.oliveyoung.co.kr/store/goods/getGoodsDetail.do?goodsNo=A000000242720&dispCatNo=100000100010014&trackingCd=Cat100000100010014_Small&t_page=카테고리관&t_click=에센스/세럼/앰플_전체__상품상세&t_number=11
[보습광채/화잘먹앰플] 차앤박 프로폴리스 에너지 액티브 앰플 30ml 2입 기획 (+15ml),5,"11,914",지성,차앤박 프로폴리스 써본분들은 아실 꿀광 얇고 부담스럽지 않은 광이 촤르르 올라옵니다 추천!,https://www.oliveyoung.co.kr/store/goods/getGoodsDetail.do?goodsNo=A000000242720&dispCatNo=100000100010014&trackingCd=Cat100000100010014_Small&t_page=카테고리관&t_click=에센스/세럼/앰플_전체__상품상세&t_number=11
[보습광채/화잘먹앰플] 차앤박 프로폴리스 에너지 액티브 앰플 30ml 2입 기획 (+15ml),5,"11,914",건성,바르면 피부가 건강해 보이는 광이 돌아서 메이크업 전 단계에 특히 잘 사용했습니다.,https://www.oliveyoung.co.kr/store/goods/getGoodsDetail.do?goodsNo=A000000242720&dispCatNo=100000100010014&trackingCd=Cat100000100010014_Small&t_page=카테고리관&t_click=에센스/세럼/앰플_전체__상품상세&t_number=11
[보습광채/화잘먹앰플] 차앤박 프로폴리스 에너지 액티브 앰플 30ml 2입 기획 (+15ml),5,"11,914",지성,현재에도 바르고 있는 제품 입니당! 발림성이 좋고 흡수가 특히 빠른 제품이랍니당!,https://www.oliveyoung.co.kr/store/goods/getGoodsDetail.do?goodsNo=A000000242720&dispCatNo=100000100010014&trackingCd=Cat100000100010014_Small&t_page=카테고리관&t_click=에센스/세럼/앰플_전체__상품상세&t_number=11
[트러블모공] 디오디너리 나이아신아마이드 10% + 징크 1% 30ml,5,"14,613",지성,"뾰드름 난지 얼마 안 됐을 때, 흉 없애는 데 참 좋습니다!! 잘 가라앉기도 해요",https://www.oliveyoung.co.kr/store/goods/getGoodsDetail.do?goodsNo=A000000157350&dispCatNo=100000100010014&trackingCd=Cat100000100010014_Small&t_page=카테고리관&t_click=에센스/세럼/앰플_전체__상품상세&t_number=12
[트러블모공] 디오디너리 나이아신아마이드 10% + 징크 1% 30ml,5,"14,613",없음,"디 오디너리 레티놀 낮은 단계에서 높은 걸로도 다 써보고, 나이아신아마이드도 큰 거 작은 거 다 써보고! 진짜 제품력 하나로 기업 운영하는 정신 최고 ㅠ ㅠ 다른 자잘한 성분 없이 핵심 성분으로 끝짱봐서 가격 거품 없고 내용물 창렬없고! 아주 낭낭하니 꾸준히 쓰는템! 이거 바르면 약근 피지 잡히고 유분 덜 돌아러 아주 조하오 ㅎㄹ 세럼에 한 두 방울 섞발하면 최고인데! 전 겨에도 발라요~ 강츄.",https://www.oliveyoung.co.kr/store/goods/getGoodsDetail.do?goodsNo=A000000157350&dispCatNo=100000100010014&trackingCd=Cat100000100010014_Small&t_page=카테고리관&t_click=에센스/세럼/앰플_전체__상품상세&t_number=12
[트러블모공] 디오디너리 나이아신아마이드 10% + 징크 1% 30ml,5,"14,613",없음,이거 바르고 화장하면 확실히 피지조절을 해주기는 합니다 유분이 좀 덜 올라와요 ! 10% 처음 써봐서 약간 걱정했는데 다행히 트러블이 올라오지는 않았습니다 많이 안바르고 2~3방울만 바르니까 양적어도 오래 쓸거 같구요 그리고 엄청 저렴하니까 너무 조으다 ~,https://www.oliveyoung.co.kr/store/goods/getGoodsDetail.do?goodsNo=A000000157350&dispCatNo=100000100010014&trackingCd=Cat100000100010014_Small&t_page=카테고리관&t_click=에센스/세럼/앰플_전체__상품상세&t_number=12
[트러블모공] 디오디너리 나이아신아마이드 10% + 징크 1% 30ml,5,"14,613",건성,자극감이 좀 있는 편 + 발림성이 좋지는 않지만 민감성인 제겐 트러블 없이 쓸 수있는 진짜 몇 안되는 나이아신이라 꾸준히 주문하고 있어요. 피부가 맑아지는 게 체감됩니다.,https://www.oliveyoung.co.kr/store/goods/getGoodsDetail.do?goodsNo=A000000157350&dispCatNo=100000100010014&trackingCd=Cat100000100010014_Small&t_page=카테고리관&t_click=에센스/세럼/앰플_전체__상품상세&t_number=12
[트러블모공] 디오디너리 나이아신아마이드 10% + 징크 1% 30ml,5,"14,613",지성,"나이아신아마이드 세럼 다 써서 평소에 써보고 싶었던 디오디너리 구매! 징크 성분도 들어가있어서 약간 때처럼 밀릴 수도 있단 후기를 봐서 밤에만 사용해봤는데, 진짜 피부에 쫀쫀하게 잘 먹어들어가는 느낌 받음! 세일 안하는 대신 가격이 저렴해서 다쓰고 더 큰 용량으로 재구매할듯!",https://www.oliveyoung.co.kr/store/goods/getGoodsDetail.do?goodsNo=A000000157350&dispCatNo=100000100010014&trackingCd=Cat100000100010014_Small&t_page=카테고리관&t_click=에센스/세럼/앰플_전체__상품상세&t_number=12
[트러블모공] 디오디너리 나이아신아마이드 10% + 징크 1% 30ml,5,"14,613",없음,"📌제 피부타입 : 나비존은 지성,얼굴가 쪽은 건성, 나비존요철심함. 블랙헤드나 피지필라멘트있음. 눈에띄는 모공은없음. 씻고나오면 수분먹어서 하얘지나 속건조심해서 각질뜸. 볼쪽에 갈색,붉은 색소침착있음. 이마에 갈색색소침착. 종종 여드름남. 화장안먹고 나비존 베이스 엄청 뜸 📌구매이유 : 요철,피부장벽회복,색소침착해결 위해. 4%쓰고있었는데 효과없어서 더 센걸원했음 📌제형 : 되직함. 묽지않음. 마르기까지 좀 걸림. 📌사용법 : 처음엔 소량씩발랐고 점점 많이바르는중 📌장점 : 뭐날까봐 무서웠는데 많이 발라도 피부에 암것도안남.(다른분들은 주의) 📌단점 : 되직한 제형, 바르고나면 따끔함. 엄청난 지성분들은 소량씩 쓰셔야할듯 📌사용후기 : 드라마틱한 효과는 모르겠음. 처음엔 좀 옅어진게보였는데 갈수록은 모르겠음. 일단 계속 꾸준히 쓰려고함.",https://www.oliveyoung.co.kr/store/goods/getGoodsDetail.do?goodsNo=A000000157350&dispCatNo=100000100010014&trackingCd=Cat100000100010014_Small&t_page=카테고리관&t_click=에센스/세럼/앰플_전체__상품상세&t_number=12
[트러블모공] 디오디너리 나이아신아마이드 10% + 징크 1% 30ml,5,"14,613",없음,디 오디너리 나이아신 아마이드와 함께한지 벌써 4년은 넘음 거 같네요! 올영에 입점했을때 부터 구매를 쭈욱 해서 큰 것도 사보고 작은 것도 사보고 레티놀도 레벨별로 다 써보고 참 패키징에 모델에 돈 다 빼고 성분으로만 승부보고 가성비와 양으로 지금까지 잘 쓰는 브랜드 같아요! 그리고 제품력도 좋나서 이렇게 나이아신어마이드 레티놀 토너 다 쓰고 이ㅛ고 셋 다 2번이상 재구매한 제품이에요! 아주 깅츄 디오디너리 라랑해,https://www.oliveyoung.co.kr/store/goods/getGoodsDetail.do?goodsNo=A000000157350&dispCatNo=100000100010014&trackingCd=Cat100000100010014_Small&t_page=카테고리관&t_click=에센스/세럼/앰플_전체__상품상세&t_number=12
[트러블모공] 디오디너리 나이아신아마이드 10% + 징크 1% 30ml,5,"14,613",건성,"🙋🏻‍♀️: 화장 안하는 게 가장 낫다는 소리 듣는 여름 쿨톤 라이트~페일, 17~19호, 다크써클 좀 있음, 홍조 살짝 있는 건성 피부, 헤어컬러 사알짝 밝은 고동색 눈화장은 사치인,,, 하지만 예쁜 색은 사고 싶은 반복되는 굴레 속 삶을 살고 있습니다. 📍 홍조, 건성인 얇은 피부라 이 세럼만 팍팍 바르면 무조건 얼굴 따가워요! 저는 크림 스킨이나 에센스류를 기초로 바르고 로션에 한 두 방울 섞어 바르는데 이 루틴으로는 딱히 피부가 뒤집어진 적이 없어서 계속 유지 중이에요! 하얗게 일어나는 건 약간 두드리듯 바르면 된답니다!",https://www.oliveyoung.co.kr/store/goods/getGoodsDetail.do?goodsNo=A000000157350&dispCatNo=100000100010014&trackingCd=Cat100000100010014_Small&t_page=카테고리관&t_click=에센스/세럼/앰플_전체__상품상세&t_number=12
[트러블모공] 디오디너리 나이아신아마이드 10% + 징크 1% 30ml,5,"14,613",건성,"확실히 자극이 없다곤 할 수 없지만 드라마틱한 효과때문에 계속 쓰게되네요. 저는 그렇게 민감성은 아니라서 그런가 이정도 자극이면 견딜만 하고 이거보다 더 심한것 도 많은데 자극가지고 이걸 비추할순 없죠. 이 제품은 정말 확실하게 피부톤이 정리되고 트러블이 개선됩니다. 이거만큼 효과 본게 없어요. 솔직히 말해서 여드름 개많아서 파티온 써보고 브링그린, 파넬까지 다 써봤는데 이게 젤 좋아요. 가격도 저렴해서 계속 재구매 할듯요. (아 참고로 파넬 별로임. 여드름 오히려 올라옴) 다른 리뷰들에서 막 때처럼 밀린다고 하는데 그건 피부가 소중해서 조심해서 살살바르는게 습관인 제게 큰 문제가 되지 않았서욥ㅋ화장 전에만 안바르면 될듯!",https://www.oliveyoung.co.kr/store/goods/getGoodsDetail.do?goodsNo=A000000157350&dispCatNo=100000100010014&trackingCd=Cat100000100010014_Small&t_page=카테고리관&t_click=에센스/세럼/앰플_전체__상품상세&t_number=12
[트러블모공] 디오디너리 나이아신아마이드 10% + 징크 1% 30ml,5,"14,613",지성,가격 : 싸다 후기 : 매일은 절대 하지마요 처음몇일 반응 없길래 매일 발라줬는데 피부장벽 다 망가져서 복구하느라 바쁘네요 아직 2주도 안써봐서 나중에 한달후기 때 말씀드릴게요 결론 : 가격은 싸고 아직 내 피부타입에 맞게 이용하려고 준비중,https://www.oliveyoung.co.kr/store/goods/getGoodsDetail.do?goodsNo=A000000157350&dispCatNo=100000100010014&trackingCd=Cat100000100010014_Small&t_page=카테고리관&t_click=에센스/세럼/앰플_전체__상품상세&t_number=12
[4월올영픽/자극도ZERO]아이오페 레티놀 슈퍼 바운스 세럼 20ml 기획 (+15ml),5,"5,156",건성,레티놀인데 자극이 하나도 없어서 좋아요 발림성도 좋아 피부에 잘 펴발라집니다 30대라 레티놀 같은 거 꾸준히 발라주면 좋을 것 같아 주기적으로 챙기는편입니다. 레티놀 입문하시는 분들께 특히 추천합니다 !!!,https://www.oliveyoung.co.kr/store/goods/getGoodsDetail.do?goodsNo=A000000250344&dispCatNo=100000100010014&trackingCd=Cat100000100010014_Small&t_page=카테고리관&t_click=에센스/세럼/앰플_전체__상품상세&t_number=13
[4월올영픽/자극도ZERO]아이오페 레티놀 슈퍼 바운스 세럼 20ml 기획 (+15ml),5,"5,156",지성,"🌱민감성 피부타입이라 레티놀 고민이 많았는데 바르자마자 확 흡수되면서 겉에 남는 느낌 없이 깔끔하게 정리되는 타입이라 부담이 없었고 자극도 거의 못느껴서 너무 만족템!! 사용감 자체가 되게 가벼워서 여러 번 덧발라도 답답하지 않고, 밤에 바르고 자도 다음날 피부가 번들거리는 느낌 없이 정돈된 느낌이 남아있었고 특히 모공 쪽이 신경 쓰이는 날에 써보면 피부결이 살짝 매끈해진 느낌이 들어서 손이 계속 감! 꾸준히 쓰다 보니까 전체적으로 피부가 좀 탄탄해진 느낌도 있고, 지성 피부인데도 무겁지 않게 관리되는 게 제일 좋았음. 끈적임 없이 마무리되는 레티놀 찾는 사람한테 잘 맞을 타입임.",https://www.oliveyoung.co.kr/store/goods/getGoodsDetail.do?goodsNo=A000000250344&dispCatNo=100000100010014&trackingCd=Cat100000100010014_Small&t_page=카테고리관&t_click=에센스/세럼/앰플_전체__상품상세&t_number=13
[4월올영픽/자극도ZERO]아이오페 레티놀 슈퍼 바운스 세럼 20ml 기획 (+15ml),5,"5,156",없음,데일리로 밤낮 상관없이 쓸 스 있는 레티놀 세럼이라 좋아요!,https://www.oliveyoung.co.kr/store/goods/getGoodsDetail.do?goodsNo=A000000250344&dispCatNo=100000100010014&trackingCd=Cat100000100010014_Small&t_page=카테고리관&t_click=에센스/세럼/앰플_전체__상품상세&t_number=13
[4월올영픽/자극도ZERO]아이오페 레티놀 슈퍼 바운스 세럼 20ml 기획 (+15ml),5,"5,156",없음,매일 아침 밤 발라도 되는 유일무이한 그정도로 순한 레티놀입문템이라고 말할수 있음 이니스프리꺼도 쓰지만 이건 향도 거의 안남 진짜 순함 그자체 대신 낮에 사용시 선크림 필수 처음엔 각질이 일어날수 있음 자연스러운 현상임 그러고 피부가 다시 재생되고 회복되는 과정임,https://www.oliveyoung.co.kr/store/goods/getGoodsDetail.do?goodsNo=A000000250344&dispCatNo=100000100010014&trackingCd=Cat100000100010014_Small&t_page=카테고리관&t_click=에센스/세럼/앰플_전체__상품상세&t_number=13
[4월올영픽/자극도ZERO]아이오페 레티놀 슈퍼 바운스 세럼 20ml 기획 (+15ml),5,"5,156",건성,올영라이브로 구입완료! 엄마 선물로 강력 추천입니다. 🤣💚,https://www.oliveyoung.co.kr/store/goods/getGoodsDetail.do?goodsNo=A000000250344&dispCatNo=100000100010014&trackingCd=Cat100000100010014_Small&t_page=카테고리관&t_click=에센스/세럼/앰플_전체__상품상세&t_number=13
[4월올영픽/자극도ZERO]아이오페 레티놀 슈퍼 바운스 세럼 20ml 기획 (+15ml),4,"5,156",건성,"아이오페 레티놀 슈퍼 바운스 세럼 30ml 한달사용 후기 (레티놀 입문 추천 / 순한 레티놀 / 나이트 루틴 필수템) 레티놀 처음 시작하려고 고민하다가 선택한 아이오페 레티놀 세럼! 결론부터 말하면 레티놀 입문템으로 진짜 만족👍 ✔️ 사용 기간 약 한 달 동안 꾸준히 밤에 사용 ✔️ 사용 루틴 (나이트 루틴) 세안 → 토너 → 레티놀 세럼 → 크림 👉 레티놀은 무조건 밤에 사용! ✔️ 사용감 묽고 부드럽게 발림 끈적임 없이 흡수 빠른 편 피부에 부담 없이 스며드는 느낌 ✔️ 자극 정도 레티놀이라 걱정했는데 👉 따가움, 붉어짐 거의 없음 👉 초보자도 충분히 사용할 수 있는 순한 타입 ✔️ 피부 변화 (한달 사용 후기) 피부결이 확실히 매끈해짐 푸석한 느낌 줄고 탄력감 개선 잔주름 부분도 살짝 개선 느낌 있음 👉 꾸준히 쓰는 게 중요한 제품! ✔️ 추천 피부타입 레티놀 처음 쓰는 분 민감하지만 안티에이징 시작하고 싶은 분 ✔️ 아쉬운 점 드라마틱한 변화는 아니고 꾸준히 써야 효과 체감 낮에는 꼭 자외선 차단 필수! 💡 총평 자극 없이 부드럽게 시작할 수 있는 레티놀 입문용 세럼으로 강추 나이트 루틴 필수템으로 자리 잡음✨",https://www.oliveyoung.co.kr/store/goods/getGoodsDetail.do?goodsNo=A000000250344&dispCatNo=100000100010014&trackingCd=Cat100000100010014_Small&t_page=카테고리관&t_click=에센스/세럼/앰플_전체__상품상세&t_number=13
[4월올영픽/자극도ZERO]아이오페 레티놀 슈퍼 바운스 세럼 20ml 기획 (+15ml),5,"5,156",없음,데일리 레티놀로 아이오페가 최고에요 자극도없고 매번 재구매해요,https://www.oliveyoung.co.kr/store/goods/getGoodsDetail.do?goodsNo=A000000250344&dispCatNo=100000100010014&trackingCd=Cat100000100010014_Small&t_page=카테고리관&t_click=에센스/세럼/앰플_전체__상품상세&t_number=13
[4월올영픽/자극도ZERO]아이오페 레티놀 슈퍼 바운스 세럼 20ml 기획 (+15ml),5,"5,156",복합성,"★한달사용리뷰 작성합니다★ 안녕하세요 아이오페 레티놀 슈퍼바운스 세럼 구매했습니다 요새 세로모공때문에 너무 고민이 많던 차에 갑자기 요게 올리브영 상위 랭킹에 뜨길래 바로 구매해봤어요 아니 근데 이거 효과가 바로 나타나더라구요??? 세로로 길던 모공이 뭔가 짧아진게 눈에 보이고 요새 좀 만족스러워요! 하지만 사용할때 주의사항은 있습니다 요 레티놀 사용할때 비타민c가 들어간 제품은 같이 사용하면 안되고, 예를들어 저녁에 레티놀 사용했다면 그다음날 아침에는 반드시 선크림 발라주셔야해요! ★★★한달사용결과★★★ 꾸준히 사용해봤는데, 확실히 사용하는 동안에는 피부결이 좀 정돈이 되고, 모공이 좀 작아지는 느낌이 들어요! 근데 관리 안하면 다시 원래대로 돌아오네요 ㅠㅠ 꾸준한 관리가 필요합니당",https://www.oliveyoung.co.kr/store/goods/getGoodsDetail.do?goodsNo=A000000250344&dispCatNo=100000100010014&trackingCd=Cat100000100010014_Small&t_page=카테고리관&t_click=에센스/세럼/앰플_전체__상품상세&t_number=13
[4월올영픽/자극도ZERO]아이오페 레티놀 슈퍼 바운스 세럼 20ml 기획 (+15ml),5,"5,156",복합성,"원래 레티놀제품쓰면 소량만 사용해도 피부 벗겨지고 각질 엄청 생기고 빨갛게 달아오르는 것 처럼 되는데 이제품은 진짜 다름. 아이오페가 괜히 오래된 브랜드가 아님. 순하면서 피부탄력, 주름에는 도움되는 것 같음. 바른 날과 안바른 날 차이가 있음. 다음엔 더 센 파란병으로 살 예정",https://www.oliveyoung.co.kr/store/goods/getGoodsDetail.do?goodsNo=A000000250344&dispCatNo=100000100010014&trackingCd=Cat100000100010014_Small&t_page=카테고리관&t_click=에센스/세럼/앰플_전체__상품상세&t_number=13
[4월올영픽/자극도ZERO]아이오페 레티놀 슈퍼 바운스 세럼 20ml 기획 (+15ml),5,"5,156",없음,아이오페 레티놀 라인 유명해서 써보고 싶었는데 좋은 기회에 써볼수있어서 좋아요,https://www.oliveyoung.co.kr/store/goods/getGoodsDetail.do?goodsNo=A000000250344&dispCatNo=100000100010014&trackingCd=Cat100000100010014_Small&t_page=카테고리관&t_click=에센스/세럼/앰플_전체__상품상세&t_number=13
[포켓몬에디션/0501부터판매/3일 집중진정]브링그린 징크테카 트러블 세럼 (대용량기획),5,"19,664",복합성,이거 겨울 빼고 다 쓰는데 진짜 좋아여 여드름 가끔 나는 남자 친구에게도 써보라고 사줬는데 효과가 좋았어요 진정도 잘되고 맑아지더라구요 저는 등에도 가끔 여드름이 나서 얼굴 바르고 잔여감 잇을 때 목 뒤 발라주면 가라앉아요 화장에도 밀리지 않아서 완전 맘에 듭니다 용량도 맘에 들어요,https://www.oliveyoung.co.kr/store/goods/getGoodsDetail.do?goodsNo=A000000200646&dispCatNo=100000100010014&trackingCd=Cat100000100010014_Small&t_page=카테고리관&t_click=에센스/세럼/앰플_전체__상품상세&t_number=14
[포켓몬에디션/0501부터판매/3일 집중진정]브링그린 징크테카 트러블 세럼 (대용량기획),5,"19,664",없음,"데일리템으로 꾸준히 잘 쓰고 진정에 너무 좋고,피부가 밝아졌어요!!",https://www.oliveyoung.co.kr/store/goods/getGoodsDetail.do?goodsNo=A000000200646&dispCatNo=100000100010014&trackingCd=Cat100000100010014_Small&t_page=카테고리관&t_click=에센스/세럼/앰플_전체__상품상세&t_number=14
[포켓몬에디션/0501부터판매/3일 집중진정]브링그린 징크테카 트러블 세럼 (대용량기획),5,"19,664",복합성,제가 정말 너무너무 사랑하는 제품입니다 진지하게 지금까지 1L는 쓴 듯 ㅠㅠㅠ 얘가 제 피부 다 살려놨어요 사랑해요 브링그린,https://www.oliveyoung.co.kr/store/goods/getGoodsDetail.do?goodsNo=A000000200646&dispCatNo=100000100010014&trackingCd=Cat100000100010014_Small&t_page=카테고리관&t_click=에센스/세럼/앰플_전체__상품상세&t_number=14
[포켓몬에디션/0501부터판매/3일 집중진정]브링그린 징크테카 트러블 세럼 (대용량기획),5,"19,664",없음,진짜 몇 년째 꾸준하게 사용하는 세럼...... 얼굴 열기 심한거 아니면 심하게 끈적거리지도 않고 흡수도 빨라서 지성인 타입이 사용하기 좋은듯 트러블 심하게 올라오거나 좀 올라올거같다 하면 무조건 이 세럼이랑 수분 챙겨주는 세럼만 바름...,https://www.oliveyoung.co.kr/store/goods/getGoodsDetail.do?goodsNo=A000000200646&dispCatNo=100000100010014&trackingCd=Cat100000100010014_Small&t_page=카테고리관&t_click=에센스/세럼/앰플_전체__상품상세&t_number=14
[포켓몬에디션/0501부터판매/3일 집중진정]브링그린 징크테카 트러블 세럼 (대용량기획),5,"19,664",없음,2년째 진정템으로 꼭 쟁여두는 제품 ✨✨ 이미 찐구매인증 사진 올렸었는데 새로운 사진입니다 .. 고새 또 재구매를 여러번 했어요 😅 지성 진정템으로 너무너무 추천 청소년기 여드름 피부 특히 추천 ! 성인 여드름 피부도 유분이 원인이라면 정말 잘 맞으실거에요 !,https://www.oliveyoung.co.kr/store/goods/getGoodsDetail.do?goodsNo=A000000200646&dispCatNo=100000100010014&trackingCd=Cat100000100010014_Small&t_page=카테고리관&t_click=에센스/세럼/앰플_전체__상품상세&t_number=14
[포켓몬에디션/0501부터판매/3일 집중진정]브링그린 징크테카 트러블 세럼 (대용량기획),5,"19,664",복합성,트러블 세럼이라 그런가 세안 후 바르면 진정되는 것 같아요.,https://www.oliveyoung.co.kr/store/goods/getGoodsDetail.do?goodsNo=A000000200646&dispCatNo=100000100010014&trackingCd=Cat100000100010014_Small&t_page=카테고리관&t_click=에센스/세럼/앰플_전체__상품상세&t_number=14
[포켓몬에디션/0501부터판매/3일 집중진정]브링그린 징크테카 트러블 세럼 (대용량기획),5,"19,664",복합성,리필도들어있어서 좋아요 물제형이라 사실 오래못쓰고 금방쓰게되서 아쉬워요 그래도 흡수잘되고 진정효과에 좋아요,https://www.oliveyoung.co.kr/store/goods/getGoodsDetail.do?goodsNo=A000000200646&dispCatNo=100000100010014&trackingCd=Cat100000100010014_Small&t_page=카테고리관&t_click=에센스/세럼/앰플_전체__상품상세&t_number=14
[포켓몬에디션/0501부터판매/3일 집중진정]브링그린 징크테카 트러블 세럼 (대용량기획),2,"19,664",지성,아 이건 뭐라해야하지.. 처음 피부가 단련할 기간이 잇어야 한달까요.. 첨에 쓰면 여드름 좀 나오는대 시간 지나니까 이젠 괯낳긴 해요 좋은건 몰렉다,https://www.oliveyoung.co.kr/store/goods/getGoodsDetail.do?goodsNo=A000000200646&dispCatNo=100000100010014&trackingCd=Cat100000100010014_Small&t_page=카테고리관&t_click=에센스/세럼/앰플_전체__상품상세&t_number=14
[포켓몬에디션/0501부터판매/3일 집중진정]브링그린 징크테카 트러블 세럼 (대용량기획),5,"19,664",복합성,약간 이상한 냄새가 나는 것 같으나 이거 빼고는 다 만족스러웠어요 지성한테 좋고 트러블 진정 시켜준다고해서 샀는데 아직 효과는 모르겠어요,https://www.oliveyoung.co.kr/store/goods/getGoodsDetail.do?goodsNo=A000000200646&dispCatNo=100000100010014&trackingCd=Cat100000100010014_Small&t_page=카테고리관&t_click=에센스/세럼/앰플_전체__상품상세&t_number=14
[포켓몬에디션/0501부터판매/3일 집중진정]브링그린 징크테카 트러블 세럼 (대용량기획),5,"19,664",지성,여드름피부 1등 앰플이라길래 써봤는데 지성피부분들 무조건 추천드려용 건성은 절대 비추 전 수부진데 엄청 건조함 느껴져용 여드름 진정 잘 돼고 피지도 잘 말려줌,https://www.oliveyoung.co.kr/store/goods/getGoodsDetail.do?goodsNo=A000000200646&dispCatNo=100000100010014&trackingCd=Cat100000100010014_Small&t_page=카테고리관&t_click=에센스/세럼/앰플_전체__상품상세&t_number=14
[영훈PICK/트러블1등] 셀라딕스 트러블 세범 리밸런싱 RX 131 앰플 30ml,1,"4,478",지성,광고로 처음접한 앰플입니다 트러블에 좋다고 하지만 글쎄요..,https://www.oliveyoung.co.kr/store/goods/getGoodsDetail.do?goodsNo=A000000224494&dispCatNo=100000100010014&trackingCd=Cat100000100010014_Small&t_page=카테고리관&t_click=에센스/세럼/앰플_전체__상품상세&t_number=15
[영훈PICK/트러블1등] 셀라딕스 트러블 세범 리밸런싱 RX 131 앰플 30ml,3,"4,478",복합성,흠 순하긴 한데 피지조절에 특화된건지는 모르겠어요 쓰기 전과 쓰고난 후의 차이를 잘 모르겠달까..? 트러블은 안나서 좋네요 그냥 다음엔 안사려구용,https://www.oliveyoung.co.kr/store/goods/getGoodsDetail.do?goodsNo=A000000224494&dispCatNo=100000100010014&trackingCd=Cat100000100010014_Small&t_page=카테고리관&t_click=에센스/세럼/앰플_전체__상품상세&t_number=15
[영훈PICK/트러블1등] 셀라딕스 트러블 세범 리밸런싱 RX 131 앰플 30ml,5,"4,478",복합성,트러블 올라올 때 써보려고 구매했는데 생각보다 순해서 데일리로 쓰기 괜찮았어요. 바르자마자 번들거림 없이 산뜻하게 흡수되고 피부가 전체적으로 차분해지는 느낌이에요.,https://www.oliveyoung.co.kr/store/goods/getGoodsDetail.do?goodsNo=A000000224494&dispCatNo=100000100010014&trackingCd=Cat100000100010014_Small&t_page=카테고리관&t_click=에센스/세럼/앰플_전체__상품상세&t_number=15
[영훈PICK/트러블1등] 셀라딕스 트러블 세범 리밸런싱 RX 131 앰플 30ml,5,"4,478",복합성,피부 트러블과 과다한 피지를 잡아줍니다. 유수분 밸런스가 조절되는 제품입니다.,https://www.oliveyoung.co.kr/store/goods/getGoodsDetail.do?goodsNo=A000000224494&dispCatNo=100000100010014&trackingCd=Cat100000100010014_Small&t_page=카테고리관&t_click=에센스/세럼/앰플_전체__상품상세&t_number=15
[영훈PICK/트러블1등] 셀라딕스 트러블 세범 리밸런싱 RX 131 앰플 30ml,5,"4,478",없음,이 제품 광고?도 많이 하는 것 같고 계속 보이길래 궁금해서 구매해봤어요! 살짝 콧물제형 에센스 느낌이에요,https://www.oliveyoung.co.kr/store/goods/getGoodsDetail.do?goodsNo=A000000224494&dispCatNo=100000100010014&trackingCd=Cat100000100010014_Small&t_page=카테고리관&t_click=에센스/세럼/앰플_전체__상품상세&t_number=15
[영훈PICK/트러블1등] 셀라딕스 트러블 세범 리밸런싱 RX 131 앰플 30ml,5,"4,478",없음,인스타에 하도 광고가 많이 뜨고 혹하게 하길래 속는 셈 치고 사봤는데 결론은 좋아요! 요새 환절기로 피부 뒤집어져서 스트레스였는데 이 앰플 바르고 좀 진정이 되었어요 세수하고 스킨케어 1단계에 트러블 세범 앰플 발라주고 이후에 수분 잘 채워주면 진정에 좋고 결정리가 되는 느낌이에요 솔직히 셀라딕스 처음 듣는 브랜드였는데 이 세럼 쓰고 신뢰도를 쌓은 거 같아요 다른 제품도 궁금해집니다!,https://www.oliveyoung.co.kr/store/goods/getGoodsDetail.do?goodsNo=A000000224494&dispCatNo=100000100010014&trackingCd=Cat100000100010014_Small&t_page=카테고리관&t_click=에센스/세럼/앰플_전체__상품상세&t_number=15
[영훈PICK/트러블1등] 셀라딕스 트러블 세범 리밸런싱 RX 131 앰플 30ml,3,"4,478",건성,샐라딕스 앰플 구매해서 사용해봤는데 별루좋은지는 모르겠어요 그냥저냥 무난해요,https://www.oliveyoung.co.kr/store/goods/getGoodsDetail.do?goodsNo=A000000224494&dispCatNo=100000100010014&trackingCd=Cat100000100010014_Small&t_page=카테고리관&t_click=에센스/세럼/앰플_전체__상품상세&t_number=15
[영훈PICK/트러블1등] 셀라딕스 트러블 세범 리밸런싱 RX 131 앰플 30ml,5,"4,478",건성,* 앰플이나 세럼 다양하게 써보는 거 좋아하는데 피지연화 앰플 궁금해서 구매했어요! * 불투명한 제형의 앰플인데 물세럼보다는 살짝 더 무거운 제형이에요! * 저는 이거 바르고 위에 조금 더 무거운 세럼 한범 더 발라주니까 촉촉하고 좋았습니다!,https://www.oliveyoung.co.kr/store/goods/getGoodsDetail.do?goodsNo=A000000224494&dispCatNo=100000100010014&trackingCd=Cat100000100010014_Small&t_page=카테고리관&t_click=에센스/세럼/앰플_전체__상품상세&t_number=15
[영훈PICK/트러블1등] 셀라딕스 트러블 세범 리밸런싱 RX 131 앰플 30ml,5,"4,478",없음,"솔직히 sns광고템이라 거르려고 했는데 속는셈치고 사봤거든요? 짱 좋아요.. 순하고 이거 쓰면 여드름이 진짜 안나요 신기.. 근데 제친구는 안맞았대요ㅠ 아 그리고 저는 너무 좋아서 듬뿍써서그런지 겁나빨리 씀요 양이 적은거같기도하고,, 가격 좀만 낮춰주세요 엉엉",https://www.oliveyoung.co.kr/store/goods/getGoodsDetail.do?goodsNo=A000000224494&dispCatNo=100000100010014&trackingCd=Cat100000100010014_Small&t_page=카테고리관&t_click=에센스/세럼/앰플_전체__상품상세&t_number=15
[영훈PICK/트러블1등] 셀라딕스 트러블 세범 리밸런싱 RX 131 앰플 30ml,5,"4,478",없음,트러블성 피부에 좋다고해서 구매했어요. 효과 좋았으면 좋겠어요,https://www.oliveyoung.co.kr/store/goods/getGoodsDetail.do?goodsNo=A000000224494&dispCatNo=100000100010014&trackingCd=Cat100000100010014_Small&t_page=카테고리관&t_click=에센스/세럼/앰플_전체__상품상세&t_number=15
[4월 올영픽] 에스트라 아토베리어365 하이드로에센스 200ml (+크림 10ml+앰플 10ml),5,"13,011",건성,보습 채우기 편하고 안 끈적거려요. 촉촉하게 쓸 수 있는 무난템,https://www.oliveyoung.co.kr/store/goods/getGoodsDetail.do?goodsNo=A000000222837&dispCatNo=100000100010014&trackingCd=Cat100000100010014_Small&t_page=카테고리관&t_click=에센스/세럼/앰플_전체__상품상세&t_number=16
[4월 올영픽] 에스트라 아토베리어365 하이드로에센스 200ml (+크림 10ml+앰플 10ml),5,"13,011",복합성,샘플도 들어있고 좋아요 ~에스트라 아토베리어365 하이드로에센스,https://www.oliveyoung.co.kr/store/goods/getGoodsDetail.do?goodsNo=A000000222837&dispCatNo=100000100010014&trackingCd=Cat100000100010014_Small&t_page=카테고리관&t_click=에센스/세럼/앰플_전체__상품상세&t_number=16
[4월 올영픽] 에스트라 아토베리어365 하이드로에센스 200ml (+크림 10ml+앰플 10ml),5,"13,011",없음,"에스트라의 정말 잘만든 제품인데 생각보다 안유명한거같으면서도 리뷰나 평점은 높은ㅋㅋ알음알음 전해져서 다들 쓰시는건가…아무튼 보습,진정 잘해주고 피부결을 매끈하게 해주면서 피부에 얇은 보습막이 씌워지면서 광까지 나는 제품인데 가장 추천하는 계절은 겨울이긴 하지만 환절기에도 사용하기 좋고 더워지는 여름에는 양조절해서 조금만 사용하기!! 기획 구성이 매달 분기별로 다르니까 써보고싶은 샘플들이 들어있을때 구매추천!",https://www.oliveyoung.co.kr/store/goods/getGoodsDetail.do?goodsNo=A000000222837&dispCatNo=100000100010014&trackingCd=Cat100000100010014_Small&t_page=카테고리관&t_click=에센스/세럼/앰플_전체__상품상세&t_number=16
[4월 올영픽] 에스트라 아토베리어365 하이드로에센스 200ml (+크림 10ml+앰플 10ml),4,"13,011",없음,의외로 이렇게 콧물 제형이 많지가 않잖아요. 그래서 얼굴에는 꼭 이 제품을 쓰는데 용기 뚜껑 퀄리티도 상당히 좋고 물론 내용물도 괜찮은거 같습니다. 제품 이름은 에센스 라고 나와있는데 딱히 에센스의 어떤 그런 기능을 느낄 정도는 아니구요. 토니모리 모치 토너랑 조금 비슷 하지만 그냥 모치 토너를 얼굴에 써도 트러블이나 이런 게 전혀 없었지만 조금 더 얼굴에는 좋은 걸 쓰자 라는 생각에 이 제품을 사용하고 있습니다. 용기의 마감이나 이런 건 굉장히 퀄리티가 좋기 때문에 사용할 때 기분이 좋아요. 뚜껑을 여닫는 느낌도 굉장히 좋구요. 피부에 보습이나 이런 거는 사실 제품은 에센스인데 에센스 라고 생각하지 않고 일반 스킨이라고 생각하면서 바르기 때문에 바르고 나서 곧바로 또 다른 기능성 있는 에센스를 바르기 때문에 실제로 보습이 어느 정도인지 모르겠지만 딱히 건조 했던 적은 없었어요. 흡수력도 좋고요,https://www.oliveyoung.co.kr/store/goods/getGoodsDetail.do?goodsNo=A000000222837&dispCatNo=100000100010014&trackingCd=Cat100000100010014_Small&t_page=카테고리관&t_click=에센스/세럼/앰플_전체__상품상세&t_number=16
[4월 올영픽] 에스트라 아토베리어365 하이드로에센스 200ml (+크림 10ml+앰플 10ml),5,"13,011",없음,샘플 써보고 좋아서 본품 구매했어요 속건조에도 좋고 순해서 트러블 없어요 예민하고 얇은 피분데 이걸로 레이어링하면 화장도 잘먹음 여름에 쓰기에도 좋은 제형,https://www.oliveyoung.co.kr/store/goods/getGoodsDetail.do?goodsNo=A000000222837&dispCatNo=100000100010014&trackingCd=Cat100000100010014_Small&t_page=카테고리관&t_click=에센스/세럼/앰플_전체__상품상세&t_number=16
[4월 올영픽] 에스트라 아토베리어365 하이드로에센스 200ml (+크림 10ml+앰플 10ml),5,"13,011",없음,에스트라의 진정한 역작은 바로 이 하이드로 에센스라고 생각함…그 피부를 폭닥하게 감싸주는 밀키하면서도 끈적이지 않게 보습막을 싹 씌워주는 느낌에 흡수되고나면 은은한 광이 돌고 자극감 없고 피부가 너무 편안해요..나만쓰고싶을정도지만 그러면 단종될수도 있으니 모두들 재구매 열심히하기로해요 약속👌,https://www.oliveyoung.co.kr/store/goods/getGoodsDetail.do?goodsNo=A000000222837&dispCatNo=100000100010014&trackingCd=Cat100000100010014_Small&t_page=카테고리관&t_click=에센스/세럼/앰플_전체__상품상세&t_number=16
[4월 올영픽] 에스트라 아토베리어365 하이드로에센스 200ml (+크림 10ml+앰플 10ml),5,"13,011",없음,증정에 할인이 많이 되서 좋아요 꼬마병은 여행갈때 휴대하기 좋아요 순하고 촉촉해요,https://www.oliveyoung.co.kr/store/goods/getGoodsDetail.do?goodsNo=A000000222837&dispCatNo=100000100010014&trackingCd=Cat100000100010014_Small&t_page=카테고리관&t_click=에센스/세럼/앰플_전체__상품상세&t_number=16
[4월 올영픽] 에스트라 아토베리어365 하이드로에센스 200ml (+크림 10ml+앰플 10ml),5,"13,011",복합성,제형도 끈적거리지않고 흡수도 잘되서 손이자주가는 에센스에여 ㅎ,https://www.oliveyoung.co.kr/store/goods/getGoodsDetail.do?goodsNo=A000000222837&dispCatNo=100000100010014&trackingCd=Cat100000100010014_Small&t_page=카테고리관&t_click=에센스/세럼/앰플_전체__상품상세&t_number=16
[4월 올영픽] 에스트라 아토베리어365 하이드로에센스 200ml (+크림 10ml+앰플 10ml),5,"13,011",복합성,세수 하자마자 욕실에서 바르려고 삿는데 살작 무거운 느낌은 있어요 저한텐 안맞네요,https://www.oliveyoung.co.kr/store/goods/getGoodsDetail.do?goodsNo=A000000222837&dispCatNo=100000100010014&trackingCd=Cat100000100010014_Small&t_page=카테고리관&t_click=에센스/세럼/앰플_전체__상품상세&t_number=16
[4월 올영픽] 에스트라 아토베리어365 하이드로에센스 200ml (+크림 10ml+앰플 10ml),5,"13,011",건성,3병째 사는 에센스 아토피 있는 남친 피부에도 잘 맞고 극건성인 나에게도 찰떡 4계절 다 쓸 수 있는 에센스 지성보단 건성 추천,https://www.oliveyoung.co.kr/store/goods/getGoodsDetail.do?goodsNo=A000000222837&dispCatNo=100000100010014&trackingCd=Cat100000100010014_Small&t_page=카테고리관&t_click=에센스/세럼/앰플_전체__상품상세&t_number=16
[품절대란/수부지 화잘먹 세럼] 믹순 히알레배 포어 버블 세럼 70ml,2,"6,222",복합성,"좋다는 사람들 많길래 사봤는데 솔직히 별점이 왜 이렇게 높은지 모르겠습니다. 뭐 바르고 나서도 얼굴이 당긴다거나 그러는 건 아니지만 솔직히 이 정도 기능은 다른 제품에서도 충분히 찾을 수 있다고 생각합니다. 그리고 마무리감이 산뜻?하다고 해야 하나 끈적임이 아~예 없는데 이게 어떤 느낌이냐면 알콜스왑으로 얼굴 소독하고 휘발된 느낌입니다. 원래 이런걸 산뜻하다고 하는 건지는 잘 모르겠습니다만 끈적함을 싫어하시는 분들께서는 좋아하실 것 같네요.(개인적으로는 이걸 바르고 무조건 위에 뭘 더 올려야 할 것 같아요) 막 인스타 영상에서 나오는 것처럼 피부에 광 돌게 바르려면 욘나 많이 펌프질 해야할 듯 합니다. 그러나 제일 중요한 단점, 엄청 헤픕니다. 정말 빨리 써요. 펌프 형식이라 그런 건지 몇 번 쓰지도, 한 번 쓸 때 많이 쓰지도 않았는데 문득 확 줄어든 게 눈에 보이더라고요. 결론: 개인차는 있겠지만 굳이?템이라고 생각합니다.",https://www.oliveyoung.co.kr/store/goods/getGoodsDetail.do?goodsNo=A000000238406&dispCatNo=100000100010014&trackingCd=Cat100000100010014_Small&t_page=카테고리관&t_click=에센스/세럼/앰플_전체__상품상세&t_number=17
[품절대란/수부지 화잘먹 세럼] 믹순 히알레배 포어 버블 세럼 70ml,5,"6,222",지성,"🛍️ 믹순 히알레베 포어 버블 세럼 구매했습니다! 큰 기대 없이 우연히 써볼 기회가 있었던 믹순 버블 세럼인데 이후로 굉장히 인기가 많아졌더라구요 최근 토너 대신 이 버블 세럼을 스킨 케어 첫 단계에 사용 하면서 그간 물 토너를 사용하면서 느꼈던 불편함에서 많이 벗어날 수 있어서 재구매를 하게 되었습니다 세럼이라고 생각하면 적은 용량이 아닌데 애초에 물 토너 처럼 찰랑이는 제형이라 그런지 점도 있는 세럼이나 에센스보다 소모되는 속도가 빠르게 느껴졌어요 물 토너가 흐를까봐 허겁지겁 바르는 일도 없어지고, 버블 타입으로 도포를 하니 흡수도 훨씬 빠른 것 같아요 전체적으로 만족스러운데 제품의 향은 다소 불호하는 포인트 입니다 무향이라고는 하지만 원료취라고 설명되는 향 아닌 향이 존재하는 것 같고, 저는 개인적으로 그 향이 어떤 제품이든 좋지 않게 맡아지더라구요 가격 면에서도 메리트가 크고 토너 대용으로 활용하기에 좋아서 한동안 재구매를 꽤 하게 될 것 같습니다!",https://www.oliveyoung.co.kr/store/goods/getGoodsDetail.do?goodsNo=A000000238406&dispCatNo=100000100010014&trackingCd=Cat100000100010014_Small&t_page=카테고리관&t_click=에센스/세럼/앰플_전체__상품상세&t_number=17
[품절대란/수부지 화잘먹 세럼] 믹순 히알레배 포어 버블 세럼 70ml,5,"6,222",없음,즉각적으로 수분감을 채워주기 좋고 마무리감이 끈적이지 않아서 좋은 것 같아요 저렴하게 구매하긴 했지만 다른 버블 마스크에 비해 금방 금방 줄어드는 것 같아요 🥲,https://www.oliveyoung.co.kr/store/goods/getGoodsDetail.do?goodsNo=A000000238406&dispCatNo=100000100010014&trackingCd=Cat100000100010014_Small&t_page=카테고리관&t_click=에센스/세럼/앰플_전체__상품상세&t_number=17
[품절대란/수부지 화잘먹 세럼] 믹순 히알레배 포어 버블 세럼 70ml,5,"6,222",지성,적당히 수분감있구 안끈적거려서 좋아용 빨리 쓴다길래 두개삿오요,https://www.oliveyoung.co.kr/store/goods/getGoodsDetail.do?goodsNo=A000000238406&dispCatNo=100000100010014&trackingCd=Cat100000100010014_Small&t_page=카테고리관&t_click=에센스/세럼/앰플_전체__상품상세&t_number=17
[품절대란/수부지 화잘먹 세럼] 믹순 히알레배 포어 버블 세럼 70ml,5,"6,222",복합성,오마이갓 나 하나 더 살래요. 이 가격에 이 보습감 오마이갓. 마음에 들었던 포인트 1. 속건조 개잘잡힘. 아니 진짜루요. 두 번 레이어링 할 필요도 없음. 근데 레이어링하면 더 촉촉함ㅠ 2. 가격 돌았나. 지금 세일 중이라 7천원 대.. 말이 댐..? 완전 저렴함 3. 거품이 쫀득함. 안흘러내림! 입자가 촘촘해서 물로 된 크림 바르는 느낌..? 이건 발라봐야 느낄 수 있따.. 4. 뚜껑에 입구 안닿음. 어디라곤 말몬하지만 뚜껑에 닿아서 좀 위생상 드럽게 느껴지고 찝찝해서 매번 닦아야했는데 얜 좀 띄워져있는게 소소하지만 좋은 포인트 적다보니 말이 넘 많아져버렸지만 그만큼 찐이라는거 전 수부지에욤,https://www.oliveyoung.co.kr/store/goods/getGoodsDetail.do?goodsNo=A000000238406&dispCatNo=100000100010014&trackingCd=Cat100000100010014_Small&t_page=카테고리관&t_click=에센스/세럼/앰플_전체__상품상세&t_number=17
[품절대란/수부지 화잘먹 세럼] 믹순 히알레배 포어 버블 세럼 70ml,5,"6,222",복합성,좋아요 근데 양이 좀 팍팍 줄어드는 느낌?? 매일 쓰면 거의 2주에 한 통 비우는데 저렴하게 행사해서 쟁여두니 좋네여,https://www.oliveyoung.co.kr/store/goods/getGoodsDetail.do?goodsNo=A000000238406&dispCatNo=100000100010014&trackingCd=Cat100000100010014_Small&t_page=카테고리관&t_click=에센스/세럼/앰플_전체__상품상세&t_number=17
[품절대란/수부지 화잘먹 세럼] 믹순 히알레배 포어 버블 세럼 70ml,5,"6,222",복합성,이거 엄청 빨리 써서 없어지긴 하는데 일주일 동안 특가 할 때 저렴하게 쟁야놔서 마음이 편해요,https://www.oliveyoung.co.kr/store/goods/getGoodsDetail.do?goodsNo=A000000238406&dispCatNo=100000100010014&trackingCd=Cat100000100010014_Small&t_page=카테고리관&t_click=에센스/세럼/앰플_전체__상품상세&t_number=17
[품절대란/수부지 화잘먹 세럼] 믹순 히알레배 포어 버블 세럼 70ml,4,"6,222",복합성,"요즘 버블 세럼 제품이 핫해서 찾아보다가 유명한 ㅁㄴㅋ과 고민 중에 개큰할인율에 믹순을 구매했습니다 ! 에스테틱 관리를 받으러 가면 꼭 버블 토너로 결 정돈을 해주시는데, 더 수분이 쏙쏙 들어가는 느낌이 들어요 🙂‍↕️ 믹순은 쫀쫀이보다는 부서지는 버블타입으로 몇번 피부위에서 롤링하면 금방 흡수되더라구요 다만 1회 3펌핑 기준 줄어드는 양이 넘빨라서 금방 다 쓸 것 같아요 ..! 정가에 사기는 좀 아깝고 지금처럼 할인폭이 클때 쟁여두는게 좋을 것 가타요 수부지에게 기초 1단계로 쓰기 무난한 템 🫧",https://www.oliveyoung.co.kr/store/goods/getGoodsDetail.do?goodsNo=A000000238406&dispCatNo=100000100010014&trackingCd=Cat100000100010014_Small&t_page=카테고리관&t_click=에센스/세럼/앰플_전체__상품상세&t_number=17
[품절대란/수부지 화잘먹 세럼] 믹순 히알레배 포어 버블 세럼 70ml,5,"6,222",지성,버블세럼 궁금했는데 특가길래 사봤어용 흡수 무난하고 괜찮은듯,https://www.oliveyoung.co.kr/store/goods/getGoodsDetail.do?goodsNo=A000000238406&dispCatNo=100000100010014&trackingCd=Cat100000100010014_Small&t_page=카테고리관&t_click=에센스/세럼/앰플_전체__상품상세&t_number=17
[품절대란/수부지 화잘먹 세럼] 믹순 히알레배 포어 버블 세럼 70ml,5,"6,222",지성,수부지에게 속건조 잡는건 가장 중요한 일인데 이 버블세럼은 진짜 속건조를 잘 잡아조요 !!!! 타 비싼 브랜드 버블세럼 많이 써봤는데 믹순이 제일 가성비도 좋고 속건조가 잘 잡혀요 !!! 거품이 진짜 피부에 닿으면 바로 흡수가 돼서 넘 좋아써요 수부지 + 속건조 심한분들은 꼭 써보시길 바래요!!!,https://www.oliveyoung.co.kr/store/goods/getGoodsDetail.do?goodsNo=A000000238406&dispCatNo=100000100010014&trackingCd=Cat100000100010014_Small&t_page=카테고리관&t_click=에센스/세럼/앰플_전체__상품상세&t_number=17
[4월 올영픽/물광리프팅] 성분에디터 실크펩타이드 EGF 하트핏 볼륨 리프팅 앰플 40ml 더블기획,3,"2,286",없음,엄마가 사다래서 사주긴 했는데 진짜 돈아까워요 소비자들 속이는 기만 멈춰,https://www.oliveyoung.co.kr/store/goods/getGoodsDetail.do?goodsNo=A000000235179&dispCatNo=100000100010014&trackingCd=Cat100000100010014_Small&t_page=카테고리관&t_click=에센스/세럼/앰플_전체__상품상세&t_number=18
[4월 올영픽/물광리프팅] 성분에디터 실크펩타이드 EGF 하트핏 볼륨 리프팅 앰플 40ml 더블기획,5,"2,286",건성,최근 이 아이 포함 리프팅 관련 아이템들이 눈에 많이 띄는 거 같네요. 동안의 핵심 포인트는 중안부 볼륨에 있다 라는 사실과 함께 이미 SANS에서 봤어서 눈에 익었던 아이라 호기심과 기대 가득한 마음으로 고민 1도 없이 동생 거와 함께 구매했죠. 자세한 후기는 한달사용리뷰 통해 남겨볼께요.,https://www.oliveyoung.co.kr/store/goods/getGoodsDetail.do?goodsNo=A000000235179&dispCatNo=100000100010014&trackingCd=Cat100000100010014_Small&t_page=카테고리관&t_click=에센스/세럼/앰플_전체__상품상세&t_number=18
[4월 올영픽/물광리프팅] 성분에디터 실크펩타이드 EGF 하트핏 볼륨 리프팅 앰플 40ml 더블기획,5,"2,286",건성,"발랐을 때 살짝은 꾸덕, 쫀쫀한 느낌인데 흡수 잘되고 촉촉하게 마무리 돼요. 꾸준히 사용하면 피부가 좀 탄탄해지려나요..? 엄마가 더 좋아하시는 느낌이라 하나 사드렸어요!",https://www.oliveyoung.co.kr/store/goods/getGoodsDetail.do?goodsNo=A000000235179&dispCatNo=100000100010014&trackingCd=Cat100000100010014_Small&t_page=카테고리관&t_click=에센스/세럼/앰플_전체__상품상세&t_number=18
[4월 올영픽/물광리프팅] 성분에디터 실크펩타이드 EGF 하트핏 볼륨 리프팅 앰플 40ml 더블기획,5,"2,286",복합성,"제형은 너무 묽지도, 너무 되직하지도 않은 중간 정도의 에센스 타입인데, 손에 덜었을 때 살짝 점성이 느껴지면서도 피부에 닿는 순간 부드럽게 풀리는 느낌이에요. 이름처럼 실크 같은 매끈함이 있어서 발림성이 정말 좋고, 얼굴 전체에 얇고 고르게 펴 바르기 편하더라고요. 끈적임 없이 산뜻하게 마무리되는 게 가장 큰 장점이에요. 처음에는 촉촉하게 감싸주는 느낌이 들다가 금방 흡수되면서 피부 겉은 보송하고 속은 촉촉하게 채워지는 느낌이라 데일리로 사용하기 부담이 없어요. 여러 번 레이어링해도 밀리거나 답답한 느낌이 없어서 스킨케어 단계에서 활용도가 높았어요.",https://www.oliveyoung.co.kr/store/goods/getGoodsDetail.do?goodsNo=A000000235179&dispCatNo=100000100010014&trackingCd=Cat100000100010014_Small&t_page=카테고리관&t_click=에센스/세럼/앰플_전체__상품상세&t_number=18
[4월 올영픽/물광리프팅] 성분에디터 실크펩타이드 EGF 하트핏 볼륨 리프팅 앰플 40ml 더블기획,5,"2,286",없음,성분이답이라는 타이틀보고 구매해봤어요 쫀쫀한 피부완성을 위해 잘써보겠습니다,https://www.oliveyoung.co.kr/store/goods/getGoodsDetail.do?goodsNo=A000000235179&dispCatNo=100000100010014&trackingCd=Cat100000100010014_Small&t_page=카테고리관&t_click=에센스/세럼/앰플_전체__상품상세&t_number=18
[4월 올영픽/물광리프팅] 성분에디터 실크펩타이드 EGF 하트핏 볼륨 리프팅 앰플 40ml 더블기획,5,"2,286",복합성,미니 앰플 용기 좋잖아요 이걸로 본품도 용기 변경 좀 해주셔요 ㅠㅠ,https://www.oliveyoung.co.kr/store/goods/getGoodsDetail.do?goodsNo=A000000235179&dispCatNo=100000100010014&trackingCd=Cat100000100010014_Small&t_page=카테고리관&t_click=에센스/세럼/앰플_전체__상품상세&t_number=18
[4월 올영픽/물광리프팅] 성분에디터 실크펩타이드 EGF 하트핏 볼륨 리프팅 앰플 40ml 더블기획,5,"2,286",건성,"피부에 영양감이 채워지는 느낌이 있고, 사용 후 피부가 좀 더 쫀쫀해지는 느낌이 들었어요",https://www.oliveyoung.co.kr/store/goods/getGoodsDetail.do?goodsNo=A000000235179&dispCatNo=100000100010014&trackingCd=Cat100000100010014_Small&t_page=카테고리관&t_click=에센스/세럼/앰플_전체__상품상세&t_number=18
[4월 올영픽/물광리프팅] 성분에디터 실크펩타이드 EGF 하트핏 볼륨 리프팅 앰플 40ml 더블기획,5,"2,286",없음,꾸준히 사용하면 주름에 효과 좋을 거 같아요 더 사용해봐야 할 거 같아요ㅎㅎ..,https://www.oliveyoung.co.kr/store/goods/getGoodsDetail.do?goodsNo=A000000235179&dispCatNo=100000100010014&trackingCd=Cat100000100010014_Small&t_page=카테고리관&t_click=에센스/세럼/앰플_전체__상품상세&t_number=18
[4월 올영픽/물광리프팅] 성분에디터 실크펩타이드 EGF 하트핏 볼륨 리프팅 앰플 40ml 더블기획,5,"2,286",건성,"효능, 효과 만족도를 떠나 리프팅 관련 아이템들은 이전부터 있어왔죠. 여기에 최근엔 녹는 실이란 키워드와 함께 여러 브랜드에서 리프팅 앰플이 나오고 있죠. 이 아이 역시 구매 시점 올영 랭킹 탑을 찍고 있었는. 재고가 있네 없네 새로고침을 반복하다 간신히 동생 거와 함께 구매 성공, 완전 기대 중이며 자세한 후기는 한달사용리뷰 통해 남겨볼께요.",https://www.oliveyoung.co.kr/store/goods/getGoodsDetail.do?goodsNo=A000000235179&dispCatNo=100000100010014&trackingCd=Cat100000100010014_Small&t_page=카테고리관&t_click=에센스/세럼/앰플_전체__상품상세&t_number=18
[4월 올영픽/물광리프팅] 성분에디터 실크펩타이드 EGF 하트핏 볼륨 리프팅 앰플 40ml 더블기획,4,"2,286",없음,성분에디터 제품을 좋아하진 않는데 리프팅앰플이 필요해서 한번 구매해봤는데 리프팅에 큰 효과는 모르겠으나 촉촉하고 부드러운 광은 장난아니에요! 우와우~ 얼굴이 다 환해지고 밝아지는 느낌! 미끄덩없이 촉촉하고 산뜻해서 잘 쓰고 있어요!,https://www.oliveyoung.co.kr/store/goods/getGoodsDetail.do?goodsNo=A000000235179&dispCatNo=100000100010014&trackingCd=Cat100000100010014_Small&t_page=카테고리관&t_click=에센스/세럼/앰플_전체__상품상세&t_number=18
[속건조필수템] 웰라쥬 리얼 히알루로닉 블루 100 앰플 100ml 기획 (+원데이키트2ea),5,"5,643",복합성,진짜 무난하고 항상 집에 구비해두는 수분앰플이에요! 추천.,https://www.oliveyoung.co.kr/store/goods/getGoodsDetail.do?goodsNo=A000000231884&dispCatNo=100000100010014&trackingCd=Cat100000100010014_Small&t_page=카테고리관&t_click=에센스/세럼/앰플_전체__상품상세&t_number=19
[속건조필수템] 웰라쥬 리얼 히알루로닉 블루 100 앰플 100ml 기획 (+원데이키트2ea),5,"5,643",없음,특별한점은 크게없지만 기본에 충실한! 어디에 다사용할수있는 에센스♡(N년째 사용하면서 느낀점) -. ​제형: 워터리한 점성으로 피부 흡수 속도가 매우 빠름. -. 끈적임 지수(1~10) 중 1에 가까울 정도로 산뜻함. ​-.보습: 건성분들에게는 1회사용은 턱없이 부족! 2~3회 레이어링 필요! ​-. 유분기가 아예 없어서 이것만 바르고 끝내면 금방 다시 건조해짐. -. 무조건 크림사용은 필수!! -. 단 이게 매력♡ 어느단계에서도 사용가능하고 조절가능하고 어느제품이랑 사용해도 궁합이 잘맞음♡ ​-. 자극: 향료 냄새도 안 나고 눈가에 발라도 따가움 없음. -. 피부 뒤집어졌을 때 막 써도 안심되는 '순둥이' 템임. -. 펌프 토출구가 묽은 제형에 비해 넓어 양 조절 시 주의가 필요함. -.가성비도 좋은편이라서~~~ 꾸준히 사용중♡ -. 4계절 구비템♡,https://www.oliveyoung.co.kr/store/goods/getGoodsDetail.do?goodsNo=A000000231884&dispCatNo=100000100010014&trackingCd=Cat100000100010014_Small&t_page=카테고리관&t_click=에센스/세럼/앰플_전체__상품상세&t_number=19
[속건조필수템] 웰라쥬 리얼 히알루로닉 블루 100 앰플 100ml 기획 (+원데이키트2ea),3,"5,643",건성,웰라쥬 이거 아니야..당장 리뉴얼 전으로 돌려줘요 진짜 속상하네 ㅠ 웰라쥬 앰플만의 속보습력에 반해서 몇 통째 쓰다가 이것도 써보는 중인데 이전 버전이 훨씬 좋아요 쿠x에서 사서 쓰는 중인데 제발 리뉴얼 전으로 돌려줘요..아니면 그냥 발품 팔아서 다른 브랜드 제품 써야할 거 같아요 이건 진짜 아니에요,https://www.oliveyoung.co.kr/store/goods/getGoodsDetail.do?goodsNo=A000000231884&dispCatNo=100000100010014&trackingCd=Cat100000100010014_Small&t_page=카테고리관&t_click=에센스/세럼/앰플_전체__상품상세&t_number=19
[속건조필수템] 웰라쥬 리얼 히알루로닉 블루 100 앰플 100ml 기획 (+원데이키트2ea),5,"5,643",건성,"🔸구매후기 : 저의 인생템 중 또 하나인 웰라쥬 히알루로닉 앰플. 속건조의 여왕이라 불렸던 저에게 피부 좋아졌다는 말을 듣게 해준 템입니다. 이 제품은 10통 넘게 구입하고 사용하고 선물도 하고 한 아주 저에게 효자템이자 필수템이자 제일 만족스러운 앰플입니다. 다른 어떤 수분 앰플 써도 다시 웰라쥬로 쓸 수 밖에 없어요. 매우 물같은 제형으로 주루룩이지만 잘 펴서 흡수시키고 좀더 건조한 날에는 두번 도포해도 끈적임 없이 흡수가 됩니다. 저는 그래서 이 제품은 아낌없이 씁니다. 다른 걸로 체험 기회가 많아도 결국 이 제품이 제일 좋았어요. 잘 흡수되니 메이크업 방해도 되지 않아서 더더욱 좋았구요. 그래서 이 제품 세일할 때마다 쟁여놓고 정말 아낌없이 사용합니다. 그래야 제 맘이 편하더라구요. ^^ 물론 이 제품의 기능은 속건조를 잡는거니, 앰플만 쓰진 마시고 겉으로 수분날아가는 걸 막아주는 로션이나 크림정도는 같이 사용해주시길 권장합니다. 그냥 크림만 쓸 때랑 확실히 다르고 두 기능이 합을 이루는 게 가장 중요합니다.",https://www.oliveyoung.co.kr/store/goods/getGoodsDetail.do?goodsNo=A000000231884&dispCatNo=100000100010014&trackingCd=Cat100000100010014_Small&t_page=카테고리관&t_click=에센스/세럼/앰플_전체__상품상세&t_number=19
[속건조필수템] 웰라쥬 리얼 히알루로닉 블루 100 앰플 100ml 기획 (+원데이키트2ea),5,"5,643",없음,날씨가 점점 더워지면서 가벼운 제형의 세럼이 필요해서 구매했어요! 엄청 가벼운 제형이고 흐르는 물 보다 좀 더 제형감이 있는 정도! 화장전이나 토너처럼 사용해줘도 좋을듯요,https://www.oliveyoung.co.kr/store/goods/getGoodsDetail.do?goodsNo=A000000231884&dispCatNo=100000100010014&trackingCd=Cat100000100010014_Small&t_page=카테고리관&t_click=에센스/세럼/앰플_전체__상품상세&t_number=19
[속건조필수템] 웰라쥬 리얼 히알루로닉 블루 100 앰플 100ml 기획 (+원데이키트2ea),5,"5,643",복합성,자극도 없고 성분이 순해서 잘 사용하고 있는 웰라쥬 앰플입니다!,https://www.oliveyoung.co.kr/store/goods/getGoodsDetail.do?goodsNo=A000000231884&dispCatNo=100000100010014&trackingCd=Cat100000100010014_Small&t_page=카테고리관&t_click=에센스/세럼/앰플_전체__상품상세&t_number=19
[속건조필수템] 웰라쥬 리얼 히알루로닉 블루 100 앰플 100ml 기획 (+원데이키트2ea),5,"5,643",복합성,"히알루로닉이 주성분인 제품을 수분공급을 목적으로 사용하고 싶었는데 유명한 제품임에도 속건조가 느껴지거나 수분감보다는 답답한 유분보습막이 생기는 제품이 많았습니다. 웰라쥬도 똑같으면 다시는 히알루론산 제품 안 산다 생각하고 일단 시트팩부터 구매해서 사용해봤는데 결론적으로 수부지 분들은 다른 제품 구매해서 돈낭비하지 마시고 그냥 이거 구매하세요!! 가벼운 물보다 살짝 점도 있는 제형으로 그냥 주르륵 흐르는데 수분감을 정말 잘 채워줍니다. 유분감이 제로인 것은 아닌데 수분감이 80이상이고 유분감은 딱 수분감이 날아가지 않을 정도의 수부지 앰플에 아주 알맞는 정도입니다. 찬바람이 불 때부터 사용해서 솔직히 큰 기대 없었는데 생각보다 너무 만족스러워서 대용량 출시되자마자 구매했습니다. 수부지 기준 진짜 더랩바이블랑두, 토리든보다 만족스러웠습니다!",https://www.oliveyoung.co.kr/store/goods/getGoodsDetail.do?goodsNo=A000000231884&dispCatNo=100000100010014&trackingCd=Cat100000100010014_Small&t_page=카테고리관&t_click=에센스/세럼/앰플_전체__상품상세&t_number=19
[속건조필수템] 웰라쥬 리얼 히알루로닉 블루 100 앰플 100ml 기획 (+원데이키트2ea),5,"5,643",복합성,슬슬 더워지기 시작하면 생각나는 속건조 잡아주는 앰플이라 하나씩더 사둬요,https://www.oliveyoung.co.kr/store/goods/getGoodsDetail.do?goodsNo=A000000231884&dispCatNo=100000100010014&trackingCd=Cat100000100010014_Small&t_page=카테고리관&t_click=에센스/세럼/앰플_전체__상품상세&t_number=19
[속건조필수템] 웰라쥬 리얼 히알루로닉 블루 100 앰플 100ml 기획 (+원데이키트2ea),5,"5,643",없음,오직 수분 보충 기능만 있었으면 했는데 기능성 성분이 포함되어있어 조금 아쉬웠지만 생각보다 보습감이 좋아서 촉촉해요,https://www.oliveyoung.co.kr/store/goods/getGoodsDetail.do?goodsNo=A000000231884&dispCatNo=100000100010014&trackingCd=Cat100000100010014_Small&t_page=카테고리관&t_click=에센스/세럼/앰플_전체__상품상세&t_number=19
[속건조필수템] 웰라쥬 리얼 히알루로닉 블루 100 앰플 100ml 기획 (+원데이키트2ea),4,"5,643",없음,웰라쥬 리얼 히알루로닉 블루 앰플을 사용해보니 수분감도 좋고 흡수도 잘 되어서 추천합니다.,https://www.oliveyoung.co.kr/store/goods/getGoodsDetail.do?goodsNo=A000000231884&dispCatNo=100000100010014&trackingCd=Cat100000100010014_Small&t_page=카테고리관&t_click=에센스/세럼/앰플_전체__상품상세&t_number=19
[4월 올영픽] 바이오더마 하이드라비오 에센스로션 200ml 기획 (+스트레치 화장솜),4,"7,449",건성,"바이오더마 에센스로션을 퍼스트에센스처럼 사용하곤 했는데 안개분사 증정한다길래 오랜만에 샀었슨..! 처음에 교체할때 손톱으로 했다가 아파서ㅜ고무마개 가장자리에 칼 살짝 집어넣어 들어주면 손쉽게 빠짐...고무마개가 살짝 올라왔다고 손으로 뽑지말고 칼로 계속 쭉 올려서 빼야 내용물이 안흘립니당..! 제품 자체는 퍼스트에센스처럼 세안 후 바로 뿌려주기 딱 좋습니다, 흡수도 잘 되고 자극없이 잘 맞음ㅎ 근데 안개분사라더니 안개분사아님..집에 있는 안개분사 미스트랑 비교해보면 이건 그냥 미스트 분사력…보다 더 안좋은(?)ㅜ샤르륵이 아니고 촤르륵임ㅜ입자굵음ㅜ혼자 급발진하는 분사력,,,남자친구도 쓴다고 처음에 누르는데 너무 놀래더라구여…미리 말 못한 내가 다 미안ㅜ지금 적응해서 또 나보다 더 잘 쓰고있슨,,ㅎ",https://www.oliveyoung.co.kr/store/goods/getGoodsDetail.do?goodsNo=A000000251229&dispCatNo=100000100010014&trackingCd=Cat100000100010014_Small&t_page=카테고리관&t_click=에센스/세럼/앰플_전체__상품상세&t_number=20
[4월 올영픽] 바이오더마 하이드라비오 에센스로션 200ml 기획 (+스트레치 화장솜),5,"7,449",없음,✔️바이오더마 로션만 써보고 에센스 로션 유명하다고 들은 건 벌써 2년된 것 같은데 이번에 올영세일 할 때 구매했는데 아니 ㅁㅊ! 이 꿀템을 왜 이제서여 구매했는지 너무 만족하고 있어요! ✔️제가 수부지로 티존에먼 유분이 있고 속수분이 부족한 편이거든요 근데 이게 흡수력도 정말 빠르고 이거 쓰고 나서 피부 요철이 좀 잠잠해진 것 같아요! ✔️저는 큰 여드름은 잘 안 나고 좁쌀이 많이 나는 편인데 오? 좁쌀에 효과 있어요!! 지금 같은 계절에 사용하기도 좋고 한겨울에 사용하기는 좀 가벼운 것 같아요! 미스트처럼 사용하고 있고 화장 전에 뿌리기도 좋고 피부가 좐쫜해져서 만족스럽습다! 다 쓰면 재구매할 의사 10000% 있어요! 이거 쓰고 주변 지인들한테 더 추천하고 있습니다! 수분 100프로고 유분은 아예 없어요!,https://www.oliveyoung.co.kr/store/goods/getGoodsDetail.do?goodsNo=A000000251229&dispCatNo=100000100010014&trackingCd=Cat100000100010014_Small&t_page=카테고리관&t_click=에센스/세럼/앰플_전체__상품상세&t_number=20
[4월 올영픽] 바이오더마 하이드라비오 에센스로션 200ml 기획 (+스트레치 화장솜),5,"7,449",없음,유분기 없이 수분감만 채워줘요 처음엔 향이 조금 부담스러웠는데 막 엄청 싫은향은 아니에요 ! 엄청 좋습니다,https://www.oliveyoung.co.kr/store/goods/getGoodsDetail.do?goodsNo=A000000251229&dispCatNo=100000100010014&trackingCd=Cat100000100010014_Small&t_page=카테고리관&t_click=에센스/세럼/앰플_전체__상품상세&t_number=20
[4월 올영픽] 바이오더마 하이드라비오 에센스로션 200ml 기획 (+스트레치 화장솜),4,"7,449",없음,속건조에 매우 좋은 토너 입니당 여기저기서 추천을 많이하는 워낙 유명한 제품 양에비해 가격이 너무 비싸용 건성한테는 최고인데 수부지인 저에게는 모공을 막는 성분이 좀 있어서 사용은 안합니다 건성인 사람이 사용했을때는 엄청 좋다고 했습니다,https://www.oliveyoung.co.kr/store/goods/getGoodsDetail.do?goodsNo=A000000251229&dispCatNo=100000100010014&trackingCd=Cat100000100010014_Small&t_page=카테고리관&t_click=에센스/세럼/앰플_전체__상품상세&t_number=20
[4월 올영픽] 바이오더마 하이드라비오 에센스로션 200ml 기획 (+스트레치 화장솜),5,"7,449",지성,"개좋아요. 원플원 행사할 때 사서 2통 다 비웠고요, 지금 1통 더 구매해서 사용하고 있는데 다 써가네요. 제가 어마어마한 지성이라 저에게는 약간 끈적임은 있습니다. 그래도 수부지이기 때문에 그거 감안하고 사용하고 있어요. 화장이 잘 먹어서 화장 전에는 닦토로 사용하고 (제가 솜털이 있어서 화장 전에 눌러주는 용으로 닦토해요) 한 번 더 칙칙 뿌려줍니다. 쿠션 후 파우더 먹이기 전에 한 번 더 뿌려주고요. 건조하거나 저녁 세안 후에도 두세 번 토너용으로 뿌려줍니다. 단점 전혀 없어요.. 가격...? 그럼에도 구매하고 싶어요. 이벤트나 많이 했으면 좋겠어요. 정말 미스트 뚜껑 같이 주는 거 신의 한 수입니다.",https://www.oliveyoung.co.kr/store/goods/getGoodsDetail.do?goodsNo=A000000251229&dispCatNo=100000100010014&trackingCd=Cat100000100010014_Small&t_page=카테고리관&t_click=에센스/세럼/앰플_전체__상품상세&t_number=20
[4월 올영픽] 바이오더마 하이드라비오 에센스로션 200ml 기획 (+스트레치 화장솜),4,"7,449",없음,유명하길래 구매해봤어요!! 여름에 가볍게 뿌리기 좋아요 흡수가 한순간이어서 건조할 수 있어요 생각보다 많이 뿌려줘야 해요! 좁쌀 개선 효과는 모르겠어서.. 재구매는 안 할 거 같아요,https://www.oliveyoung.co.kr/store/goods/getGoodsDetail.do?goodsNo=A000000251229&dispCatNo=100000100010014&trackingCd=Cat100000100010014_Small&t_page=카테고리관&t_click=에센스/세럼/앰플_전체__상품상세&t_number=20
[4월 올영픽] 바이오더마 하이드라비오 에센스로션 200ml 기획 (+스트레치 화장솜),5,"7,449",복합성,너무 무겁지않고 가벼운 토너가 아니라서 괜찮게 쓰고 있는 제품입니다,https://www.oliveyoung.co.kr/store/goods/getGoodsDetail.do?goodsNo=A000000251229&dispCatNo=100000100010014&trackingCd=Cat100000100010014_Small&t_page=카테고리관&t_click=에센스/세럼/앰플_전체__상품상세&t_number=20
[4월 올영픽] 바이오더마 하이드라비오 에센스로션 200ml 기획 (+스트레치 화장솜),5,"7,449",복합성,애센스로션 가끔 사용하고 있는데 촉촉한 거 같아서 괜찮습니다,https://www.oliveyoung.co.kr/store/goods/getGoodsDetail.do?goodsNo=A000000251229&dispCatNo=100000100010014&trackingCd=Cat100000100010014_Small&t_page=카테고리관&t_click=에센스/세럼/앰플_전체__상품상세&t_number=20
[4월 올영픽] 바이오더마 하이드라비오 에센스로션 200ml 기획 (+스트레치 화장솜),5,"7,449",복합성,기획 제품이라서 같이 들어있는 거랑 사용하면 편리한 거 같아요 촉촉하게 씁니다,https://www.oliveyoung.co.kr/store/goods/getGoodsDetail.do?goodsNo=A000000251229&dispCatNo=100000100010014&trackingCd=Cat100000100010014_Small&t_page=카테고리관&t_click=에센스/세럼/앰플_전체__상품상세&t_number=20
[4월 올영픽] 바이오더마 하이드라비오 에센스로션 200ml 기획 (+스트레치 화장솜),5,"7,449",복합성,여러분 저 이 제품 리뷰에 계속 올라와서 뭐지? 싶으시겠지만 계속 사서 그런거니 수부지시면 꼭 구매해보세요. 📍수부지라면? ➡️스킨으로 ‘바이오더마 하이드라비오 에센스로션‘ 2~3겹 + 크림으로 ‘뉴라덤 더마 크림’ 강추. 📍수부지에 여드름성 피부라면? ➡️스킨으로 ‘바이오더마 하이드라비오 에센스로션‘ 1~2겹 + 세럼으로 ‘파티온 노스카나인 트러블 세럼‘ 1겹 + 크림으로 ‘뉴라덤 더마 크림’ 강추. 올리브영 근무중인 사람으로써 수많은 제품을 사용하고 정착한 조합입니다. 진심으로 추천드려요.,https://www.oliveyoung.co.kr/store/goods/getGoodsDetail.do?goodsNo=A000000251229&dispCatNo=100000100010014&trackingCd=Cat100000100010014_Small&t_page=카테고리관&t_click=에센스/세럼/앰플_전체__상품상세&t_number=20
[흔적미백] 넘버즈인 5번 글루타치온C 흔적 앰플 30ml+30ml 듀오기획,3,"17,547",없음,"미백에 글루타치온 성분이 좋다고 해서 올영에서 가장 반응이 좋은 이 제품을 골랐는데, 마침 더블기획 상품이 있어서 가족끼리 하나씩 써볼라고 구매했습니다. 근데.. 아아 이게 뭔가요 ㅠㅠ 박스에는 분명 스포이드병 두 개가 그려져 있는데, 내용물은 일반 돌려서 여는 뚜껑 두 병과 스포이드 한 개가 별도로 들어있네요. 피부가 예민해서 처음 써보는 제품이라 한 병씩 나눠 써볼랬다가 망했어요. 최소한 포장이랑 내용물 좀 일치시킵시다!!!",https://www.oliveyoung.co.kr/store/goods/getGoodsDetail.do?goodsNo=A000000189837&dispCatNo=100000100010014&trackingCd=Cat100000100010014_Small&t_page=카테고리관&t_click=에센스/세럼/앰플_전체__상품상세&t_number=21
[흔적미백] 넘버즈인 5번 글루타치온C 흔적 앰플 30ml+30ml 듀오기획,5,"17,547",건성,아니 왜 이제 샀나 싶네요 사고 며칠 안써서 미백이나 뭐 기타 등등은 모르겠구요 피부정리는 확실히 되요 홍조도 싹 가라앉았어요 안맞는분들도 계신듯 한데 안타깝네요 전 주사피부염 있어요 지금은 많이 좋아졌지만 홍조는 남아 있었거든요 지금 홍조 가라앉고 피부도 정리되서 좋습니다 전 잘맞아요 얼굴에 뭐 나는것도 없네요 강추합니다 가격대도 엄청 비싸지도 않구요 세일할때 노려서 쟁여놔야겠어요,https://www.oliveyoung.co.kr/store/goods/getGoodsDetail.do?goodsNo=A000000189837&dispCatNo=100000100010014&trackingCd=Cat100000100010014_Small&t_page=카테고리관&t_click=에센스/세럼/앰플_전체__상품상세&t_number=21
[흔적미백] 넘버즈인 5번 글루타치온C 흔적 앰플 30ml+30ml 듀오기획,5,"17,547",없음,"피부톤 정리 레전드!! 먹는 비타민도 먹어보고 바르는것도 다 해봤는데 통합 모든 제품들중 넘버즈인이 no.1이에요 자극없이 순해서 트러블 올라왔을 때 써도 덧나거나 그런거 아예 없어요 진심 타제품 유명한 해0씨, 코스알0스 다 써봤는데 코스는 너무너무 자극이 강하고 해0씨는 무난한데 넘버즈인이 더 좋다고 느꼈어요 일단 효과가 직빵이에요 여드름 생긴 흔적 정말 잘 없애주고 보습도 너무 잘 채워줘요 공병만 6개… 이젠 너무 좋다 말해서 광고 같군요..,, 도움이 되셨다면 좋아요 한 번씩 눌러주세요 세상에 모든 피부 고민 화이팅 .. 👏🏻",https://www.oliveyoung.co.kr/store/goods/getGoodsDetail.do?goodsNo=A000000189837&dispCatNo=100000100010014&trackingCd=Cat100000100010014_Small&t_page=카테고리관&t_click=에센스/세럼/앰플_전체__상품상세&t_number=21
[흔적미백] 넘버즈인 5번 글루타치온C 흔적 앰플 30ml+30ml 듀오기획,5,"17,547",없음,올리브영 세일할때 쿠폰사용해서 잘 사서 좋습니다 앰플 여러가지 쓰고있지만 넘버즈인도 좋네요,https://www.oliveyoung.co.kr/store/goods/getGoodsDetail.do?goodsNo=A000000189837&dispCatNo=100000100010014&trackingCd=Cat100000100010014_Small&t_page=카테고리관&t_click=에센스/세럼/앰플_전체__상품상세&t_number=21
[흔적미백] 넘버즈인 5번 글루타치온C 흔적 앰플 30ml+30ml 듀오기획,5,"17,547",건성,"한 달 정도 꾸준히 사용해보고 남기는 솔직 후기예요 :) 일단 이 제품은 트러블 자국이나 잡티 때문에 고민 있는 분들한테 진짜 잘 맞는 앰플이에요. 저도 붉은 흔적이랑 피부톤이 좀 칙칙한 편이라 사용하기 시작했는데, 꾸준히 바르니까 전체적으로 피부가 맑아진 느낌이 확실히 들었어요. 제형은 너무 묽지도, 무겁지도 않은 딱 적당한 앰플 타입이라 피부에 바르면 부드럽게 펴 발리면서 흡수가 빠른 편이에요. 끈적임이 심하지 않고 산뜻하게 마무리돼서 아침에도 부담 없이 쓰기 좋았어요. 실제로 흡수력 좋고 가벼운 텍스처라는 후기들도 많은 편이에요. 이 제품의 핵심은 역시 미백·톤 개선인데, 글루타치온 + 비타민C + 나이아신아마이드 같은 성분이 같이 들어가 있어서 잡티랑 피부톤을 같이 케어해주는 느낌이에요. 실제로 이런 항산화 조합이 색소침착이나 피부 밝기 개선에 도움을 주는 제품으로 알려져 있어요. 저는 특히 붉은 자국이 점점 옅어지는 게 체감됐고, 피부가 전체적으로 균일해져서 화장할 때 훨씬 잘 먹는 느낌이었어요. 보습감도 은근 괜찮은 편이라 속건조 없이 촉촉하게 유지되는 점도 만족스러웠고, 자극도 거의 없어서 데일리로 꾸준히 쓰기 좋았어요. 실제 리뷰에서도 “피부가 밝아진 느낌”, “순하고 흡수 잘 된다”는 반응이 많은 편이에요. 다만 완전 드라마틱하게 바로 하얘지는 느낌보다는, 꾸준히 써야 서서히 톤이 맑아지는 타입이라 인내심은 조금 필요한 제품이에요. 잡티·트러블 흔적 케어 피부톤 맑기 개선 가벼운 사용감 + 데일리 가능 이 세 가지는 확실히 잡아주는 앰플이라 “꾸준히 쓰면서 피부톤 개선하고 싶은 사람”한테 진짜 추천하고 싶어요 💛",https://www.oliveyoung.co.kr/store/goods/getGoodsDetail.do?goodsNo=A000000189837&dispCatNo=100000100010014&trackingCd=Cat100000100010014_Small&t_page=카테고리관&t_click=에센스/세럼/앰플_전체__상품상세&t_number=21
[흔적미백] 넘버즈인 5번 글루타치온C 흔적 앰플 30ml+30ml 듀오기획,5,"17,547",건성,"흔적 개선에 좋다해서 유튭보고 구매했어요. 일단 자극적이지 않은 것 같고, 저는 광대쪽, 나비존, 코 쪽에 주근깨가 많아서 그 부위들과 목에도 소량씩 꾸준히 발라주고 있어요. 꾸준히 쓰니 색소침착이 조금씩 개선되는 것 같아요. 계속 쓰려구영💕",https://www.oliveyoung.co.kr/store/goods/getGoodsDetail.do?goodsNo=A000000189837&dispCatNo=100000100010014&trackingCd=Cat100000100010014_Small&t_page=카테고리관&t_click=에센스/세럼/앰플_전체__상품상세&t_number=21
[흔적미백] 넘버즈인 5번 글루타치온C 흔적 앰플 30ml+30ml 듀오기획,5,"17,547",건성,4병째 쓰고 다시 재구매 했어요 무난하게 쓰기 좋아요 ㅎㅎ ♡,https://www.oliveyoung.co.kr/store/goods/getGoodsDetail.do?goodsNo=A000000189837&dispCatNo=100000100010014&trackingCd=Cat100000100010014_Small&t_page=카테고리관&t_click=에센스/세럼/앰플_전체__상품상세&t_number=21
[흔적미백] 넘버즈인 5번 글루타치온C 흔적 앰플 30ml+30ml 듀오기획,5,"17,547",복합성,예전에 썼던건데 다시 생각나서 할인하길래 재구매해봤어요~!,https://www.oliveyoung.co.kr/store/goods/getGoodsDetail.do?goodsNo=A000000189837&dispCatNo=100000100010014&trackingCd=Cat100000100010014_Small&t_page=카테고리관&t_click=에센스/세럼/앰플_전체__상품상세&t_number=21
[흔적미백] 넘버즈인 5번 글루타치온C 흔적 앰플 30ml+30ml 듀오기획,5,"17,547",지성,"*수부지, 23호피부, 트러블 흔적 많음 이거진짜 요물이에요!!! 성분도 좋고 미백효과 좋으면서 이렇게 순한 앰플 없습니다 ㅠㅠㅠ 자극도 없고 제형도 너무 무겁지 않아서 화장전에도 안 밀려요. 저는 아침에 순수 비타민c랑 같이 발라주는데 효과 지려요. 톤 맑아지고 안색이 좋아져요 트러블 흔적에도 효과 있고 이거 진짜 추천합니다...👍👍 안 쓸 이유가 없는 템",https://www.oliveyoung.co.kr/store/goods/getGoodsDetail.do?goodsNo=A000000189837&dispCatNo=100000100010014&trackingCd=Cat100000100010014_Small&t_page=카테고리관&t_click=에센스/세럼/앰플_전체__상품상세&t_number=21
[흔적미백] 넘버즈인 5번 글루타치온C 흔적 앰플 30ml+30ml 듀오기획,5,"17,547",건성,이런 피부 미백에 도움이 되는 아이템 정말 많이 써 봤는데 탑티어로 좋은 것 같아요. 자극이 없고 다음날 아침에 직각적으로 효과가 있어요. 다음에 재구매할 의사 완전 있습니다.,https://www.oliveyoung.co.kr/store/goods/getGoodsDetail.do?goodsNo=A000000189837&dispCatNo=100000100010014&trackingCd=Cat100000100010014_Small&t_page=카테고리관&t_click=에센스/세럼/앰플_전체__상품상세&t_number=21
아누아 TXA 나이아신 흔적 세럼 30ml,,"1,071",없음,리뷰 수집 실패: review_component_or_items_not_loaded,https://www.oliveyoung.co.kr/store/goods/getGoodsDetail.do?goodsNo=A000000208708&dispCatNo=100000100010014&trackingCd=Cat100000100010014_Small&t_page=카테고리관&t_click=에센스/세럼/앰플_전체__상품상세&t_number=22
[트러블1등/단독기획] 파티온 노스카나인 트러블 세럼 50ml 기획(+15ml+마스크 1매),,"81,969",없음,리뷰 수집 실패: review_component_or_items_not_loaded,https://www.oliveyoung.co.kr/store/goods/getGoodsDetail.do?goodsNo=A000000219717&dispCatNo=100000100010014&trackingCd=Cat100000100010014_Small&t_page=카테고리관&t_click=에센스/세럼/앰플_전체__상품상세&t_number=23
[1+1+역대급증정/4월올영픽/속보습세럼] 에스네이처 아쿠아 스쿠알란 세럼 50ml 리필기획(+50ml리필+하트거울),,"5,334",없음,리뷰 수집 실패: review_component_or_items_not_loaded,https://www.oliveyoung.co.kr/store/goods/getGoodsDetail.do?goodsNo=A000000250476&dispCatNo=100000100010014&trackingCd=Cat100000100010014_Small&t_page=카테고리관&t_click=에센스/세럼/앰플_전체__상품상세&t_number=24
